,label,x1,x2,x3,x4,x5,x6
0,398.0757394049036,1.1958928538156446,12.683497612005148,-11.212396417093935,-11.207199976136227,9.550963640800239,9.855294417455516
1,399.6425054797751,-0.036803589054794195,14.845902614557449,-17.43851753050322,-1.747693290235695,14.441525671401342,5.118462625656358
2,162.78699289214148,-0.7275725262090074,12.711224024837467,-12.113500131124129,-6.6520512591946614,-2.9432083935901314,3.2457398416331085
3,412.98253173051864,3.629228318317775,13.308641674011009,-6.470241778126346,-14.247539209606739,10.78033773404624,9.709694471200287
4,445.8128481333366,-1.9931569893529666,15.029425429573482,-9.930615405895615,-8.79665527971305,15.702093963039035,3.554331366754031
5,147.79994324879755,1.1551748761963259,14.075583659292414,-13.970955073788739,-6.71175179556643,-5.751658639259125,4.249164005551103
6,282.37496759106267,1.2513126130285688,12.029952429035944,-6.685551537436144,-6.372361555286417,10.33296491481744,-2.0812148249551043
7,359.0842338742839,-1.4368212991447988,14.191145218266758,-8.122211863381578,-0.13593097574605117,10.156026857590254,7.470226623567488
8,153.39847378125333,1.8943232568156452,12.078895095302393,-15.29854408847045,-13.286946102175877,-6.396323734280266,9.480315687402527
9,189.13784176629085,-0.4786724748400424,13.20352804630843,-15.088685762222624,-0.8705459642972802,2.593858259832027,-0.41432416444768094
10,455.0876742468892,0.1865913820173457,15.079555522490189,-4.179829952185004,-12.297756742320736,18.415538593456567,-0.005797432747820963
11,301.22736566067886,2.4044533157719346,15.812849881654174,-14.398953484363545,-2.5184046049073476,2.0446708077884157,8.84826105470402
12,22.725801326520838,-1.1087360221164397,12.439881076465968,-0.007666881231049416,-9.822940184746212,-14.309039577017776,4.641765158825294
13,30.95233871782657,-0.19751301826253442,12.619135251940381,-11.791693105144935,-7.673202149931289,-11.640850251642286,1.756894168289552
14,259.2895234485755,4.33189464396805,11.89378614908778,-10.110318486896745,-13.54805671268901,0.8482825090312005,11.319224948519688
15,390.1630372844451,-0.024370595400212025,11.917000879491278,-7.762534323647596,-13.229316912738131,12.800810266386504,3.0809720364815156
16,341.99213798799684,-1.4993489523436336,13.184179515103484,-9.144956626783102,-10.36136244940107,8.620300987608575,6.819921709037724
17,173.30781925324328,1.2277791994277365,12.143694860261855,-9.19436028660918,-9.909267570844495,-4.3773189887376365,8.594314980798783
18,448.84764862347953,3.7880448879008872,13.89488622287368,-4.457044475425139,-13.850841329567023,18.257481000471152,0.3827259649286123
19,212.78303561282476,3.439978686720157,13.207488513810562,-4.61524495274265,-2.4643871114942257,0.6009024309381896,6.5229722271421835
20,152.8498046328976,4.637693337964087,12.264407096577715,-7.018310856366963,-7.800048501932983,-0.9081550961807618,-0.24839179330936467
21,315.6894154860663,2.601554780377298,15.083557944806042,-1.6567678549272942,-10.850930194861775,1.6552144535328654,12.391673331712447
22,333.80372078614175,0.6608789804935631,12.72994444539779,-2.5294119959032075,-7.3022103146041815,11.29584667919452,0.291934573772922
23,18.174695776077222,1.1582677437267952,13.38333782580137,-5.077051912185746,-0.4064288159244356,-11.745166358586436,2.1802479452290395
24,215.42072155193955,2.1630909166088963,13.49276168247398,-17.442823797705696,-7.502588096143268,1.137068038702969,4.8212196891835335
25,149.83346616826896,5.110496560069685,13.773119329318455,-11.456461614351982,-11.309434077614455,-5.277343846817278,2.4013083482480706
26,523.3495145581969,-0.8932050054909126,12.745620408903749,-13.255341645603623,-9.144373528131847,19.13757021218815,9.470524452818687
27,315.4604536033267,3.4661120279906195,12.826013728753562,-14.208006566813774,-6.92430673787825,8.907613622496426,2.6695549533873493
28,195.97838871959004,4.058033530298008,15.501096446984285,-16.213404991699843,-13.62275953672708,-3.589219486212601,2.336772902478648
29,258.5257143001597,1.404085282677229,15.602258700804535,-10.082271891373807,-3.769231833928009,3.9391742259804854,3.008930670682748
30,496.0144994268268,4.078039364321879,12.259322444568488,0.7877133017342182,-11.583990429512639,19.959376147885337,3.16515304047879
31,453.28469625645687,4.573429361146365,13.102803261307823,-14.513861053778733,-3.12995594495834,17.684994581720183,9.740908160410125
32,198.0251177316134,5.061710473206955,13.521102183746287,-10.294146066577936,-4.341555271826504,-3.00819621471798,8.385763518002683
33,528.7380391461681,3.707930549449643,14.93699878551984,-0.22075786190310254,-5.706387373046187,17.6371705947385,11.765090531614184
34,-2.6947856194142963,-1.5506505405568065,13.528154122896725,-15.847090720685554,-4.443435647315036,-13.376721803570923,-0.01386611561983564
35,445.4842171733616,3.3559066184449255,15.193985193671722,1.082166608565359,-2.16145906022491,17.57995803213096,0.0740669888435086
36,259.1772081589693,1.7474807339219662,12.43374897065717,-10.569740232843372,-5.89889279463941,8.733274587841633,-2.8354336071745294
37,349.2175208560599,1.5137220278596795,14.346408194486637,-3.449138387843832,-12.9677180122165,8.572470938457878,-2.199949196406866
38,384.6920101141877,4.399237912255439,14.603246037082357,-14.039706316474055,-4.98304364297597,12.63959568351815,2.223810900337181
39,251.94574181059383,0.8003622677314901,15.71491230877768,-10.952602111174784,-8.650540627762803,0.995488687101421,1.8421337553606119
40,249.23404256639932,3.9006868564565185,15.691057348123278,-3.254963494622012,-10.560295085437968,-3.1195912367274232,12.078939281296442
41,136.77949422885794,3.5310244715846073,12.50458906228725,-0.7735751648928009,-4.831102385658625,-2.387662313469237,0.037231143438329894
42,356.21192481090713,1.0572677607990055,12.535911163848542,-14.623626284462139,-13.792485059973869,8.05093805529915,6.536763737826703
43,451.35994563952306,3.3326065520930284,13.165246282829912,-11.06213741433235,-3.2782427218176426,18.61935615675189,8.14146764471984
44,120.65472379498931,5.167647367258548,14.590500580416911,-13.098761679743827,-12.448623143598905,-10.31929926617507,6.868813913016307
45,453.2296510508244,2.3881063087745664,13.853208500183786,-12.512512606204567,-8.709892871422058,18.89172836485629,5.239327007282618
46,136.70702676288496,5.1955781706403785,13.492130537775935,-8.202005537957275,-13.194511986897473,-2.7571961010991632,-2.283117028068604
47,417.1742203273522,0.7672133988371197,15.622169842329292,-2.1558310601921034,-8.223884775690298,14.169875952278707,0.9129653872738022
48,156.03407566434706,3.1362857696826665,13.2882796569062,-0.5845698700680464,-8.487361065615227,-3.001358943292418,5.535101245039036
49,282.60948325015477,5.164132072342651,12.16641362573681,-10.793689732568582,-0.29912473386714744,13.100302407430997,-0.7934042420440619
50,379.9201588323688,2.9329654037189976,13.97903249240009,-11.315065703180771,-10.271450232158626,7.399794149153697,5.566718355235153
51,236.23570677959478,-2.0258174754221985,11.806735947690273,-10.479894650533835,-0.4745529253562477,4.584579896258349,2.3332652610152955
52,479.07246648596754,4.839584493131435,13.622766578153401,-14.390159988608326,-11.37083323336051,19.738248665384987,-1.35107873000144
53,460.42066059813595,1.2517376528985444,12.998060103614897,-0.8966892176575887,-6.63217154090236,16.581820012039323,6.519613901364228
54,96.34937936134622,2.5062607496667093,15.636178551799311,-9.077638452350794,-12.251725579525294,-9.06545707236075,-2.6586920766140523
55,44.654469831676714,0.550020024806936,14.134213732548726,-5.986116649016761,-7.227724071603524,-14.415275288092866,6.18790825819753
56,64.09798892679687,0.8707520478556301,11.960252684018506,-17.142841637460194,-13.597554028615246,-12.375660330207396,7.752907013516046
57,142.73669591440682,-0.0872686047932314,12.646176801489938,-3.759100553824938,-8.105133957901746,-8.301774722282861,11.190644960904596
58,50.90120603809827,-1.0151327611194052,12.472935237955424,-4.468022129255799,-5.131589218175542,-12.19597431590531,7.479607094257193
59,153.34490505605018,3.8580945503992403,15.707567491729325,0.6911182103117628,-11.521205221967215,-8.011960824357917,6.080668464593018
60,171.45597728727364,1.3254547423538199,12.370922664460993,-6.7686319083443856,-10.519648375376892,-4.734576186904025,7.947979391909119
61,219.6871192860178,-0.8719280287617854,15.787950384777329,-16.722234203987398,-12.328175239859256,-4.122644902411695,6.943695293619241
62,5.045982070155066,4.174026151949373,14.84788941758035,-9.348596525997234,-5.952133299089779,-13.740751626209375,-0.8087467328775144
63,443.0714520925143,5.22290724156284,12.837762882736367,-6.090238862897677,-7.870236145862077,19.285540669997282,3.9339552141695187
64,390.41602235524323,4.4321056131223155,14.196878743978758,-10.494736385488803,-2.3039758611870393,18.525049433997047,-2.636101961812731
65,433.08108457474833,0.14425266713590723,15.129744880172975,-15.396311898538627,-8.592842451075708,15.670087173945847,-1.4186831004312364
66,204.89089859629286,0.0632681506879118,15.785573278501078,-5.2050448407084495,-7.011602930535605,-6.552625533282868,10.5939419467193
67,366.8883025223838,-0.6625514315413756,14.988296783479337,-5.0953062185360745,-14.321869519229175,4.607884665804798,10.287833673845531
68,487.77662187092915,-1.794829089807008,13.023095096490072,-13.223898226982689,-12.929641259853868,18.38672777681584,6.732971521327228
69,313.8882606051915,0.5426159354406401,14.766176186954251,-10.852101072990223,-4.347897040472272,2.8734840081869546,11.883928716762489
70,64.232547832266,-2.045228452152969,14.10826441722448,-10.883919917979323,-8.090551520128482,-8.72018798680438,-2.550487277547404
71,544.1020803424232,1.7673835192172573,14.1849926643498,-16.147968836898194,-7.232612369835946,19.702911143009665,8.169023472004216
72,75.22840618966816,2.0195186186825516,12.055415081076173,-11.922825205145472,-5.4182305287819155,-11.628184710830652,10.88675753263249
73,72.57136933884547,0.17901006790303509,12.70315619668214,-15.760625755594038,-5.667536374918475,-12.940630848037136,12.48926349926071
74,189.60377060127846,-0.6343434855943375,14.024133869115047,-11.443443338103403,-0.984464926899097,-1.8279475572643662,6.675039165355702
75,75.77530504245182,1.2853200776829716,12.541692802924995,-16.33257472952417,-3.3221937254030056,-5.33537824124077,-1.9375738127893491
76,375.33580077341185,-0.17130756450620765,13.606808382662921,-5.8390880074133795,-12.63051418205925,6.856994216226921,7.190261774459225
77,37.29088957524419,3.5045841603086,12.3569716439016,-6.047822225778845,-6.983814160877904,-13.016623698275746,6.704233297443152
78,208.7752136836481,-2.3116224967813954,15.548464405825843,-13.487874278929189,-10.79268005631981,-5.738209405409947,9.516364045162605
79,341.92763742056866,-0.8721880576650545,12.973013482660845,-0.5240929442980262,-0.6538799844930967,11.248010257659308,2.7014788128682934
80,288.5845727120224,2.35783380594135,14.823838091331584,-1.628936538272197,-9.852494289639345,5.7065498151320195,-0.5005607188599086
81,100.15942579744926,-2.3237594446963517,13.593219362319577,-9.16076662958675,-11.055494865533195,-8.98228634285552,1.6460545492929928
82,370.492946365238,0.38068912300120683,15.0862722398937,-11.035600353665536,-12.503439195607834,8.964864484702995,9.185860297956859
83,66.3699889750183,-1.092268263152956,13.020614085239373,-13.206316444025028,-1.9421377687303867,-12.204472666482747,10.691818260409127
84,181.5780930334626,-2.111543567594767,13.882959794723122,-1.940671021081891,-2.3162107398492626,-2.1810753600388004,4.98767796119538
85,118.27130448151082,1.7788740918914345,13.883337489285626,-11.432872330496563,-4.602086874711727,-6.031673590370728,4.396460421420828
86,250.4290918106508,5.153764110564442,12.102149609360307,-2.5270838675219105,-6.90123733439538,2.7842010779722397,9.158156833732342
87,529.6491583077626,2.4688989909395977,13.371409993067546,-1.0896179344054682,-6.975108233208693,20.467056007537643,12.28900941289483
88,398.28792757216286,0.8019630953112546,14.445857765191178,-11.73706007415794,-1.0896101882286349,16.332859945551895,-0.3187256007087438
89,253.3519668293686,-2.288500174638928,14.579699911737325,-7.9132048306758005,-2.0194917107457897,7.1898024122064985,-1.8230498349648574
90,199.4949531969953,-2.045644720305619,14.398868135733125,-5.793690024370509,-6.628436609608439,-0.6497140863674744,2.6395289862125573
91,447.8477483489447,4.2405781124834885,15.322292338088019,-5.408635479616416,-12.165806120899251,12.605290938287384,8.056808170974378
92,487.01771538409025,-0.8388315082692497,13.493577748140822,-16.970685931960855,-14.140635915134787,14.126143211046292,11.60205124025241
93,383.98781897055693,2.242085189180649,14.184467419160045,-8.225568720039838,-0.31240225218392403,12.915276116466307,11.186316152128333
94,180.96211383084344,3.2833638867870985,13.210429012760715,-0.30650351236183115,-7.009310305840365,-1.5728887380357808,3.906929940304936
95,-13.56652049690851,2.3266974006321224,12.271791426080718,-12.74632465816004,-0.12584292440114808,-13.287412798453548,3.1955098287570873
96,365.0286889824647,1.6317334254319662,12.028127385468546,-6.094960311126581,-5.052659032274118,9.483616558148002,8.721581625099125
97,442.4030203677967,-0.347248949288244,13.35900122105944,-6.633936842906144,-11.337742247132475,16.050206923253448,2.066333241569943
98,92.88414749166711,5.090780337752686,13.68114620466265,-14.966173572433622,-1.8265740571760603,-7.349158250340307,4.820854403709241
99,411.3313848851509,5.108777745586139,14.037997583748144,0.33674514632833397,-10.954750990327073,17.249780451329364,-3.258901198339071
100,153.0119257509281,1.340359644589614,14.870438578147208,-13.857073488267364,-4.987999179259921,-1.8792984084123638,-2.5784579600507165
101,82.91128569893162,1.5489397837814889,15.372044145996902,0.8377376746047369,-6.446820118361889,-14.508244022508897,10.966404534024033
102,472.35316080969943,0.41688034800285223,14.285774313766964,-6.711754070541656,-1.9836141998439167,16.817086599641698,7.849292965100621
103,140.18840383289947,0.5935385694641289,13.025172471136752,-2.3434891141143948,-0.46170605084553706,-3.429415999086343,4.757585050951943
104,333.7705161743153,-1.4991432535245055,12.32926433919926,-14.372293706313462,-3.716270029234808,10.426699447184985,4.678439704121805
105,370.56205963040037,1.9707663148377192,12.710951153044025,-16.309334598350013,-0.454723192652315,14.317291284183929,-0.6915945704098654
106,282.62602048350544,-1.66745934648376,13.831299708993651,-6.099969728227571,-7.57849155650901,-0.21814069379231427,11.18223125870372
107,289.4298132021007,3.8382044006817813,14.234102555400478,-14.535353743218765,-0.1952409572334961,8.395059105531319,3.8957647586861768
108,434.55445122370134,1.580709586899728,14.294509064175704,-14.43190839113684,-1.1466692987546914,14.615388535072155,10.573637142062864
109,402.69321377857926,4.66514853054496,13.220142153425178,-13.354692478843821,-10.865177517787048,19.18869655010976,-2.701501347908845
110,375.37693634675986,1.9909119848821937,12.23578630595552,-14.514948700681202,-2.8974079502776284,11.712588613241843,10.349515674051943
111,158.23696779033963,3.7748189745996794,12.72019926293862,-6.237436357302031,-14.35695026115038,-7.102803910903444,7.385533073577198
112,387.4419631439003,3.499675879809015,15.377227336022727,-11.784084508547764,-2.6734382129234344,9.143274072585077,6.764357949172866
113,292.9372405172992,0.8452886930694561,14.302130849337402,-7.577926063545407,-14.082346285584345,1.115048323889857,12.296743477412997
114,389.8844656215268,1.4546346416524156,15.765156971072404,-3.458458375166776,-7.184381428906658,9.476135993326759,10.566283791434426
115,179.61099371678907,2.696542382402979,12.463951582456206,0.4349343071511991,-5.309497548069702,-2.3159541631044416,7.259085968213754
116,384.09932402170324,-1.1985898364365584,13.740872494598204,-1.6140333388889432,-1.8771013324637913,10.322875994863635,6.962025431971499
117,384.66295251021927,1.8238506927211597,12.077214900920438,-3.151989118546023,-0.030849328915540042,14.89981056587805,5.7744955491451115
118,60.30691625559849,-0.4976693664741809,13.01244870601382,-5.683574817779766,-9.70591798973836,-11.485587973757674,3.574675327817582
119,364.0889807281736,2.082143454998705,13.523106323610737,-14.99750837690842,-10.998264239091776,9.008557771835976,4.549587845296194
120,152.15785309744874,2.8025760205774115,13.722676049298755,-7.351728231779521,-10.244326085204118,-7.816361768184087,10.104775291271185
121,294.89294584776,4.29598385986504,15.02472852066455,-13.03688389379329,-6.791116704647486,3.835605452397443,5.3708906274424235
122,309.1583576160682,1.3651285433086793,14.871534800302484,-2.4483086997401973,-12.290018617402588,3.1736015151096755,8.431875791824368
123,477.5697695315284,2.364652621395448,15.679504299949174,0.3461471431895701,-4.585924782259887,17.250010306453326,6.432258254127462
124,77.35743608620467,2.8559586990001713,13.58191699928859,-16.103638432908696,-3.7983935886564986,-6.995858516214859,-0.12998386481183388
125,446.63956748075884,1.5285395072088184,13.024397425695701,-11.335489990100179,-13.136572232472354,17.985674649404295,1.124751224429767
126,173.10208209209736,-1.3363362992360024,14.954628721389387,-16.03593138303999,-10.18710474343741,-4.293439631925711,2.5726342003314375
127,62.95715456256042,0.49457873227488225,15.43789701708587,-9.576771482389136,-4.118797061214849,-10.42996147108593,0.8914472466004284
128,312.49254966002115,1.029138795097606,15.563585157531708,-9.027264539085522,-3.7285641867959,9.513178424507492,-2.8564335714105855
129,469.3190775487021,3.0759309297753252,15.444141293684192,-16.439669198671282,-13.747582745947646,19.7290400060621,-2.2882233082818004
130,28.754915398508977,2.671347452248739,12.912819305955715,-14.336987666814041,-2.56498605094807,-14.053483344430202,9.666378264957444
131,70.29352134856268,3.0677818688708296,12.122153676735845,-14.365239328812667,-8.47216429385973,-7.33009604670631,1.658450375311208
132,295.5730701410243,4.710289014619921,13.748175106687066,-10.159957620383826,-3.4097292857388606,10.757559059389452,1.2261729659752287
133,265.3824321905487,2.495063964104808,15.818597136785197,-3.3698910452742386,-1.077622673339393,1.5874423421279342,8.30272919053438
134,3.860379184035997,-0.27968243472067567,11.899034941835453,-7.849992101395468,-1.7048685970579367,-9.915918741739638,-1.9828025573210848
135,265.1868502830013,4.085984312964567,11.809059411822357,-3.3857547836273945,-6.056087239013014,3.5257637678399956,7.9298575568335625
136,100.76406774621462,1.4864942421742526,12.910637340412812,-7.637763304319213,-4.094287520334893,-8.465470350447042,7.218341467322141
137,471.74259049734303,5.038888327312723,12.133931174103965,-8.131121329660186,-11.418961077234636,15.226613423443288,9.15564979403004
138,52.14761125211933,-1.463373485908602,13.967573236395413,-7.0684049752669385,-2.852111025474466,-8.262595115388962,-3.264439711321744
139,180.21377151409519,3.95540952750597,15.810780936146632,-17.17345196177766,-13.856706443363395,-6.968183992190398,6.957930337304679
140,262.0409153638507,-0.5939236816213471,13.19287315488409,-11.847870893014981,-2.3892132873176593,5.093476952169061,-0.20268302031101726
141,305.8162090611049,1.4023845702583215,11.906375189627552,0.6419709431552566,-11.724698989221586,7.857880188649554,1.8523313380715614
142,360.74732938876906,3.9500909630680408,12.790715281418482,-9.737335433042466,-2.3253281322072628,10.493778770520143,11.763287944466722
143,423.3634510464764,3.623246469606788,14.480957456888124,-5.171878159474482,-12.638139529173934,12.082360338954294,8.15682303376452
144,177.95427132424226,2.6724296943724704,14.894486891916422,-12.6050602499787,-1.216365991391445,-4.4124368964555,9.369733245284396
145,423.4341590970611,3.8403938142244676,14.320434849150262,-9.286887323618677,-5.453269140816635,14.502018403168835,6.171722172458542
146,13.367812210780135,-1.0886381607416356,14.870731620757276,-0.029085976073915276,-12.177343420236157,-14.427054322154188,-2.874152732911094
147,259.6317440060779,-2.356828918852236,13.74906708950948,-17.59988392534713,-14.278903625054527,0.0052150067589824545,9.207831612070326
148,257.69098532607336,2.459311020865027,13.553585340949331,-5.913120818121511,-4.891184391715692,6.012168569920272,0.07233899053074211
149,216.54702656026598,4.033438520518585,14.52139871416139,-15.20313404682527,-12.027995986048786,-3.298775567791699,6.127466401010166
150,145.86116043936616,2.8711646488836995,14.151419797986492,-1.8670804918707558,-1.7544272439635051,-7.7061765167036045,11.074581834010424
151,203.16439375572023,2.6710968770540218,13.974878986906235,-7.519520902305381,-10.957018873725604,-2.337222111231462,2.0436028004000395
152,170.6132888754709,4.880328592972113,13.8188044212513,-8.634944385927092,-3.160369255156853,-5.916956111926407,12.339898188864792
153,437.7969991215372,-1.3086063368445222,14.82950377771628,-16.999255367589306,-7.857006278727941,14.251323545463931,5.524580303337657
154,212.552748541796,2.1596759052998378,13.301102264228403,-1.4226088860572195,-0.1658512679252624,-0.5122036690973761,8.914779112945311
155,16.547187194197715,3.3366692099139215,12.835716730122714,-16.228258921126724,-2.6696698483333723,-12.38651337099174,4.195611047287311
156,461.7016017881691,-1.5466447953466664,11.94752841550958,-16.087517358829174,-7.51078870730618,17.614216826835623,5.8207548595131575
157,283.5055242212805,4.371553639757552,11.897839296175166,-8.312011643631159,-10.357820951292812,5.166674207869756,1.414960263211805
158,85.710675091478,-1.324897255328887,15.678986556030654,-15.794906097798677,-4.337348058882871,-8.240941223620325,0.4234753564337268
159,417.7054432290506,5.139762505027968,12.658481850613814,-1.9360348971848258,-11.368978179128915,14.581772434440888,5.341919369267571
160,349.2354697813954,4.690703432786885,14.823550393937362,-2.802579782709998,-3.798917811619946,11.367691515147593,3.9751452909590554
161,460.962709445115,2.4589971739769725,13.064440354642402,-10.252733092399211,-3.0990515266918184,14.328087986250635,11.574544123001276
162,136.9275907419255,4.3407340745368,12.22322511806055,-17.678461871037452,-9.529274373864062,-6.891627369894309,9.876838362762557
163,-1.0193879533273567,-1.5552886930453989,12.678347543035784,-14.892530240215237,-4.687336606857858,-11.81568314028257,-1.7130280335126695
164,521.0383813991272,-0.6876780972284058,14.968178489817776,0.44570506791342646,-13.744022212568744,15.00173937324199,11.79626730137474
165,379.2526863170686,1.6622418823308522,14.907235630444791,-2.333959160816651,-8.741364250232717,11.25546388812103,2.1406694936677564
166,183.264904796719,-1.4040736046391018,14.04788385818467,-11.886262828105972,-6.403130175818656,0.18910919258702918,-1.4181103764526082
167,144.19343931463345,3.4299515862162746,14.089228635332963,-11.58634037616528,-3.03352446744295,-6.042503748780648,7.662398121645526
168,115.14437136589363,2.2715446229655516,15.276871017352486,0.39901990037925505,-0.3709261448480152,-9.232567850917397,8.492602243439253
169,204.7525008767737,-1.680172432798913,14.639606521365597,-10.408608274165513,-0.7992215267852778,-2.1536780400520747,10.37373160048015
170,-14.598988150531369,-0.7445348271801171,12.614902237351838,-15.076438489144596,-8.914839019576057,-13.578770262244962,-2.137062697894386
171,159.73512027967058,-1.5988159414741068,12.522045990331133,-13.493936114697558,-5.521059663321822,-0.43941337286579873,2.832529302674285
172,163.34554355907315,3.220854968622933,12.93556697398556,-6.5348471708530695,-8.630210060974639,-0.3749181409661908,-2.8498730561200745
173,50.119073345828326,-0.9380622843815667,12.784383210853973,-6.85085529363708,-1.0182765937926348,-7.881064155852953,-0.6668087230743396
174,135.46022254743716,4.845552545250442,14.8729840059074,-2.3747600093419385,-10.032995202000635,-11.042040836129722,11.559736077770001
175,109.84443958430134,0.12692113447961617,15.206746567697664,-12.795563537997802,-3.931945935559158,-8.963404025126009,4.789348313803371
176,188.7279398544545,-1.522609682755185,13.605374776054218,-2.3225529751251845,-5.896492466944391,-1.0166170947615125,3.4661776335472236
177,211.39002610167887,4.01654822485439,14.067403128693106,-11.469459305031673,-1.0854952474569544,-2.4779042054395397,12.151733062602078
178,435.58866170276013,2.1435478583257352,12.72376360120808,-5.23918145439178,-4.4611801159316595,16.068335134264466,11.02472208727392
179,65.60593787052856,1.0843304543858734,12.61561563975594,-6.658032717738906,-11.337181619299034,-9.268035145435839,-0.036734297974341246
180,413.8261922074412,5.099322094981115,15.673527448396278,-1.9756840140808536,-13.898548804828902,9.961504032978342,7.166828262461742
181,193.9944979792218,0.6364544369987453,12.962614398307705,-15.427194366352161,-7.911146390059053,1.1891698272502929,-0.8370965880492385
182,68.3963020176874,3.869635726348858,12.122943768604335,-8.857656202273528,-1.5564094494822989,-6.052737525116969,0.7617214506656644
183,364.054988309678,1.0188877598223467,15.762370305036157,-11.478137488336138,-5.43462250685732,6.936024300179545,8.229014406250823
184,265.8939052360563,0.9434167333985002,15.62910670907228,-1.577719960586836,-12.917203553457078,2.5480807620907218,-2.000538938972893
185,201.58047429902592,0.8850469679442696,14.96732822030316,-12.30305936972527,-2.3972488498533284,2.486205496218604,-2.200748684960363
186,358.6009785484208,-0.4803555269019997,14.341666497596522,-3.863987419656997,-2.2988452337561576,9.499618714059997,10.788077069376744
187,496.84396915190405,3.1857927689378345,14.022018348657365,-10.385461124215693,-2.8208013652874744,19.52259649648923,9.029412698817719
188,48.91922113496554,2.3359503269938204,13.69209082644514,1.0975987318151554,-4.244238191199466,-13.582176340778013,7.809920666450148
189,475.72702724214986,2.755252836090341,14.863860509823667,-4.293822981478462,-13.011456854647383,15.359666378828647,4.5359184615775545
190,102.75128500742561,-1.9459656822133908,12.112663427311038,-7.015451617200956,-8.108589709257213,-9.009602107261589,8.82058815776334
191,415.30120304672647,4.502064507711839,12.240895989382258,-11.822763094849357,-8.537144804209138,13.15261812538054,8.685319649490978
192,31.36734040129362,2.673433992516778,15.405298773105756,-10.11269574772632,-6.038841512455958,-12.529108459021003,-0.8945589265798777
193,265.98936409529847,3.064157260354535,13.85691387331347,-7.02794296054484,-4.34810885081076,6.64534362418477,1.302598719025367
194,202.4579704354008,1.389465427041976,13.492760117780813,-15.277944499088115,-2.902832837725162,-0.7834916408363899,6.3366127726452754
195,385.20225001134463,1.0563531474876378,14.992794776959284,-6.990861009650244,-1.2291464631905917,15.850987088314666,3.302622095041137
196,313.20338402936,-0.29679449113216894,14.46544320807324,-6.118523494542962,-12.173988723817867,9.077552612085961,-1.8567737083092695
197,419.7689174379285,2.569511374823365,15.423101539645806,-16.824148558819562,-5.074910346747577,12.590108237782959,9.717146016654077
198,85.23035857827492,1.0063726163385525,12.935875263908363,-1.3084510531177314,-10.47762474468881,-11.144789045948631,6.697321127590057
199,417.6958593911808,3.5536140361502895,12.551282325332235,-0.004675240081950527,-8.819463811841377,15.375101231629168,8.016310108288527
200,458.5728723478542,4.730749262919604,12.05400605737221,-9.609555059476541,-1.6482500553141293,18.50965191320303,7.779160821651912
201,324.36406433990925,4.925055895233637,15.348539861854645,-14.594075457505655,-5.211208327398502,6.5819211849368084,5.317644457045859
202,251.12302372959746,1.5391628739453034,13.824542226330259,-14.793045628763231,-10.058383811292426,3.6875572108829484,-0.15364213143538308
203,203.99606804777764,0.7497688435629497,12.3321811091194,-15.10240255443929,-9.06608924782895,3.4470127648528806,-1.7905646286373802
204,475.328601073777,1.824919974972488,13.727005928344724,0.7191362235638019,-11.32854851390251,16.671594566082838,5.207124448206957
205,405.9683899664923,4.338844655403286,14.766256611997289,-6.042449770877482,-12.617243428452298,9.719292697237387,11.233815563935202
206,336.76515533562,-1.6037094904132179,12.499293389890596,-14.582341769593674,-12.698230114345613,5.574672028437709,9.090982156370636
207,218.5814959659161,4.9508338194210015,12.247005825652968,-16.30940811709469,-12.764664411613552,-1.7020290657005006,8.157446737358223
208,-3.478548254078054,-1.920919388618973,13.589250913866758,-3.107367853939908,-5.4347855896814,-12.817698609594881,-2.7606798546295366
209,70.37697648250463,1.4998441528907356,14.566641045821365,-9.146996122696427,-9.667118835256684,-14.526436031790153,8.449966586089598
210,313.27082664645746,-1.8228819542950596,14.830811375973106,-14.437103516362157,-3.740471644479662,8.359208810362512,-1.8567578492613368
211,488.8501678061117,-1.2415827329709606,14.642484510915006,-14.667946227202439,-11.962564869983552,19.255490103310905,0.8328167057691385
212,249.51000467430757,-0.743981104194015,14.773010736812243,-0.6678510967358091,-3.4795109971902285,3.7628471936791126,-1.5765582206351976
213,377.528540958063,-1.217228299970504,14.44081707343343,-12.950276601264845,-12.806988699512967,13.862413435473782,-2.5579819667566763
214,36.87796746834272,-0.41388210997669006,12.194229359033265,-6.265900419033716,-10.35181379740075,-12.660197355422822,3.749458528876346
215,385.1731174945433,-1.3376691108571768,15.495873710326276,-10.79801696764471,-7.738360071368875,14.14611658202712,1.5537736612019994
216,423.60012904053076,-0.12756875645507826,12.212839158342458,-0.29252542764163647,-10.67900661650415,14.931283922065505,5.915776407149668
217,175.9597868778938,3.520050033911236,15.244411102942347,-6.705193007815231,-1.7368550519391377,-2.772277527905734,4.418014977010131
218,72.4420536937813,3.9769796305477687,14.338841996605675,-11.091789779389787,-6.067058491279429,-8.451878096891157,-0.5337206011025533
219,78.36230147656786,1.1735782984306207,13.049123937886852,-8.436617749110107,-6.0271782881163265,-8.489342049310773,2.7092550033943077
220,77.92140379240111,-1.157827913522758,12.60128968840153,-4.266693123124964,-4.388554141177652,-11.24808886026077,8.816512390089633
221,515.9005386652871,2.4927931493347,15.140851733389777,0.47790899164939604,-1.3374944764823855,17.494341729858498,10.168663732824761
222,371.30909356131144,0.9765977336879921,13.228734834789877,0.8551020295897069,-10.324768700037339,6.5164129723136615,11.115212386461224
223,140.3818331472343,1.5177096455437424,14.915254858059617,-4.588980494689966,-7.58450638236847,-3.9421484971813783,-3.3194279387752434
224,368.5989134006762,0.229265151631993,14.83724334533324,-12.161635968867492,-0.09640855325349129,14.36137181663692,-1.8616039964821738
225,353.8737230279041,2.3942264161078533,15.262060076004671,-12.94133080625849,-3.7853588715089597,8.241869045310542,9.814105943191185
226,111.36476768091156,-1.2368923021639455,14.973304479284376,0.4934651389699014,-0.03596302277679797,-10.063019301778057,8.506640621513828
227,164.16004533210864,2.5109134031612323,15.211424614219437,-11.035459036551266,-12.401573360737268,-8.338924507656447,7.967742286914353
228,34.57722552904008,2.4464391904083023,12.549515367295545,-16.091743003081756,-1.6790933403366157,-13.680774578683568,11.439414164709328
229,135.508211633339,1.1674411624449785,15.74479629886384,-17.193181687353654,-1.0970863108123812,-3.511785555589679,0.18616124807168966
230,224.1842148696807,5.058706889971055,13.983659072609964,-3.1936369552770785,-1.3825318863329894,1.0429933945130863,5.580657676075756
231,224.0673517463905,4.449558599168067,13.290017451372023,-16.998049623229928,-9.466278587562446,3.023789100661661,1.1727174819642716
232,234.1522817096471,3.3888460923523445,14.60317392718562,-3.2710896526515096,-3.890410152345787,2.6971467934642117,1.0836699674767747
233,153.07845528816674,-1.7314494281970525,15.22821605246832,-11.606486118085266,-8.637983089915224,-6.5054784450062595,3.5161202298137493
234,-25.01758723811981,4.483035175451519,13.758236998682206,-2.534636470389353,-2.882600526737148,-14.019243449580111,-1.17324262717527
235,59.55542652315596,-0.15796462087288887,15.665655683570932,-8.318719929495854,-6.782648720669106,-10.158222602555181,-2.805701851928637
236,43.373580949186966,-0.3178936320661174,12.600220797255393,-16.501239956934647,-12.155022383120548,-9.902099112830463,-2.9002771043188957
237,331.4963327505415,-2.196853358548112,12.039386278604074,-11.277526092486209,-10.30704021509138,8.77101274855091,2.4292783853464304
238,256.02686519070824,-0.9338254253174769,13.006907526215809,-13.251223847917508,-3.386906757573321,4.224002047096681,4.2417188364868075
239,2.300458796058238,1.2926601793115364,15.637636257293495,-6.561988598550424,-4.568856798477023,-14.100190473559204,-1.9211366262339116
240,227.51939972220262,0.7212495216951202,12.290404172797722,1.0618676165433971,-5.795082108669025,-0.9496167394821011,10.802445166913838
241,291.10298489259947,-0.38452662592374853,12.692033035433015,-14.99310141095252,-5.481484898017744,5.441615441869308,6.665692089501877
242,460.08464292497774,4.244145926637566,14.807343261672933,-8.319505513313635,-6.400688478467422,19.665174955448293,3.6586781469083665
243,267.26483742594866,2.1232448633257555,12.758515991516624,-14.155984106307653,-11.205190315253507,2.428266996471793,5.552649936306823
244,315.23858155331914,3.458567861037163,11.890679936528043,-16.55362344908293,-5.454199749463175,11.469902964797834,1.3615097282247852
245,502.77962463690494,1.4259149121400445,14.248760336690076,-13.37035099310247,-13.006664161055339,16.834988846681007,10.179327934084577
246,385.0818316609267,1.26488483778816,14.950883613433426,-10.352464799323815,-2.146995419929878,16.57386955418177,-3.119938979295817
247,461.02059471852834,-0.453078764591643,12.820176947847836,-13.602826776300025,-14.18324506840702,13.626635871960845,9.789674918093194
248,211.41957645303398,4.993646557649676,14.415076059802479,-12.22241403380762,-11.63122149671434,1.7199672523478693,-2.350163910708247
249,169.36569161768688,-0.22735117960169582,15.427737921217542,-9.642681767364277,-12.38678975418477,-3.378004003202225,-2.715529821455741
250,293.525361716698,2.2923963634057034,14.734343639881049,-7.030935688746007,-0.1922499941159419,4.311556578771915,9.295695289033796
251,125.73491520681567,4.0259033433002145,14.55428648900474,-16.01857124502573,-7.1804813847188145,-6.037359436334668,2.5258473511089186
252,149.40687924186128,-0.6624306759851564,14.729600716438096,-6.694953674668011,-6.024663315672045,-3.601839338566741,0.8546394729140445
253,465.4124941127335,1.1545932270070551,13.715365692287861,-9.86207919401344,-1.4058637651340344,15.948508576987551,11.228974690876544
254,89.5217100543272,-1.106786384150066,13.679247170815366,-0.9821590253892021,-13.066502681468812,-12.301765042547501,7.159699106254846
255,48.2221992388383,1.7133670486845909,14.309264199144023,-15.70289646190837,-11.987562855032845,-12.261454040376435,0.8289106441021499
256,284.09383085579475,-0.5015329975029577,14.240453613029658,-2.020755759373387,-3.4201004126620713,5.938834824671952,3.849672956138228
257,199.1666713365769,4.9878253407321305,14.013266762606275,-16.404011508139522,-1.4657307707434502,2.6963793577995485,0.5314644540098659
258,103.97926707382123,0.5662561662337344,13.761008292204862,-5.57159678487889,-10.710651653844566,-8.83605415705864,5.107404702955254
259,240.824536165971,-1.5001225219096872,12.129229294603428,-4.711463200398783,-3.932888863558997,7.515264574802499,-0.207525508662334
260,359.47970098714785,4.829308128058126,14.844367327155902,-7.776784762013863,-1.3936145443046328,13.210825248608723,2.92160989829876
261,382.5889046011392,0.42382749614468906,13.68524589929173,-10.461919152990648,-4.232016555463348,20.497904203683767,-2.848136871502575
262,365.2501739604902,3.700360350871034,14.399677054511532,-12.452347471026759,-9.576454653429055,14.740160771555752,-2.1473387750678157
263,142.6176799655066,4.912261763302773,12.819341606388697,-0.7036960319589136,-2.889456517302108,-7.471123963795376,12.183393146439949
264,448.8347268951785,0.6661640201688757,14.2773703928077,0.3894756154593719,-0.2627279605238346,17.8040088493886,6.3087376142853
265,55.19177486613161,3.3023456195546155,12.436662657579111,-15.952944495825598,-12.71604091229977,-11.112629459000923,2.187749097388684
266,155.2450785707783,0.05852773506244713,13.788545283441557,-9.030992971243023,-10.523528983354932,-3.3741330934909826,-2.415408657363237
267,197.01875799315414,0.5766731821348685,12.471576638391253,-13.378243038902482,-2.6174315577235614,4.051322600972918,-0.5670167329117319
268,212.45986858484684,3.405911602062999,13.87263612620354,-7.758962461241156,-5.083106688324801,3.1251661709000604,-2.8060431164333473
269,31.33569639158435,4.206059997277109,12.370157864128881,-6.293421435409045,-2.614631944128776,-10.679217822654493,3.666792536457228
270,458.4183015085258,4.034889076858313,13.571078877030656,-16.52670378725207,-3.5680173088222062,17.85454834580608,5.735953802405465
271,404.9660007746494,5.223423271904336,11.805780587615342,-15.235475394447299,-6.6578634460486805,11.385779356926585,10.337048874799798
272,133.00840772472546,-0.5560718550147445,12.391029643581813,-14.75690131952188,-3.310786114485575,-1.2143068355872177,0.26480652113646563
273,254.65237589391722,-1.5458023979244473,12.049031285798211,-6.4807314217707805,-6.714295522315064,6.4799217992557825,-2.629442401827026
274,323.0423708371967,3.532697291121952,14.13875520324008,-11.930931083709973,-1.2337988393235815,4.772017401727128,12.374024009884382
275,291.95259755621237,-0.6778641269675934,12.742157171188383,-2.9134721652829674,-3.0639855295830642,11.743778512905317,0.034779728150772016
276,263.5950737669388,-0.777364610259375,12.322184654441116,-8.758883857473721,-9.670201802773022,3.7414135461811373,2.006388527712433
277,430.37843667837217,4.2499516625436025,15.065072030875024,0.7701687504136476,-9.295209415331035,16.927333898539793,4.941342081011806
278,84.67177535672491,0.082208815209877,14.640498428416729,-2.520640121809274,-2.691578835140774,-8.749552192366124,1.469327749015127
279,200.71141236936734,-0.9202114288463621,15.02878036266538,-17.70668671335579,-8.030662347917334,-1.5981974703819564,4.042265135281108
280,214.7740543277703,3.457799848694518,13.321204195743409,-6.403797376621496,-7.227579856976082,-2.1715564304988,7.993143538916683
281,190.4456013895843,4.336860480740944,14.961962957067716,-16.81884470667077,-3.6797559890388154,-3.5618507444753362,7.981134548836625
282,38.99191540695346,2.43798769915338,15.647614413989347,-7.764691805586162,-10.978432888228337,-13.43003088107125,-0.15382794417750745
283,399.3887629390586,2.052080430705845,14.694144953318135,-2.9906547308636586,-4.1057410937097,14.360449944739512,6.330263940263363
284,193.2370436267917,-2.2925834496701496,12.20363050184233,0.9848258499580276,-1.6218115878192254,1.27861153951452,1.2820916070742197
285,352.2484373051036,-0.08090036988774418,15.35298405969579,-8.13970852783453,-0.3466428454329744,9.818349727877502,4.813263407804514
286,106.84624165104627,-1.6946965795495856,15.406098137289625,-1.6945070393450092,-4.14642700439817,-11.90708337191686,8.70631327083399
287,394.8537506740878,-0.4689475419237805,12.336151552383988,-11.908709008195203,-3.729205480994935,15.599558510063135,2.340469901675176
288,187.91844550592586,4.811474507914601,15.308105277822264,-3.9202612701801023,-13.876648348643837,-7.781085445519823,9.435365691568395
289,89.36484246313378,-0.6700064108579804,12.825401585150619,-16.706907687524737,-7.926129672167638,-7.188301558110413,-0.8366977958257991
290,347.1389112447195,0.01601864088746563,12.915572678227168,-1.949566508847472,-2.7475319435474876,9.477878718040822,10.992489216796637
291,408.09865717782526,3.001729574775801,14.756881905366754,-11.922630589608815,-7.2497691261300865,14.929458262040248,5.2697490732289936
292,384.0356258291329,-1.2737002749896105,13.624650164159199,0.8513231042703976,-3.5345813079868034,14.658041078971012,6.353678796935843
293,-1.1377147393621938,3.993280157869205,12.808294106347146,-12.47827250072247,-4.300349361649966,-13.307634639370326,2.299126901937603
294,249.71720082893077,0.6402398381957601,14.696635863096922,-7.637159020793797,-4.733772706828763,2.6288730184503866,5.223965502616691
295,444.75737997424824,0.8471533488297087,14.957274117677281,-10.113448122159685,-4.57780335148059,19.907021171956238,-2.1385911243969318
296,326.3891220867558,4.7260713632739595,15.358673748659795,-3.738439900718629,-12.442600957202508,6.282682114321366,4.977172892285238
297,494.28402974384824,-0.7538379114196774,14.183360050538425,-13.356612769583478,-12.388203012700142,15.150715072576714,9.104721153029708
298,39.114387873754055,0.5871294482644496,12.45724407038682,0.7101193920415539,-11.708447973167631,-11.652814890702807,0.5095884690233312
299,293.58523965616445,1.6913223995952036,15.707240719722545,-11.68209535853231,-4.486535615862556,4.162050908447876,5.48456036956362
300,301.99499071556284,1.415969751354702,12.188395420357185,-5.28091370096654,-10.683389952803802,4.273948840032299,8.16691068844252
301,347.0294614864542,-1.3932803251216352,15.737020443193051,-0.13377921504451096,-6.757246267172159,9.571818261221955,1.147063287837348
302,213.40949440111692,-1.3673141078412785,13.489663758322752,-13.145293541085094,-9.793183378958139,2.069465591409889,-2.868870882776667
303,309.5314386071881,2.460769157138468,14.847419639648454,-14.27201621655449,-7.550896811705754,4.285060752183162,4.272680052568832
304,-49.65838568351203,-2.029253127304318,11.95334066461409,-14.967082506389076,-5.100385750974045,-14.462600591298145,-3.3294360392506537
305,313.11462123513,1.222644514545026,11.840741699092078,-16.79261436197891,-11.370865862640605,6.811373577334519,7.69352534891347
306,211.82279047714283,1.9428898161478831,13.30808577864799,-4.453508190197881,-8.114773559886455,-0.8889234864388627,6.625080007157834
307,316.8859436925599,-1.5729915651465678,13.450065427831465,-6.915330456450045,-12.167309040040553,3.1004214242784673,8.40463535299083
308,152.06022451564934,1.4792970174216333,13.958375460404827,-12.88226224127191,-11.246320824499623,-7.009854343074205,7.3520691813497825
309,83.06604445776259,3.5039963888286847,14.762455506534435,-16.228739237979607,-3.2739564202296716,-7.444562740297728,0.07010030314122773
310,180.29512153326564,-0.9557072461184273,13.653826944641374,-6.252587330961856,-14.148004846204362,-7.685997598510288,12.19101960090833
311,402.60015399327364,1.28827104972093,15.02449561470858,-0.6626801046999156,-7.9396652382657535,16.796481607034814,-2.4707319501058134
312,374.89937125511597,-1.6669047914332262,12.414547079503397,-6.908442170505873,-4.913368669078066,11.240385407833122,6.292948407694684
313,373.99430328006923,3.0415867724601013,14.951287848844093,-17.501129351196088,-1.911659735105701,15.428232122544442,-3.290629560529295
314,44.15672069003971,-1.4523371817891917,12.84246629777643,-11.94893606378745,-7.020023495210748,-9.332933408589088,-1.6703366958114128
315,543.357045800337,2.864942347456946,14.191651826630029,-14.30299898975665,-14.132648213113571,19.626043646892278,6.893325538691716
316,170.3996565881841,-0.8865074912016588,13.18120479927025,-9.946667857082666,-12.928986802038871,-4.459548514021767,3.2510845296882387
317,228.57057996300586,-1.2387178525657898,13.676659153536306,-13.301330974202738,-5.563430323194208,4.044584147905853,-1.2588749514500837
318,108.05233437642352,-2.335947034047682,14.176968590359554,-9.298520597385691,-1.0727733595439233,-5.32979097681118,0.1329830572700601
319,291.5546599733784,2.4893279470778316,14.993023912830092,-6.2192716672573205,-0.2772881217124823,2.5488090594203694,8.460466906546692
320,352.54119574961163,3.411566807177298,14.896342541655887,-8.35330016528651,-3.2976922937371302,11.567422881292012,6.367030954828637
321,260.8912348819675,3.9555263648465693,14.119860682993904,-4.165717143785546,-0.8783300437895214,1.686199286338363,10.282464577893087
322,378.8754504473256,-1.4272540404094851,13.152455704886773,-11.146665286117994,-9.496903500077494,12.901851615659217,3.885354367157314
323,332.40128453611,5.183247733851862,15.519019494661354,-15.055827162830756,-8.727779104170109,4.56669265980481,9.139933642158311
324,415.1662516092794,4.872631032132217,14.583230247337452,-9.874902364055567,-6.817852179265659,14.528402928371248,5.813012978880827
325,225.60165951072347,5.004690499042594,14.058328226191534,-16.579302060856463,-10.186252183728266,-0.8593073468571095,5.793943278151524
326,446.94151106682443,2.873302589070095,15.577624770735298,0.5566037761542988,-0.38526965319343986,16.10902943413052,1.8018041546729133
327,148.41194137732225,3.3710474899793246,13.354903662739915,-13.56349716775551,-8.613341375502793,-2.850444250394043,1.8125175930433013
328,239.6620485057284,-1.414336149251147,12.425753313167686,-6.169508649039826,-2.752075841518682,5.020664478470474,3.3666594372171694
329,357.4660232688079,0.20619213427229077,13.949513151908643,-11.694905666044637,-11.471094540979369,11.607173929675566,-2.098339350906924
330,87.28249236028951,3.085490738784949,15.536186970170675,-4.674656050727574,-4.311008774022239,-11.653127047600838,6.9772021371804325
331,211.65217066856175,-0.943790385004248,15.164122285186185,-13.993639369320952,-4.5590886619741795,-4.355417347693711,10.754035199687737
332,125.31049061707382,1.930796510283919,11.922828229586187,-1.6274020711737802,-8.527352492379901,-6.321816495676375,6.0067156464030695
333,258.09863516598864,-2.2654277768489246,14.468676186285572,-15.896148477475279,-1.9113075655232965,6.31553406009853,-2.368240951937242
334,439.6006481309813,0.664433800650218,14.029193784959546,-16.698037722852476,-9.716210911823055,14.117880039860653,6.603975464864469
335,65.06699873344532,2.665492082981051,11.816610369704764,-8.260884755225865,-0.8548749776452595,-8.777894287122248,8.32356597366344
336,467.3476384451297,-0.6687724112927036,15.707002739481137,-2.69693182810472,-3.0329280805675225,16.06334935202721,9.33646670044353
337,203.49227309618212,4.6389802065342485,12.414410035432528,-13.708199752259832,-1.1327494490570817,3.42483644331306,0.9337288569576181
338,487.5690412888866,-0.09590099200550739,12.903548755534345,-0.22219784905442275,-9.291234467516972,18.671730193945272,9.05711335231641
339,345.4884894596304,-1.3101172110272463,14.787134849554114,-3.2614319147968915,-12.258893691880594,7.806407631459843,3.4446468149159273
340,280.85197139708566,-2.2468641206028233,12.242617862989913,-15.331960894786022,-9.691747437134431,2.75452731056267,9.468478708284728
341,439.4091782776993,2.0720702645817317,14.820189511608266,-0.7460878606714973,-1.3298311485432652,14.342533998108324,5.341244862704635
342,66.26101361202801,4.91458804482495,13.837377535618728,-4.883007192038123,-11.919490172128711,-8.759635878523966,-2.8669630381275333
343,318.63835410152274,4.804111040219512,12.475392921383541,-2.9835731485683334,-2.0729653752897335,7.655786746752829,7.521350313445485
344,41.91806496038343,4.467965710007583,13.7773956879063,-0.6460181050357627,-9.359811879882496,-10.98991458195198,-1.0645773697514187
345,83.54054358829315,3.8032193476343106,14.468663464394556,-14.236668701371578,-11.352332030934296,-10.06072384404494,2.628316681797374
346,296.0428656045378,0.26498278059068436,12.83229180603315,-10.947901079792752,-2.731055309427674,10.232352198184868,3.7897080575674504
347,101.60766894487722,3.384144768054594,13.654651221966294,-9.899783051060316,-1.1000930456261706,-5.061493265156164,0.48831934730639404
348,397.00676667202083,-2.303844885775564,13.900039280488338,-2.4831772038842237,-2.798962516162181,14.358306509892488,-2.301472692886078
349,268.3672227996694,1.787312086274401,12.358991012628572,-13.745089879918378,-13.349186779031108,3.8203202149678663,5.748792542081728
350,289.9408827451513,-1.1669655390920717,14.522592337423418,-2.842812104105862,-9.681972188755694,2.535183442327172,6.268242510831051
351,185.21337556372012,2.0723098207241875,12.529121842627138,-9.545657718863922,-12.114256089100795,-0.19437794359313543,0.39645071872402404
352,182.00504089368133,2.3837576586944866,15.497999241226935,-11.717819884264923,-12.107957251978132,-8.114220385244106,11.85116185596027
353,334.37642379152436,-1.8575683862010264,12.081182414566346,-8.063091629518352,-0.45820201951757333,8.568364663304264,10.020518916741207
354,307.1265445203871,0.01617216645311803,14.608061915142958,-13.992377200285958,-2.3044531128959562,8.169869203508634,2.9395995161947237
355,296.03122296206914,3.8817626981829614,12.500159674927433,-9.791089900316543,-5.781981078356953,4.144249722175266,12.239405814023598
356,521.8227512962425,5.114219496765795,15.72211250802226,-4.500442663123868,-13.508877337213361,16.39590688669933,11.618345385074228
357,218.34627644880229,5.099943050777903,14.006123893413054,-5.5905309182176826,-13.56112030557901,0.019197737305502116,1.2868134274985934
358,491.41164306386935,0.403030485524253,15.789724327593904,-5.737987603124563,-6.393072341880748,13.945099517775981,10.099605911955027
359,248.72134220274486,2.6691898755699968,14.45406503179146,-15.970490729916122,-6.579971823972968,3.6774414928647463,2.5341243193106013
360,418.99044079150576,-1.824111124877314,13.96465672868268,-14.901669897854237,-11.0255875887153,16.285644892370158,1.0632076483741706
361,245.1971593825453,-0.5902737670284779,12.484166034531105,-13.74126270794314,-4.662095455401348,3.0014296493962913,4.8414319569852005
362,113.51883395304259,-0.5964299774786257,14.306021552742932,-11.237699243026972,-4.986688470433133,-6.265615173169387,0.44885960870651864
363,288.63491265956577,1.3091325945344319,14.466302812594943,-1.0374433391977536,-5.67973649888491,9.31882290161363,-0.3156415268247006
364,161.642019542509,-2.191476448427255,14.019053796067052,-3.5285397994525365,-6.246355837920181,-5.225468247018597,7.207703702013634
365,101.6871573330881,3.881431256044365,13.704149340615627,-11.09065952731539,-9.039275011978255,-5.722504158850894,-2.675176201557999
366,275.5723692015642,5.0297978725746635,14.472687620584045,-2.6945825838850546,-9.668876028330054,4.609211310545112,-1.065293411144303
367,107.10522846780815,2.018425133279989,13.236382106790469,-1.6872027711692246,-10.330358579261146,-8.260523301715423,3.7549064702712283
368,179.83863624421312,0.8809583790970263,14.337751261469823,-6.8037383445768995,-0.8497229416177436,-0.2527411994625002,2.6438518304241168
369,-5.066969595843823,4.063801882983466,11.949578542376166,-16.762549792046958,-3.9636027873876607,-10.337422316265602,-2.7321588081360932
370,184.5959153972746,-0.46933668037091536,14.27620661732725,-3.311611833241428,-10.742760201290036,-6.787726337935908,11.620671590335885
371,553.7856426263661,-0.6931693336702986,12.483850931115922,-2.7516584230177115,-1.107974950917475,20.47670520874655,11.567817088131395
372,312.5596235999389,-1.376659729916577,14.825256432476976,-13.447101751265091,-13.197502049245488,0.8753224518916163,9.87030449186921
373,168.06587454569322,1.9440239408706206,12.073407490369751,-4.6644623386918,-1.3513053804608983,-3.4233844154846675,11.528207451231612
374,277.3681261751407,3.961671041116939,13.34684251879681,-3.4721752653445055,-11.712244105023533,1.4272563231217692,10.931691677662144
375,94.8929535378456,2.472299067644032,15.494222005230203,-4.122891743659932,-4.6564639994408275,-11.328480946814533,7.9167798514827075
376,334.64523890909555,1.594400738788699,13.637061593032524,-4.908606880183694,-2.900279231232007,10.255847425884843,-0.7426142398140865
377,351.7100104192075,2.715855351153944,11.833390266981382,-15.17755924748872,-3.0427002252351603,17.022693171420975,3.608968646802831
378,451.1917815080492,-1.0464102532799515,14.194378528251834,-15.994032547943856,-7.41331412105564,17.013831677764237,0.539199478220258
379,288.7103246394053,-0.3248353860023876,12.134015309347587,-0.6953465694115544,-5.418364647437164,1.7144153189018478,11.591265953996249
380,358.6555596862402,-1.8875839891595723,13.73806391763521,-4.576179373783696,-10.039099034372427,10.78424937285259,3.741090703243902
381,407.8485110638503,4.571265097012526,11.995130680554254,-10.610115059367619,-10.639075876514404,15.810826037450974,3.0394850774733317
382,127.32497827591847,0.00023355471096309088,11.988146589938872,-3.3160594135168298,-11.320826022438599,-8.874039960840822,11.125730146268168
383,137.34799638532715,-1.3928097869897504,12.764296796246528,-4.8162636470766556,-2.147062605277089,-6.084100238742119,8.394761070852054
384,374.00687124756683,-0.44303533138210316,11.96110900620171,-0.5331443119580321,-4.814346339538178,10.0291608661762,11.749412088623153
385,84.76436812832074,1.3911706840758296,12.776527449995337,-2.952392401412748,-8.837857698164843,-7.53765719315503,0.07396867165917165
386,190.39359330605518,-1.8992318931186833,14.057776844451887,-2.862053790701374,-9.47880474091783,-1.6891159346546125,-0.007963182370628985
387,291.4410423456757,-2.339425635425668,14.262295395234329,-8.742573712611945,-3.9822457006107186,8.62590222049087,-0.1142803915570294
388,290.48747413815903,3.1444692542881625,12.845340815683473,-8.48143621662721,-12.40232859856816,7.593038336483007,-2.765697992880092
389,245.29359821824667,-0.703440987665914,14.587227624281786,-9.723123543653287,-2.0995981358318154,5.80073505683456,-3.2725380872753096
390,294.3854234915198,0.4325417517006773,15.412049882162165,-14.871346244000218,-9.860827433020672,0.4413574797952702,11.234405309435454
391,152.82538464577888,1.8251726606140952,15.421490646000677,-8.687563471506554,-4.417430543539231,-4.478034157045558,4.601555374008493
392,577.4771303333993,3.104253136207115,13.628717434264342,-15.364812251546521,-9.121219671403582,20.56227855798241,11.528266873122622
393,379.9662407958868,1.2497639275837642,13.665272552234615,-4.6046078274192705,-5.303079912730512,10.643702036392602,11.553050358021864
394,72.40483018839392,0.6939799222901124,13.030587998941407,-6.086719464833581,-10.49123705208707,-9.944116488901553,2.2643720918223504
395,99.88482509835441,2.765511347479956,14.105865161962555,-6.562377651276289,-11.844935640899664,-10.807392956384328,5.742480455627503
396,206.99733693131978,2.8261020289432337,15.310140648034213,-3.840053097152871,-10.171242004584094,-5.0006472451112565,8.653068483934447
397,43.77899414719171,2.6547282852630603,12.355065401964582,-14.987983281831827,-13.94268357508014,-12.183197209368227,2.6327212356438245
398,484.2832072587011,2.325251617851458,12.324243326041106,-8.886783650579947,-12.58233030691553,20.0271094227951,2.472289524473563
399,400.3891122437162,-0.9110567847661928,15.161968272059195,0.8680200011271626,-14.109005113655098,14.215229007135955,2.680750196160922
400,463.9596141150435,-1.644296933928512,15.402899343799707,-9.980656934223465,-7.139086782333615,18.362675836436637,-2.96203673231056
401,411.4297829715798,1.883886590842529,12.152515219004073,-6.104827853987252,-3.3130352003102566,19.68374796383815,4.568175970932442
402,7.288547991594108,0.8867222119802136,15.135783673313819,0.021948898242188708,-2.231005735842283,-12.820222126840964,-1.931825526373089
403,283.65959906832217,2.1137013161816958,12.42693050327619,-9.090905896381722,-8.822983484011697,1.096241732614855,11.74793650552065
404,76.56423660033238,-1.8084406546797007,12.2778206752787,-3.771701743222324,-0.3661059948144221,-7.987401748163691,4.065319772386518
405,500.0102994274052,4.032938756058674,11.915149431650818,-7.2652468309338865,-3.267974745042002,19.810978662064834,9.84344012441963
406,141.94533553227512,-1.6938730674526585,12.934360883973481,0.09100368378397983,-8.732758692632892,-7.366261338679441,8.22221813738929
407,374.1958316460485,2.708614264914293,12.400732752746206,1.096541628015154,-11.663081341713552,12.815750215590223,3.7255062864616786
408,217.86338558413445,-1.8830914992249435,14.855177405780871,-2.1710932154037836,-11.792857425706234,-3.13819640729713,4.584017929966043
409,489.65437714457573,-0.32166298440343866,15.545695965832508,-5.938452003726911,-14.276678599734735,19.324831628756016,9.048628135029922
410,239.69644002014218,-0.01634531992370647,15.811177803615571,-8.218701954961112,-0.24293211943863646,4.817562216358533,-1.736550566089793
411,128.53775608003738,2.6991304558500806,12.53911166606583,0.9212466446447274,-13.642711919789884,-6.99117154921481,3.1691078466141462
412,33.289401630192444,2.1234566731936284,12.163721540712867,0.3732527088196651,-0.25280247564826475,-12.671217794502708,9.1757889734261
413,118.07542891723156,-0.3045735601551218,11.942489200058741,-10.625255256827757,-4.2227734175594875,-7.431036930809637,9.50833389923416
414,283.48196759869745,-2.289126451984778,14.748724091363767,-3.444522562225507,-12.728333095619602,0.5195068849169413,6.200990146709077
415,494.5383453924132,3.001193772946544,15.102291188996139,-4.800801616321996,-11.117408498876621,16.339807522521617,6.378470892263622
416,173.93936022280735,-0.782910721701163,14.856434695486662,-13.015252806874281,-3.0203768609668398,-7.59460550140286,11.917056508958593
417,196.72585797087706,-1.809457059291014,12.894859919324778,-9.637526539992887,-5.642695944063128,-1.0529010399736674,5.480117137348314
418,116.29482391263058,3.37971529088961,12.070520344260812,-14.641348598847118,-7.956078211882169,-6.730471750689774,5.8099478237950235
419,148.8873166978837,-2.034507422120389,15.491249925128812,-7.920935273614184,-9.748914507397938,-9.608578943089363,9.846160365227153
420,455.1772191391655,0.7038355105489105,15.756466917258514,-9.354177952979546,-12.277685933038933,12.950526760224905,7.7374268799068595
421,31.817308574040506,0.6754827137643922,12.655737607193213,-2.5475898758403788,-12.264485507616849,-11.454001968856357,-1.2541524137814122
422,38.293899999320715,0.3822299552810078,13.039203114678243,-10.7998680364001,-1.7982899733829711,-12.359717109361952,7.282978587120724
423,355.1451081748314,3.217581367424454,12.755931197931652,-3.7078365979466366,-7.441130437223842,13.12027992254423,2.0963445596493564
424,183.33798338497925,3.608254982886647,13.881386593522574,-16.5584510479648,-9.129107457469484,-2.4887268887694205,3.8238466693530047
425,209.75862688581756,4.293089794225712,13.375218284892686,-7.719274796200182,-9.50839566235705,-2.641384816707694,7.1993295083134035
426,12.900700337989203,2.922517386641271,12.870661112168246,-3.909147243558537,-11.955173579742935,-14.380529787206044,1.8683718093518014
427,126.62340058757417,-2.014606231529794,14.322555642910105,-15.055567613475105,-1.3887344355225864,-7.985909741880143,9.985578799613954
428,143.06742627133616,1.5959301611684165,14.145008371654026,-6.289795829590212,-10.76754238995711,-9.156525199729199,12.371165414654254
429,330.1959014650252,-1.8741633161717637,15.671059183008479,-16.347067073477277,-11.458758335607744,6.901765915202107,-0.316592374031222
430,270.07772720079146,4.18039305833613,14.357800096063963,-15.548796657777736,-0.7440768738638255,3.0826766671818913,8.133728148514964
431,368.67075703695366,3.3428834732796644,13.7134176751423,-3.0788879933507802,-4.3954572889223105,10.308634088882075,9.36763359219145
432,184.80646586048934,2.52921661354708,14.805844610263776,-9.649614877367812,-10.666867428440735,-4.481161883388232,8.73625896195776
433,382.96651938306337,0.5439099162459291,11.96340642987597,-10.866747757963672,-1.158412271721362,13.74120964906268,8.020203209641508
434,67.82557877372221,-2.365224618524474,14.744076665690589,-5.631857207803174,-3.307697836011151,-11.741616078105881,5.270945886566244
435,135.8830973577884,-1.7895427865696352,11.857410775040263,-3.5983358423659375,-9.95602657806224,-3.9143854928198287,1.2467740591419787
436,244.61434790985638,0.5522362964889522,13.171192078289447,-9.763908419885995,-6.188059180482822,1.7267756799725351,6.97954815946598
437,205.05925326410136,2.1477033049040903,13.527255027826858,-2.5826624431037604,-4.014883476694225,-0.8419852508838055,4.805417957428761
438,459.64145380269537,4.956837631569916,14.823467851169797,-0.8693586977472445,-1.8096584396566495,20.55170579445948,6.574733627180481
439,64.8783118208276,4.146833481860602,12.01362118245782,-12.943080188904009,-6.58244100965503,-6.842433206428995,-0.09888431375554774
440,273.0782198585973,0.007013467202420465,12.55051768728081,-10.017755834381031,-3.8997570653247084,7.834043736239996,-1.0413855225278752
441,67.01501316757927,4.113015166989415,13.519751889896048,-13.005533324830035,-10.297874571319735,-10.271496937313671,1.8890238706771854
442,333.94519703632795,3.9760949971275745,13.37283533130129,-17.377681059158466,-8.785155639689881,10.552748463509273,1.1586114625666752
443,377.716171974512,3.8738326744748255,14.52199375741303,-8.09438529439887,-6.561675502083086,12.998995459149578,3.826320762605272
444,383.5666258171258,3.832438781784465,13.889587555859078,-4.984972604466129,-12.843544831459175,11.393833771848326,3.0075887387099787
445,141.3491725471864,5.0482800304232684,13.268931005777947,-7.001626654819161,-11.760047081634553,-5.032418916894809,3.1134385875458896
446,431.55668830242155,2.1001174502478603,13.890762838244843,-7.5065813492705455,-6.573873504300071,19.69987516313649,-1.4855929912455448
447,141.08398484329985,2.939545264946872,13.820224992681494,-6.818483398101133,-1.0442985216268532,-0.7697946528000088,-1.644508113075089
448,130.64032372313414,-0.7103889653323661,13.670780748903093,-14.380379624670507,-6.084600874674695,-6.699561135542578,5.9613046658149305
449,129.73776173610926,2.0362489081079254,13.211521118937242,-13.6118059137104,-11.675012085280823,-8.899480180769046,9.46595043065387
450,98.54943729961765,-1.1588987582180357,13.708300913071952,-11.700389022066704,-12.653634671073846,-11.748477555184229,7.358521184921913
451,262.153652755631,1.202430493871879,14.92428814058287,-11.454710131759986,-2.8656806579979683,1.693993206374186,7.183996912314315
452,14.445779707933427,1.4530393912243809,14.63934089064131,-8.549823289946154,-4.497014584619366,-11.896257198916835,-2.7710622578543553
453,152.01217726520284,4.442534093574112,12.421268769898802,-4.542815151611659,-5.671705449413425,-4.7761651005882815,8.745808781154137
454,43.071841070632644,4.25720129034254,11.887125356981636,-4.7506384257627525,-3.1627509539685086,-9.429177686119058,2.698315903701152
455,464.76875014914714,-1.0506746307874408,15.72856237313809,-17.070703075761845,-5.272229244116499,19.393960130443084,3.6272920005133056
456,531.9761217447732,-1.166051738085728,15.674088937230442,-15.582492658121293,-7.974103701299015,19.000766658067,3.002239941532933
457,249.42376935389285,-0.37074906816331143,14.592850199004012,-1.8276104339786343,-4.347128922208631,1.5078630758832556,3.630826943311593
458,329.48009486361974,-1.684484445511897,13.657249541983042,-4.23276714374332,-13.633596616523297,8.238323995752014,2.274599162996715
459,50.48182315114741,-1.1405444196123797,11.96827787486573,-14.501923502109232,-3.1982635172973684,-9.403381350471559,4.069948291919507
460,355.6635010345953,3.5056623765860024,14.671170287682905,-5.391555654534229,-7.84320627651706,10.273749920710594,2.6069095869176113
461,72.8256296004772,0.9297721075240792,11.801256242010574,-14.529431913682217,-3.0266806357196963,-5.74539968869707,0.4403522697464073
462,122.94870568158741,3.3133649517579205,14.70175246506264,-16.023575126969043,-11.701324901165442,-5.9393115463172474,-0.948850843080308
463,380.6014351236934,-2.2051265518011576,14.272679263118864,0.2328344475178421,-2.3301535750877953,9.500125433116713,8.755481400158308
464,64.74942823699601,3.4129105263949624,12.088878481284942,-14.277918945846428,-8.626166786155945,-8.07740818875999,0.2692285640514669
465,228.35666672682956,3.270974946420022,13.690900533325289,-4.319130573511553,-1.2845483769589592,3.2149257316716433,1.7110249116382832
466,464.7571430107067,2.8280002807399303,12.115248716837385,-10.529910282017868,-7.33100069429344,19.50633971498352,5.39697071838278
467,184.747574219777,4.94116564212244,14.985848647368684,-8.195877860282597,-13.361502834205245,-6.582753127672509,10.62556140050011
468,342.96149849251947,4.111409046537558,12.060669308120902,-10.704880335417975,-13.073551682150814,12.260303775001821,-1.0396685213839145
469,178.3826619253071,-0.9589191262686994,15.582891906656911,-4.936014183954992,-8.780621676261923,-2.661241456766753,-0.7598792196894077
470,28.35293533981148,2.5281832985066535,13.04145126613441,-1.0572241425729927,-2.5411803836841464,-10.365198548879729,0.5192268450762025
471,45.65674695454953,1.5799896683166312,13.547448979798043,-1.8856412533959923,-11.584182483739763,-11.646765633998005,-0.06221889508435119
472,86.49446289608794,-1.1906711322267407,12.742161465980265,-9.277983233040594,-9.309193366630913,-10.383888807626285,6.258267309105471
473,190.14995583892775,-0.4028056748074853,13.385668326155919,-6.7633555646638115,-13.784618761416022,-7.345821802664157,11.786497488148903
474,177.5469106153972,2.2287768981081375,15.002472245736538,-5.736592506277979,-6.666103217279598,-6.401483716661609,10.39408039383241
475,166.0456404169952,1.5794641711222335,14.005558124533518,-8.806892051184397,-14.293736678473723,-9.116727133708054,11.203249293141447
476,302.8368348439667,4.101394870475206,14.216223204123093,-9.621760705439039,-5.435726811140064,7.527420864005753,-1.613471477465346
477,270.533718844014,0.6169830427597978,12.03842157117156,-11.688452470841707,-12.044655870450896,4.203073840496652,1.8931634467445253
478,5.559999229554855,0.07260738809081158,12.267119704884225,-5.04279585942297,-8.879380631888827,-13.878515693125024,2.04448834909336
479,426.6883688044721,3.1159036223435512,15.538288545430866,-6.551662246892914,-10.783917641024612,14.910357326040478,-2.8073404314259864
480,423.9887784952228,4.90030103411251,15.246766618122804,0.5797002277169597,-4.431846165205336,17.469427284135705,2.6911708464477044
481,393.4328749679309,4.117665849632372,15.625725772824548,-3.076975531807009,-0.5035728469566703,12.297511433690461,7.777611092182603
482,443.40252650261203,3.8638468974286537,12.263899057384494,-6.711470378265603,-11.293610814351538,20.25219547304272,-1.414660740698908
483,224.3254543167215,0.7214370823426206,13.938880774161554,-1.9086746553930554,-8.25230425507246,-0.29024221932037086,5.088452157818159
484,338.8579847503021,1.241309025044619,14.696322036101686,-5.3547086129425105,-3.507696027120298,7.704384624569217,5.08362007232787
485,105.05304187146452,4.895353032609709,14.230687644736463,-8.711444440274004,-11.737617353006899,-13.18348844029658,11.516525454530692
486,358.23318921666754,1.135590559997894,12.14786088084229,-2.7652035268479596,-12.615179050773346,10.217645219211805,2.926133807829377
487,98.20834801233804,1.5316195875149519,12.614240998140275,0.5365559103072081,-11.115742883084586,-10.700213801514398,7.606037806713544
488,270.63634761621796,-2.1497368954594673,14.637990358927427,-11.548675178235204,-8.20801723048751,-1.4764129415783565,11.096247170829212
489,249.28671593733142,-0.23154482414452549,13.523712063053155,-10.151742406194485,-6.861075644880661,1.91744980184159,3.848590845942976
490,267.7418768484727,4.757466154075379,13.922300739010929,0.33830793718972496,-1.6757016505259301,5.775353383771693,1.7644527387101103
491,221.17023881764442,0.3969150970349382,13.706877856623704,-5.884572426892405,-8.822573397514308,-0.8561286257793039,7.591051263144797
492,213.11954676346363,1.4296946028991426,15.077326889981872,-8.03807427132318,-13.462662617353248,-0.7278505407560658,-2.2474722631815336
493,340.02147926284954,1.5793118571737534,13.11239068602821,-6.147033394844893,-1.576488340421843,8.20880757177188,6.195677620819803
494,16.49616925433027,-1.2853516099139126,13.374747248479634,-16.621917040062453,-1.2087358336408265,-11.870399934015769,1.8393992123580958
495,174.4588443208912,2.496374892734438,12.771805718100579,-7.981401103546679,-7.5564923164213695,-5.609130174846442,11.012033600574632
496,65.2813882233966,-0.5106048655299604,11.800797920858393,-11.042026600576442,-10.771349679858524,-14.111907577510244,12.485914821111141
497,238.446453034534,-0.1430621855901979,13.610122763011907,-4.577435723431019,-4.240841301942087,2.237004733558164,3.096085002528156
498,151.85670783092817,2.1811055855670616,13.119447068175052,-7.375106887195431,-0.5439955536622261,-5.959825094935651,12.136656275472754
499,339.7063076146043,2.4967033202803184,13.284411497852581,-0.9518572276121344,-11.1404991484676,4.510778951957077,9.030539153502705
500,280.8647511765281,-1.5730279837090118,14.437229544671293,-12.83670400166982,-1.590213041221503,8.354442487823912,-1.3322695934568802
501,49.87720881679731,-1.7994425789793986,13.283198076804426,-7.703872482991679,-13.886967286509135,-12.663335048583992,1.9512140959796191
502,166.3590037436441,1.059427485710155,15.608073151531396,-6.363639772011723,-3.7445532018792083,-3.524971216141804,3.82329474279196
503,585.8984240205303,-1.2301985389138652,15.510589527531195,-5.231205315254493,-13.852502634166827,20.051039903170285,6.065667385859811
504,211.58041926476068,2.4855487922020023,14.18185270318386,-9.742573464555642,-13.538869498728024,-3.003164562555611,5.609158229372885
505,68.33545791487657,2.296236330093327,14.18772866351286,0.5387182362844821,-14.3668397232807,-14.238414486653825,5.656801036845568
506,424.1864521989763,2.6439975181607434,12.520492503506969,-3.5912421916877237,-10.329133179645815,15.905589619194094,3.7040384682720937
507,339.14398398235966,0.061310895568020385,12.524993076933812,-0.8917857169244772,-8.525517415909537,8.136735925731989,4.631973219463466
508,403.8300788068363,-0.44918494505346107,12.029814377997866,-1.4449430339612372,-12.210802049093942,14.28418233326382,-0.5727100009313197
509,158.17628785850044,-2.1794689777863665,13.391891160377108,-12.974103531339159,-0.42949092137646083,-3.1098809755445647,6.019399190071203
510,181.09812252926113,4.277695276246642,15.538349999750439,-7.185568214788709,-1.4557782671624118,-0.18139182257892017,-1.112495830665452
511,496.96931957216657,-1.8810705412460882,15.733479155472958,-6.52259314993849,-13.375528278657583,18.180835426372674,-2.7279444787403353
512,508.2091167253325,2.4025831794325034,14.442641629772805,-10.604515285823107,-5.590488489785148,19.214312785335693,7.118310407643052
513,66.68994073487065,0.02348758660707695,13.35266400688429,-1.0722011580133066,-6.68567058723743,-9.125137805025943,0.8414989643511372
514,198.38865952762183,1.6469323544017391,13.95729508372209,-0.4447814209432628,-7.2227728430175935,-5.3423329187103885,10.265536487990193
515,343.37083704902864,3.951100286463472,13.83314463724248,-10.454232343558694,-11.68262933837332,10.572188509837085,1.7245824179029867
516,95.07560871257961,-0.8601091186893441,13.724662394420692,-15.040260316016028,0.1264818643360286,-4.483665738220681,-0.8108175533510042
517,360.91374548917116,-1.7136551731624774,13.217564258045,-11.097537139689283,-12.820249830090198,10.377820466319337,3.0078197129912017
518,26.682935317907386,2.891256090898721,12.326377748988032,-5.829242068278227,-6.873057884243983,-10.233146712081926,-1.0173528350668324
519,208.27912529627883,0.2436951398677838,13.696995890568497,-6.390642334597811,-4.031304309973775,-4.061868895248603,10.963381650801212
520,46.74877999755647,0.5052890293497194,13.166058747624689,-16.950499662349248,-11.242466713729296,-11.508033433048684,1.7792449192900701
521,73.81548310505669,-0.4923207862042398,14.937216027295754,-2.0539114584543476,-5.252279451485293,-11.849482173051397,6.053576204083516
522,260.4955784425164,2.526543934777279,12.008157837759427,-14.621250017667908,-4.006066553384574,10.038248923967481,-3.1789435372654857
523,23.62967702227348,1.8237891725646218,15.43062368172647,-6.600649399453995,-0.9178489238821381,-13.188609596508204,2.1150219405128237
524,161.9177849895889,2.859131266259799,12.307511343230917,-0.0690422375909221,-11.960533274463954,-1.3463162514573028,-0.8345030062982133
525,78.94799503389368,1.1976225481048308,13.299785997145996,-9.427911544974222,-0.3525171943771195,-6.224079263042887,0.8356259899931882
526,105.04799266153508,4.771950947299977,15.433396932251597,-8.073437052703893,-6.137459978903861,-11.478092641872728,7.223685491182975
527,369.181262362078,1.5140233696843959,13.932807715744586,-7.676143790167192,-6.597037999084641,9.59472911624425,10.638879225200668
528,20.932228591567963,3.6168252095276703,13.834397911878305,-8.353011890813272,-6.395739119911742,-14.305181319613997,4.7233983804323145
529,139.51422034290587,0.3365915690495678,15.620335268386208,-8.693817184574478,-6.686091741211581,-11.15533910667928,11.908621274095138
530,88.1922949242547,0.10203674561364906,12.060837887046958,-14.167226107962158,-10.444110296762481,-11.663033056521835,9.437397556710996
531,96.45977937523834,-1.2208165455800213,13.869837711109499,-11.729755947536322,-12.106270605897974,-12.035247353527756,9.507414304068684
532,417.1190055615669,5.065752687365365,14.96072202563549,0.5456119701994505,-9.602319461774517,15.382203149005642,3.6621541825651
533,450.5033721584544,2.8724640053337955,14.706184809184629,-4.697497170764255,-9.33271225495179,15.520270588698322,3.434874324824321
534,239.8917589222932,0.9132771103758932,15.060620668469042,1.2122998491235193,-6.726057924079513,2.9423098650767603,-0.42852661335127173
535,230.2766953218987,1.1163756162506422,13.274946563938782,-2.2332760810254273,-3.181546250326532,-0.30568205009639016,11.71758641319211
536,324.42027371911655,-2.270763369868785,14.270337390607983,-12.86143958388993,-1.2361402557131562,9.525018983698216,3.6177402051690173
537,162.6766896135097,-1.4250217709146682,14.099312750275583,-12.640874157324946,-8.470693983018926,-8.254218850064383,11.897820063069787
538,249.5550013786284,0.4657120741059595,14.290170205151165,-14.569970287953387,-7.875226402923726,3.1420195245421905,0.5204236460241543
539,244.84663191614632,4.9335003226999685,15.364322188562861,-10.647029456157346,-2.820278676176752,-0.7959235089721499,8.033143495763367
540,20.65223493750162,4.439836145947734,11.8211427036784,-10.508498228143749,-1.4061292566028492,-10.722420783337427,3.844522557833413
541,164.58273632511472,0.29438624174266437,15.25585377142621,-7.124362009823837,-1.451904292533463,-0.5945917773398843,-2.874945364969909
542,158.2033320255896,2.906031120356277,15.283853542871562,-12.467880656444896,-0.6640965568560642,-5.42663132397894,8.239218742760098
543,104.56118516094924,3.085562824170256,12.111240198517859,-0.6164049550970561,-14.12465620527819,-10.034282105276965,8.321171463814006
544,410.2935571872956,4.6407634034501015,14.289330158876528,-12.462218641844542,-8.787807776504408,12.513548725085291,6.226619093774112
545,225.2818834135007,2.172642993284467,14.499780761374755,-0.45095503512849167,-7.41385361031815,-0.760812104466499,4.5999115716639265
546,308.9659399303627,-1.6021937475137031,15.071230878431745,1.0436256583876131,-1.0814190050303534,8.656304073658655,1.5050562684974285
547,205.236631086767,-1.8270136050272843,13.846132133112656,-7.735807126620385,-1.6390267717895775,-1.4438995419787126,6.8686357212138605
548,234.17325701401657,4.8835085205848525,13.895455412246157,-12.012280556152033,-2.22603581640924,0.11378897555027301,11.673213172361459
549,171.88734099159257,2.963626930736732,14.670938044407123,-12.01890251860651,-9.330671772813957,-4.783456175456001,3.9227705329180758
550,393.3139871336881,0.44521510756347293,13.619074614539825,-8.62310216654411,-4.897333877739417,13.02824757615951,4.883539272189912
551,304.6273053924028,1.7938686099286274,14.381909875039149,-2.66572241183017,-5.588380271251198,10.910392519678899,-1.431329040119218
552,117.81948038144752,1.9576758585969403,12.249741453231714,-6.820517326273009,-10.1512152104676,-9.307818055938238,10.691597097095862
553,331.1690873283545,0.6184948396916106,15.45912515150236,-13.384184461170541,-12.52926569865764,7.779801710302907,0.5688559295336884
554,256.2801209512316,-0.34389900338363866,13.410712021433318,-11.593295013230598,-8.720934216068922,3.81775293030781,1.3202426876314455
555,-4.401661900271314,2.6122779537052945,13.531184663362145,-9.160777835395013,-10.539954654913073,-14.038929400628952,-1.991795743186513
556,202.8727571550172,5.044028879014571,12.629756840836814,-14.700059441682441,-8.242374359997324,0.7696058216298542,1.083110355793007
557,215.876445886287,4.632949877976179,13.057146399720397,-17.477883148279695,-4.169800903764909,3.8078231306666996,4.897348087784993
558,90.39044884230543,2.0087574208304337,12.016399173636058,-17.374486358353174,-8.229992162236822,-6.667484086758165,1.0635001649185885
559,107.90889067771234,-2.1471505952846854,12.131462769822084,-1.828923174287326,-4.050822906370229,-8.286958909207303,8.07198228320302
560,368.8269147803834,-1.3312827307073576,15.42304577842557,-7.916063504744464,-4.437362134243974,9.950140936071397,5.906912918971234
561,237.96221817548937,-0.9435345301049471,13.642524179930756,-6.3385762586764525,-4.698513369493661,2.4915717311513266,3.847447637704059
562,403.7189123538322,2.76088351304534,14.872693948919316,-3.9237724492336516,-11.554313897424088,6.845160450357438,12.326504940483805
563,158.94448895167224,-1.5306353741418484,12.704827346838142,-6.611597131914238,-2.3170489135564534,-4.615933474691712,8.04796212451063
564,438.8890244873168,-0.8317778226147325,12.748155878599235,-3.0238195256451856,-11.020887827558408,12.82121004456877,8.482079115259944
565,280.3496028916299,-2.225703573957639,13.903073426076997,0.8773107123098842,-0.9722398143103668,6.328888016626101,3.8942616484781745
566,420.33546074771374,0.4214349337894472,12.04458397855072,-0.894243717444029,-9.49162433312291,18.152835716107106,0.15345222768592848
567,12.635142125799504,5.194312120079172,12.282005391689411,-5.360934098722707,-5.84701478593003,-11.738986509361418,1.0084179391460655
568,427.3536894139331,0.012180160952397046,12.06439805173182,-4.73253946860597,-6.508029344598295,15.807543226897556,3.9507391606291726
569,172.17846713737006,1.5964154566253659,14.039780210883901,-15.331126036762821,-10.435245961709093,-7.619390398940005,12.462133412554486
570,244.94122443785946,0.603081677994977,14.100920319500121,-6.103723557291681,-12.185398695579645,3.5208704785787948,1.202216595500122
571,36.38151870068296,5.039454226337851,13.52330030742463,-3.393290530682232,-13.497888677649877,-12.345640465348852,-0.3771966450671549
572,-28.591565543320744,-0.652318720253815,13.93496155381617,-3.542657253491707,-2.2938902014005027,-14.034687490228686,-2.881965028237582
573,115.14154010708782,2.302099241474129,14.150319579069524,-2.53526615306727,-4.300782557548786,-9.938306487506807,10.411806830907372
574,55.65788212711585,-0.8517167886598385,11.907556300530905,0.11878799748868452,-5.401230456910424,-11.278458528546045,7.9451336500067
575,10.753868390795068,-1.8547463750597268,14.048666304265495,-5.333264238827945,-4.128592247076938,-13.608677062689706,1.056987773960488
576,164.74761465587153,0.6262546544245753,11.99572749188322,-4.930522618750597,-4.003974791070528,0.16844860372849446,-0.665575280005104
577,242.34336152477678,2.332009933555059,12.882431657344187,-3.0067123918196117,-12.595936330841337,-0.363401452299847,7.109214634281494
578,78.23057263230925,4.794245759174138,11.822192989394912,-9.361164765438463,-12.129424682327837,-7.5171429002067605,0.35878879114405393
579,395.53520100906445,-0.32120787213285507,13.095297751439068,-8.83683526395791,-11.789734408393887,14.208528501689058,-1.9930125654486517
580,118.60966546398797,-2.2291058121239757,15.240674467766027,-7.4754239341309425,-2.197004194514559,-5.419597227701749,-1.2192030887990857
581,481.9315204873215,4.351041559468711,15.346026663198709,-16.553678436352655,-1.388344455081386,18.697727913708498,1.6456967528541604
582,506.73373027071983,-2.343057337395238,15.267643156586619,-17.233313625532745,-14.01779045007829,17.190346582522807,6.252697433901366
583,48.17706280442673,-1.6677001693811482,15.571071989669411,-16.103127501272862,-1.7397529074701694,-14.343453603545466,8.39332114006925
584,242.2980404101113,3.540661261934361,14.160889846622633,-1.4796586439925496,-9.61975258789741,-0.6642633010241994,11.092178254454739
585,181.2774521143059,1.1556000228382963,13.07215753976633,-13.95861059335367,-3.5435121641817418,-1.7701910051652838,8.141590497395553
586,536.7108226031688,-2.1260433209361898,13.602933753415234,-16.015085153233223,-6.857296768364124,18.692674678631995,9.738251268825103
587,350.3864038490927,-1.4999783909845839,13.119853225938055,-5.764141720464717,-4.785495187542388,8.447482368265485,5.735010909864072
588,117.77685139944084,4.640433499898066,15.490419349745654,0.9378184379403323,-13.11824799895759,-10.529819596960731,6.095811740404728
589,295.7732698993165,4.601973986875844,12.724966687383148,-1.4153352688658485,-8.483207242850735,7.857911464976931,2.3895968922410127
590,406.7728267673988,-1.9917805895517935,13.522446477106126,-17.467191379988932,-6.75107337802239,12.756937735063465,7.75763417553767
591,107.72891239309315,2.2941954038249293,13.995414721496283,-1.7822907409953168,-3.15283063791418,-5.107772289045583,-0.34262027979286636
592,287.634288365414,-0.18244643582176323,15.130121189186191,-10.115559708408822,-11.4475398093255,4.351166393383773,-1.4157651937078342
593,528.2045449405164,0.2129975910698354,15.437069195179415,-6.56628073884507,-9.844170948530962,15.5044388797907,9.590864755078915
594,41.51627574105406,4.48215345804754,14.995886481021124,-1.2380033872240328,-2.3138217342120484,-11.641314409662629,2.4084475106429544
595,34.99602718997691,3.481321326261489,13.74059890848645,-15.54477805427813,-13.309282735931532,-11.753458201030792,-2.6342822858326294
596,416.4272365805022,1.518176885281433,12.705785331212404,-17.721651539538925,-6.534057001722781,13.825747648077455,1.5317644831463983
597,148.64248450973832,-0.45377828837727296,13.965972666314434,-16.58674848175712,-8.829227643400742,-6.30939296196598,5.906039529616098
598,215.87297209538772,3.060641796696024,12.097677662247504,-2.6473694553361016,-5.0140367466663385,-0.24251877838453062,9.062943943643207
599,219.19720690865762,3.206950766007617,15.30773923482053,-6.008632243036459,-6.697315391724311,-1.8060514210628167,5.244135482423384
600,91.30276954925417,3.812560692703027,13.129535046073578,-5.869056994885612,-2.6588893110903022,-8.050950006471435,6.0406589050619965
601,322.89499238406256,3.8008125000935142,13.015433437489408,-5.884816299115668,-2.7565179877298416,9.58572441775072,5.227239627155835
602,189.66757440237305,4.254943363699617,13.8585023553846,-2.5297000769323064,-7.362492502242172,1.41634198560895,-1.706639930651452
603,149.56324376470985,1.6548034307043746,15.81473064828716,-0.06756457928750348,-7.337267560028572,-9.426589310030561,8.470509105188873
604,332.793100224707,-1.0108442799290716,14.95569296153057,-6.470157462173557,0.06786707159071881,8.96453146703512,3.769194937933273
605,83.18872609257542,4.323634333005119,12.292219904935932,0.20002653605729126,-11.040985183941874,-8.278261423733632,2.4814889711157573
606,10.500133765421118,1.824659151485621,13.870962741061259,-5.869111526898507,-8.475305391614281,-12.708446973244008,-2.3733223257492746
607,151.16657374694657,1.9690735870053748,14.345724522801188,-3.252951304215485,-4.8761259570261615,-2.1859173405803602,-1.8000130516993718
608,230.00831567954486,3.911892675715878,12.308550468815714,-7.455814228839234,-3.268700173328929,2.0797946496670985,8.87975090401819
609,503.96752669037664,3.060322590274108,13.962835903849566,-14.29909280120781,-11.77162987033207,18.270822522947668,7.087897304562042
610,407.4530791246932,3.727574109086259,15.302190901852951,-17.11962853753547,-8.314476026063836,10.787382598663138,11.728639571911682
611,481.34623907234675,0.13931700348157694,15.33977594374452,-3.9799443290145575,-1.8702645234088937,19.041547757817966,4.326139710666197
612,111.64981358998845,0.3377468884996153,12.771312976837752,-2.2113325575673226,-3.2533754532744794,-8.535904541729174,7.758086850041934
613,178.65436866097932,-1.8673536834790996,15.426173434765255,-15.861811376866338,-3.370155292447441,-4.328452943330619,6.1054938179760825
614,293.02098646612626,4.6222603597686005,13.464137992044577,-6.711822305930869,-9.130265657722791,7.565275476646876,1.9433513535519733
615,148.41576166820926,4.933113476302411,12.262147537942086,-13.5224129994201,-10.788511431420698,-3.1209522854851226,0.855722174649495
616,85.87314680593396,4.509330128802112,14.807982641401608,-3.9059143135107446,-11.624536637293165,-14.194513955883652,9.781442646466694
617,382.7268996481326,-1.7576568194682203,13.911905955823713,-16.47582485311796,-1.4072411472876194,13.457500064432802,3.602661845456735
618,119.34463116074792,2.439067610654992,13.906375868799987,-5.935672278239965,-10.323624712998395,-7.8453843162650765,3.3072933523764387
619,184.3974191734028,0.2643340689559066,14.959723371793004,-10.848249221398675,-8.5898649913124,-6.516375626603137,9.048937310455216
620,92.17257313732591,0.5065188046332283,14.246485937731048,-15.035863537578301,-3.1920788265004845,-7.85490527788754,1.57861596751175
621,226.486490611998,-1.8437747256342325,12.982324785606847,-12.806227283178472,-7.553518782681542,0.255493866485935,10.402987559844801
622,427.8858338498815,4.4498159570763605,12.439371730090523,-6.009500969571294,-9.575742072169138,13.713130286544176,5.657526359495424
623,161.1191216222254,2.945890230713756,15.462916298616483,-3.092468899908261,-13.1038938088118,-10.10327599990434,11.533320010439084
624,261.0586756252605,2.797920628186915,14.503098176766656,-9.684824354827889,-2.2486985747810717,3.1627538202514582,6.666618196061708
625,369.12661640411176,3.0116510578807545,13.312564182520097,-2.8530608672128013,-3.2054522450717133,15.223988640816296,-1.7936769889599251
626,438.731373715324,-1.992148966569662,12.012002134028561,-15.281215820666553,-14.244174864699547,12.39135536626362,8.706777485960254
627,218.18093340798978,-0.9279032943217018,11.873543599363513,-14.022501920758806,-7.739080190944361,4.629097911164697,-2.781520660036078
628,415.5332217697831,3.181135534362953,13.233569202050198,-4.081579373431686,-9.856529566463543,16.711460913020524,2.8030991877956684
629,193.7818940718714,-0.8042100847410731,15.253818232904717,-5.908187838092667,-10.028760821499464,-0.6428219045079775,-2.8441964468359977
630,194.59531070140105,4.197962464150946,15.13063743675115,-3.4834279506184167,-12.21767352396697,-1.158043029551859,-0.23318742255782965
631,57.03500597030988,0.7338172203852524,15.197859046493097,0.9722048831967463,-7.106523379182159,-11.809044800607968,1.202984879386582
632,148.7470796709266,-0.3566541552559075,14.734970100047144,-7.21549940066021,-10.142380258183811,-7.649815687979804,7.21977910009426
633,220.48713342852278,4.888135099483201,13.311125166976247,-16.676300397106232,-10.246882324054308,-3.0548353751221367,11.467761848895677
634,486.6470072535758,0.2952976895002397,11.904720589021197,-4.882122485478212,-12.671455692300345,18.106478138902006,10.917736583049244
635,226.96736978551732,1.2835111280899736,14.425709971213752,-14.867906397402567,-7.562887791118754,4.827611591430811,-3.317455438467208
636,24.811557065753156,2.7975659137882753,12.191150761103831,-10.115953445890677,-13.388951472297755,-11.841724267757531,-0.3089156415410077
637,397.5537152688475,5.1810062880416545,14.508943040516035,-10.648386714102026,-12.002972961603884,16.298957424252123,-2.2444802605835257
638,423.36637945915527,0.05092477873439183,11.995881754003623,-14.73035010384087,-3.9550139518409093,15.985364726315312,9.637511870743204
639,401.8926471767661,-1.2174567712436968,14.910289753514956,-14.80321477922812,-7.3385922321271,16.789156465124314,-2.6128895215150205
640,223.50434915008296,0.6216669463277515,14.7800327033309,-14.50234855114393,-4.8192003131268955,0.5868936792965034,0.14353691489503895
641,227.59755140706497,2.892067170497779,13.635360566783888,-0.03673926408181938,-5.644968372502396,-2.141274499616941,12.026245643522106
642,434.94635247775983,1.2386257462293253,12.700164028706874,-15.072999989687762,-0.5901154433319817,18.148958289466705,8.657649959675375
643,404.0552553408401,2.9336606650308936,12.04472304310622,-5.870059578366707,-4.769975299348301,15.175647671495133,5.575090127136287
644,245.21380789319113,1.2795127670669437,12.502927901225718,-7.488179963493055,-8.104984957048346,6.35720920981589,0.20660801332951273
645,285.1657795764261,0.9081850405135512,12.214196286592605,-3.752222400313694,-11.545477463553146,7.005023233835098,2.6940266252390153
646,348.7134661378891,5.005964007580043,15.812923677782523,-10.883955845582928,-8.362496254840632,12.812213682360708,-0.660690764551731
647,102.60494738385857,-0.22786167630976983,13.581362300253884,-0.6490497229605081,-2.3820282126041263,-5.770943617284969,-0.16421755873324528
648,239.12376553859602,5.009952163656242,12.910988914928932,-4.2564644375141985,-13.158605336248115,2.334338802840575,-0.9444284201129722
649,160.46252332258675,2.9233740073423107,14.259048498272792,-1.6185238478993087,-7.419391663741796,-4.6035946418515845,2.8708508115489106
650,234.46994929003063,1.9760381965142493,13.116063506348674,-14.841687555530662,-9.25201854789498,-0.6360042206385366,11.483027673153934
651,107.28405626289518,5.233301294486418,14.088473655006315,-15.217056787845216,-6.547924019532462,-9.72979084977142,8.615410074484304
652,53.688481215682785,4.979918034091267,12.705145488411716,-4.020462480964079,-5.616628037993747,-13.860004619734609,11.678676888876197
653,309.5271116050182,-1.9234307575167788,12.90207748254615,-6.356707422578918,-7.823027642600361,6.520048595710977,5.41567981442976
654,216.90367461710892,0.8540298268341902,13.50510899650338,-7.014219778464769,-13.375656252862282,0.24425409869142634,-1.2262817775030541
655,454.5198291350852,5.153097155151372,15.568653356286685,-3.029350557276298,-11.175053142465917,14.169166200366233,6.940284096625404
656,300.8670122909676,3.8403307215112625,12.553681654833658,-15.666203117508356,-2.1066399632080035,9.579530311658063,4.226762766267136
657,67.70629794339558,3.4631353128401297,14.269465825745359,-13.047327179278712,-6.357961032465068,-13.439879995045048,9.181538760846845
658,485.6766187949568,4.768461224845238,12.81498676993393,-10.347623749691591,-8.784368345607438,17.519749287147185,8.252062454086875
659,474.0904773578477,4.619221546273508,15.069067955556177,-17.141099027266815,-13.356319877621655,13.95419623782628,11.863281288098122
660,200.95645013945267,-0.20549227608730458,15.792497361002312,-7.560713385672027,-4.650290181297235,-0.8277476892991089,-1.1074865430453116
661,131.2109482556139,-1.9842587014513269,13.871186267498564,-4.159718003622158,-4.18564240736128,-7.063493110055237,7.125624693747461
662,369.95853510125187,0.34227096465692775,14.422252588665101,-7.86717141811021,-10.03974620232572,9.839378062290004,1.4812114071435527
663,373.6014390259876,4.98301082494281,14.145090851907357,-5.900572000230954,-4.861357675224292,12.98465838635956,0.726380739456669
664,500.06948455084415,3.7345756681234805,15.302874411138557,-11.187846321944633,-3.7352534028459488,19.907234112173057,8.55141549226704
665,165.61368801604434,0.5141664823303511,14.904769183677207,-17.522629722366847,-13.712642797517622,-9.709987312136686,11.784604601139238
666,417.6877161376641,2.6636587731063064,14.023961368119426,-10.065482580588917,-12.656570808660858,15.933843268271376,3.0528824143965743
667,115.3974637669881,4.239747217066302,12.143125631144688,-14.238507533995591,-12.712997615208888,-6.232002230723648,0.7745668327226731
668,110.76809281123353,4.319175168274837,15.539407090836812,-14.821681658916251,-1.799202054219709,-10.219970475293401,9.963798361279744
669,478.7992917111795,2.7797986490651723,15.815526868567662,-13.062309213556828,-11.737118620091234,19.378317752521717,-0.5823105763925334
670,108.32936797933725,2.501673694662048,14.747630591012406,-3.476443116891353,-10.046533418863026,-11.28781996507489,7.625567895101756
671,471.8135267242761,2.818218491195094,12.077785141219433,-5.601347314206577,-8.869741982859875,17.9968948509934,7.855710412818991
672,423.95412193492206,1.4949747763938137,13.902182654121638,-14.779129639501836,-4.9737484127583595,20.473185865013548,-2.6240844075865724
673,146.36613135776213,-2.0574545301626337,14.90759996433211,-0.6525865693333708,-6.684167874194804,-3.948713300544739,-1.0916640262885142
674,386.0639048703556,1.0315995909496243,11.991474322874668,-11.889734939897508,-1.2548715747987398,10.887345382444325,12.418916476719232
675,492.75151139768326,4.230265852391411,14.994811186287254,-12.75745319286801,-11.523594767464566,16.52557941770724,11.39877375782267
676,163.30607277594294,-0.7965541037889574,11.911307244765899,-11.773346806459815,-4.105362610678519,-3.2417487893956594,8.812749740750677
677,314.3577634097035,2.8000628507024743,15.496998169906963,-1.306904155061451,-5.0060576827365,9.113315816900046,0.4235436157608099
678,157.53747949973132,3.0572499847714325,13.03469169579227,-14.477350808857503,-11.41899132270729,-7.927011066479134,10.967177088754486
679,55.482585356196715,3.781764493348938,15.611357936743993,-1.781974421514704,-11.884767322162531,-12.361233259090135,-1.555473923822813
680,475.4042885001534,0.3329195834751797,14.783245647328307,-5.0990203903981755,-8.596873814151692,20.150384013373987,3.4304768028197152
681,397.9371984552036,0.3014687730144203,13.199419781555568,-12.21623510201982,-4.761414155761123,18.36653075484776,-1.122626198283987
682,428.6262082222189,-0.3418201678984243,12.19033616952493,-15.885755876598633,-0.5492855316332665,17.11021440135491,7.380428705320008
683,240.88674767999495,2.2119832084731916,12.597251172190985,0.5207860304251538,-6.778158493478082,4.341457098799422,2.197335459601021
684,358.84276597254944,-0.5025652011123007,14.31457713682036,-17.683700255888606,-0.4375392953520034,12.497816206917394,5.913284384114227
685,258.8893654188801,-0.8245390767288399,13.526852083459115,-5.483874667441465,-1.9343643241045303,4.980033731448843,1.9673447287600538
686,183.4021048953891,4.234522919242468,14.968518296288764,-8.304076403017994,-6.4760535577620075,-1.2004009268644555,0.23347366402316005
687,345.88439621602595,4.396732980810404,13.235554741528457,-8.276128870663232,-6.096302833414251,9.249784176993833,12.270993095840346
688,19.506212166581868,-0.3400486808265182,15.652563732128451,-17.413878487924205,-1.1412327507072462,-12.441891653034745,-0.39302610591266784
689,210.0088424199827,-2.1601020363890555,12.828293530798176,-5.417343051775301,-2.4311801528685297,0.5463955163281842,7.2804589818081284
690,31.165095353168937,-1.0657652595206164,13.441500410216191,-15.506475979665542,-5.548138554655532,-13.736031342709875,5.915184793444488
691,207.9991853455516,3.0758431157683197,12.112375797462917,-14.371071419277598,-5.8865438342030245,0.5447027630305783,8.17617928036684
692,107.06232068061658,-1.7632584761675103,12.06212861090872,-2.816161257967436,-4.267634975981135,-8.803195967351657,10.432769290885586
693,515.8757032318887,-0.5423829074704374,13.486948533856186,-9.256955427408707,-3.378108600824566,18.89307998084667,12.349680933609214
694,392.3628585706176,1.290698098238685,12.341175962960738,-8.191840280774345,-0.33201874092553574,13.260711715107915,8.31391324212266
695,296.37446916095865,3.6176048643725585,13.42528490610208,-8.87166470029409,-11.923503778223811,4.2838589801803035,4.956771698432158
696,466.745219550152,0.3483053026747136,15.518193734882095,-13.479270520116412,-7.373044309369977,19.643685728276054,-1.8171873795693791
697,255.70581439757322,-0.8600070854399586,15.80994319036299,-4.357522374719602,-6.990615794330681,1.7228165040912256,6.106119331976173
698,72.03419540787702,1.0781464009792971,14.946913869628645,-0.2705952480244178,-7.474725514129586,-12.136925225864262,3.2547440472882307
699,105.21421181388519,3.8830862700048367,15.058663079674126,-14.08472032362159,-14.26782713241666,-9.521351236465687,0.66536315584856
700,459.6833151862709,2.241729141426608,12.940094109242867,-15.390777062856543,-8.730725351729763,15.845626899865687,11.381426515977166
701,404.10610442621953,0.5414271111238653,13.899165827806485,-16.35518205205554,-11.453405354576178,14.608009858728698,-0.06318567794775731
702,406.8436828136425,-0.9722949853539236,14.241510884154843,0.8001928487482215,-10.29675249603589,10.257812781347726,6.464429583921214
703,119.27809653602692,2.456057882145386,13.652796340228738,0.9843017727889299,-3.994685538543278,-5.080304732730044,0.4468136626468997
704,407.943998464144,4.927462534454349,13.945796124167195,-9.384056032799885,-6.365449518842121,15.000699344924788,3.943747651204065
705,137.07733475555398,4.450641924051909,15.303540155718363,-14.378000459049991,-13.513077022567753,-8.919363361074646,3.7226883321897244
706,450.4115962233115,2.628893297857269,12.192209707725242,-2.084120679353866,-12.173866385301341,16.585901920020568,5.262097290998673
707,75.67069851060455,2.6487864127821026,14.214757891718902,-17.40757200419272,-6.052912420950628,-7.871797354083663,-1.3744867522343664
708,464.6287591000326,0.868661971193978,14.51253750161348,-9.865818444188207,-2.848561846438134,17.46276942292169,8.15018833864405
709,443.60861999625996,-1.597306711442208,15.732610349489107,-15.626965611304161,-0.7381577051970769,13.241656061295663,7.6757391433257665
710,106.2789454765097,3.259461950688781,13.339850686828283,-17.091785473671667,-5.537009690761124,-10.581520105601538,11.938118367441149
711,357.3280678387768,-0.040694531051888916,14.63401608093806,-9.172615422358808,-0.05400792060466486,14.266499673424642,4.477993783672323
712,101.74401443628993,3.684447934516911,12.438656496447436,-12.116583387775963,-10.085703949907804,-8.35069348626305,5.746154065407514
713,300.241498021352,4.1009866267091155,14.344018061188894,-3.399234475899468,-12.98968626431589,4.815159451473113,1.7824240226267278
714,277.95456965610623,4.318167264158158,15.604161234610606,-16.64813516240389,-1.3401979184704214,2.947425997823631,10.626013565435105
715,47.702505483642824,4.04056050273925,14.841549524043675,-6.672320433612428,-2.946615867028699,-9.997407356146068,-1.1120649376443197
716,236.4539631772703,-0.9640442844960351,13.298929641713887,-11.56240176709662,-6.471381406914634,1.2463395942477842,5.332936624187189
717,150.00623308286274,1.4630794431659435,13.881761484564002,-11.731012238328148,-10.135203063734261,-5.379774312722393,3.9982962687102663
718,446.3646276055651,-0.18085021855166694,14.031029420978676,-6.593670508307197,-10.602731266703532,18.374375448000485,3.913434648716004
719,161.12185475829975,3.8835059235919513,15.23906401216676,-7.573880925515944,-5.813255693872643,-2.1236997839073712,-1.5055298468524008
720,412.9084469215851,1.8188953865538555,14.018876989802324,-12.839138476661999,-3.605635561147457,17.9959619112252,11.326132646969398
721,175.28897245896158,-1.0299869517599562,15.811551326566065,-8.795885988727642,-8.725427336379317,-4.004166674686083,0.8274998502959328
722,114.2983138378567,2.1056777868542675,13.84402946944029,0.7704525180328339,0.025712152187491455,-7.893616124146789,9.595863528922239
723,152.73123866671438,1.0677174291806502,11.928639774878313,-5.957818509975885,-2.919697327258122,-1.873006936019662,1.48991918500057
724,145.75357165912504,2.2495947094338113,15.677609796720816,-10.5810269503415,-13.76420482551737,-9.980395425135228,7.153335147155306
725,462.85828382366435,0.23579327082756052,14.46657508095495,-6.60902499244785,-0.8220515097808523,17.99559466196427,5.835731346769788
726,134.43034367526818,5.14917842990243,13.728465871729503,-5.727115657233746,-14.273104175794932,-9.252093878451257,8.036637778199186
727,229.7502458309289,4.252385474223658,12.074282201761061,-1.3888760604335926,-7.703972749925332,0.21188475584688504,9.01870386055856
728,255.50518903724026,3.382841179763895,13.834630833455122,-0.9275299065643612,-12.601892343248766,3.150181837311349,1.427315026986026
729,153.77458013146077,3.5748256400984575,12.783839674594123,-15.789032214192662,-1.04542706373641,-2.0213515133824096,5.458735330474947
730,536.6627404001771,1.06593772847752,13.462059585119365,-13.44616407957122,-0.577139030756916,20.388925925123466,11.856732452887
731,266.22431863750575,2.8958451463100703,14.988829437088363,-8.544356670618992,-7.379510175784305,4.620907828396254,-1.3955521573158975
732,440.9074247619824,5.062567371500156,13.918651801186828,-4.10855354955213,-5.62419493260386,19.625724168852848,1.7657401347147719
733,184.98688306632675,-1.7644307131025094,12.148661528886004,-0.05337349253340529,-5.9347427021551855,0.7640925211671714,-1.1803672087822772
734,161.7507947032864,2.8553155751664594,15.143766765055322,-13.543869298079537,-1.9603346170050298,-6.293917216801551,11.452079794875807
735,273.9028299224415,1.62166548606969,14.789038351952343,-0.36211342325634566,-0.5054095522697661,5.416042067109137,3.169069705817627
736,441.5035274553705,1.024031978677864,14.383765587238567,-1.362944345518728,-1.8809868849649973,16.81803381285158,2.3644748482347637
737,541.7596649697457,2.6361481036276393,15.749178684582876,-3.636102366481575,-9.68980117840463,19.078706113785664,9.190695956348286
738,343.85608723225334,-1.9280460903141385,14.748627877684099,-10.910511449932384,-10.328943631191898,8.55633315097369,2.546703171138571
739,411.54494792570165,0.3784599483315514,14.1912194263269,0.9898371751924355,-1.8877516749181833,19.249683490235604,-0.15837027293108008
740,429.70479152661676,2.7638569971166067,14.190071706211313,-8.857004744611855,-8.07696185528415,19.31767816466968,-3.300234783979816
741,198.8629526791955,1.249538116431089,15.319104573925276,-15.893483355536205,-8.949357330743858,-1.090250093137799,-2.8935761061699505
742,408.5220033407515,3.5981846251468235,11.809600706103264,-14.449774994685061,-8.774458449423399,12.830990094726873,12.361187124635249
743,92.88183368807586,1.391875288540163,13.832313476801996,-2.8269360556367555,-6.7950444837926165,-7.346926408715445,-0.28002398049047805
744,350.811876770691,2.806456809444963,14.160563933273485,-6.382412271093015,-12.997550787968652,7.5711355985165145,7.440952398458776
745,100.96761052164646,-1.6776601905444313,14.68319124765586,-16.11246833483042,-1.7156447672268786,-10.999756234995784,11.067962589139846
746,112.67593620866258,-0.5062086611494356,14.32397228151754,-5.7815068070994675,-8.125750011860195,-5.583518926164835,-1.3442139835818026
747,336.195360334777,0.7821836876401722,14.387191987765132,-15.859077276511268,-0.1712044618489834,9.217637456671218,5.03529858370165
748,78.00136348300968,4.128035224034861,14.449408014794294,-11.567003564035225,-7.520071661811221,-10.153145922442718,2.2661868938780483
749,160.90641190292519,-1.4197562842272777,15.543953958000861,-14.895429623023777,-3.8732901985088155,-7.250478246613137,9.410045395774125
750,224.3586364196662,1.3160198041810247,13.529369749173176,0.7687279743686808,-10.16464423687544,-2.809962716503719,11.095042311150618
751,246.9884246806846,3.404623553573708,15.223857209363443,-4.655856235635711,-14.192631085231143,-4.246317464666545,11.689952822900157
752,243.50657277517712,3.0943054820042337,11.877628355099471,-3.6555767262657684,-6.2032506350370475,1.9170662833666068,8.31079956030303
753,257.78962786375956,-0.012846932099784603,15.797752566389288,-0.6599664082571415,-5.1393414000582265,0.9468428089913843,1.5601151032731835
754,367.7597749390314,3.166163554818205,14.508327883126697,-4.706228010504218,-2.7236162806762145,8.333855032285049,9.715947282715362
755,81.02399731253674,-1.2545847886817931,12.9457550885092,-10.603302397367314,-10.94704769836622,-13.250091166436093,11.259633030116206
756,221.57363374348392,-0.30544566566764697,15.346219795762108,-10.19014828995469,-2.873622730717118,-1.7970685072588637,8.976339034019738
757,416.368911022794,4.193819968835391,15.416218045007724,-2.6073827246709476,-1.6187090060837193,11.973358326971917,11.822730458605774
758,18.488807035582635,4.874537775702221,11.928066528421317,-7.256759170664116,-0.20119550526157326,-13.25422868066567,9.300335946584962
759,178.27914682042467,0.09949440448873403,12.635303750646825,-11.88357910068099,-7.727854280078944,-1.506753465512137,3.253488061475565
760,216.8831600377282,4.047464604893481,15.625644157879671,-7.508929242308152,-10.527111694237643,-5.744615059025714,10.511735457825209
761,486.441504454151,2.663916259493163,15.495538293397017,-15.363574729056296,-6.616576834161079,18.632874661136263,2.881147355701419
762,225.46301997963184,-1.4148312697082783,14.698471529879308,-13.794760383795307,-13.803716937519606,0.004296236105165718,1.5149039969330609
763,321.0614218223652,0.8083186033418217,13.743620082072027,-2.2806611133021235,-9.513020497492441,3.917204420895745,11.890675454981073
764,273.4426032648931,-1.089661604508252,13.927322614179573,-10.102218245818477,-8.249560757186714,3.857485676878044,4.4020180681144385
765,249.75401724390875,2.1875362826990647,14.425664559724556,-17.28930904745531,-12.180200810098754,0.4361411898137302,8.235464826187842
766,369.26724836895943,1.1010900267925035,15.367568401804368,-10.09948689958309,-0.978471749754366,9.83061160912227,5.7113851543207454
767,239.42962482001835,-0.6752315855641591,12.923016593175973,-1.4114593531322814,-1.807261208454344,1.908097110241977,7.365524672504536
768,151.96169014135026,-0.9261457078883621,13.223773974666942,-14.042135138122807,-8.2090039589371,-1.231987834088919,-3.096423484140148
769,383.05304093507044,5.077302368033338,12.645711935196465,-15.671482642329721,-6.460063282212926,16.626316781585203,1.141242730068754
770,300.41252892351514,4.164317753335299,14.296625931736429,0.5994399949649738,-12.653060172146322,-0.5867735536094383,11.923097105378494
771,516.8057604645719,-1.127273414021487,15.567073278982466,-8.651393620656357,-13.685532614654617,16.34477378443522,9.28446840771839
772,65.78065422821598,4.727499659741911,14.094046264826726,-4.39937540735042,-5.737549237771297,-10.36876251349241,2.1587511436270557
773,-1.1011517976628822,-0.05278792076328909,14.084992441752734,-7.95672097923922,-0.2977118060670296,-11.747971800184889,-2.2548147952667144
774,462.5167967342713,-1.8417124784245056,14.454308892769117,-13.425206246614408,-3.6408039255034463,19.431050216217187,10.201073100098386
775,266.4524401455241,-2.161353686693559,15.589193146088583,-17.267723405814134,-13.514353038886568,1.4813435250195663,0.16937019273603227
776,215.17264945658414,-2.1894593621491207,12.94369471948394,-11.927969676441048,-3.4219888400606386,-1.759173611864826,11.086295679160282
777,475.496589777522,2.423158280748066,14.193031405222985,-14.109553249662035,-7.1674480700131635,18.353831510170338,6.600990834497243
778,268.608393248485,0.5602223655396648,12.60558123369984,-14.140381107143181,-5.9217750888802385,5.176788614620387,7.4924416970861
779,276.33717320944316,2.9774536885398715,12.904207899237068,-4.307339892317152,-11.280683641316898,2.5036264886899833,5.197814337095698
780,-17.55732024639765,-1.373529137640947,12.915328457087618,-8.413710638033898,-3.233773596355398,-14.447371090295988,1.7249843256788022
781,59.43334331825083,3.6919806695004374,14.911386689299338,-2.673425742901783,-5.442618944304948,-10.185522868410185,0.7648618484413916
782,233.79607817304432,3.150629531018428,12.409874919340831,-11.4269886450279,-12.949238714436254,-2.0531232667633823,9.161326857755126
783,453.1100110525805,-0.31762654533075274,14.300579830772698,-8.763882701362256,-11.758442479198697,18.21775594179374,-1.9019587817146988
784,193.72691742917922,1.0441746500811702,11.949050121416672,-6.832369717827213,-10.5888855371037,-1.969843857629984,11.549947933249198
785,394.32417221377705,2.177061117198086,14.415068716734956,-5.376068782601482,-10.120283016405299,6.876638702992965,11.951137340001438
786,384.53376538953285,-1.7637828398344286,12.697188998360225,-16.209720911501982,-13.753589407638373,9.667157664325119,9.760570478598094
787,358.519967883365,4.460710903685584,14.103362976535676,-11.053499740352368,-13.728244395739104,7.982833399132462,3.8402489210551796
788,136.16668241038755,-1.3733744448556564,11.948652919240606,-6.4000089156864775,-9.482817473127628,-2.4612974323546233,-2.414123341357982
789,371.91587396897006,1.2366526587521296,15.031157136807703,-17.182123491638635,-13.313186838829415,12.034005570306311,0.45368806644873416
790,258.86420429007234,-0.10029069749061925,15.501265528943698,-8.484699616594842,-1.2209581151322464,-1.5232987992909859,12.044525279777146
791,144.5325078396551,3.070048851238563,12.589473520786399,-6.433196525825359,-12.716222300328445,-5.962181118399327,4.212031451509107
792,287.5701250012901,1.824556861135564,14.21856736785653,-14.952156111956072,-2.0662438152168754,3.8773148771238457,6.881379033557842
793,44.91653055496381,0.949280985559092,12.272269217743798,-4.324448428647944,-6.57400732004882,-12.127126412013665,6.223179458724622
794,220.50371911598666,1.90761294140925,12.630352156690654,-0.5921935834985892,-13.736618887138881,0.07166582998481275,5.315471049505531
795,475.44548755708956,4.828612604182405,14.873240872971893,-4.092590703493884,-3.0554552796749217,18.712095829254586,9.45515798733306
796,149.8583407871309,-1.8333482276564954,15.343785425401,-15.397388720528923,-9.889407921290525,-5.387491311288429,1.3364919318926773
797,220.19849166188652,-1.9723914741846995,12.17162796673838,-8.501103144273587,-8.1531090036642,2.422763562731129,5.5974656863762515
798,237.30340077715437,1.3077703919724373,14.047495645079652,-9.644140340008738,-1.761377312199489,2.5921641936057984,3.2784027661408803
799,352.92669304529767,1.6437932215908422,13.776160117980899,-14.029008165823663,-6.858575848904089,13.32209056821837,-1.1379346855261723
800,144.39986585383716,1.4174658186750984,14.400920472785122,-4.233156437775535,-3.8378938300463865,-7.147808300686567,9.225306185566232
801,75.51366231643286,-0.7131196778569571,12.599708037774505,-8.09916002580526,-13.977911861887467,-12.025958770645161,7.878084484463322
802,72.18236817521148,4.593463258030997,13.879439830053446,-11.594455442206455,-5.001293193493275,-12.898791266071873,11.221148405331258
803,41.92442043915752,-0.8695415711283827,12.155765517087637,-2.620011598777963,-11.082503330969926,-10.349516797099437,-0.7596139194377614
804,331.96475026644185,4.382555619516435,13.088313475951537,-15.166235616669269,-5.4187490551545725,11.65594876212448,5.901781824186789
805,370.9242658645268,0.4665086837275947,15.021454139274255,-11.988078148841053,-1.932822210423728,12.257088585973237,4.979805919858864
806,189.09701989365942,1.3728653557268817,14.92014516104781,-3.1745172103569335,-9.346816554910404,-7.627911546760399,11.541839820839403
807,163.7720907550784,1.476205491681584,15.13203432975948,-11.394783048981653,-1.065348713344175,-5.561675324280458,8.131636614244556
808,340.5626670364021,-0.6364967244415212,14.097241736879713,-12.101922662350008,-9.86502224089353,6.858078735211011,11.059694184322959
809,302.01666580854675,-1.5729698147575952,11.984764198482186,-17.42049449946442,-10.840503039093711,4.828873102456596,9.739849187790766
810,120.34303256729898,-1.1918648788689978,14.886373265665322,-17.58065601869538,-11.2141872206946,-9.633110400950102,5.742312015555976
811,102.9449747725066,0.2776518128403964,12.1599527175307,-11.988502216176158,-1.3746388661622166,-4.743670582584354,2.2152108759385296
812,84.02589264669611,-0.7842119556242109,13.301855719742198,-2.4986222461505996,-13.69640963800071,-8.650578433080257,-2.3221611510010813
813,108.2450179167677,-0.4918809917983964,13.655264867854841,-5.5010101787076495,-12.492755877611009,-12.906529835124637,12.197558459560613
814,33.86067381493868,-0.3022013521169251,12.782163523804217,-0.3740453596201643,-5.36044333460209,-13.161272739753985,5.958856835173903
815,300.1874712357865,2.4372334800894095,12.396065751172943,-15.474400099502361,-5.676357843030846,5.101718662985748,11.487238679689844
816,453.48877850998446,-0.4793867927814768,14.061773132771986,-8.825725874352635,-3.6060365637173923,19.43400714044914,0.662707731118779
817,360.02162923485116,0.23069137980839471,13.902709247734714,-6.9518875101155455,-6.7530459500784215,9.816499555502768,5.154340148593442
818,500.8387487677275,1.707739045800122,15.758022812671243,0.46959324843146233,-11.610495722550919,19.28311739995462,5.107491281945102
819,226.51459773707688,0.9759251070858905,15.699678081241473,-3.293278767349962,-10.08013990927313,-4.8865571792209614,10.108789543518442
820,209.66598099786617,-0.10205228696772028,13.72163051520809,-3.355742263525749,-3.928934570656322,3.025607059473691,0.13552544190421578
821,321.8134357600068,2.370823791627462,14.581172602786692,-3.863152222645689,-6.1622710347153085,8.729443816801878,0.3588475016951733
822,38.98318455118973,2.1518493436836144,13.27663155366086,-8.97691281563439,-5.8040526641594745,-9.770696515736045,-0.7192675835597981
823,422.4345740058702,2.4334431292243193,14.427391684797257,-13.20744331147398,-0.05590906621694458,17.3199556930737,8.811440668986991
824,469.1256796161342,3.4773409217030222,14.905659045127235,0.1685684378649206,-12.545461368911138,11.555510838825866,10.96263440770337
825,389.8498370770999,-1.6883173977523063,12.50919592521912,-15.566344421900169,-12.469228525036328,16.544142208925408,3.3358296905492857
826,282.5382589976025,5.052274537823495,15.492051985825515,-11.120998993223452,-1.861674402723839,4.195021410420294,4.460281559590518
827,64.31603884733903,1.9437695364340786,12.541693531560055,-16.099861567332727,-11.813636587491754,-13.555200515833029,9.990606455233827
828,148.0349210096714,-0.9140460656964562,14.822328902703111,-4.914230357348769,-8.456838243656069,-4.048808604245668,-1.8210457092554737
829,298.5302699746586,1.4000626466317234,12.658100456552816,-6.144624155988064,-7.635372106176317,3.6781771739173568,10.557358199058394
830,56.904362490032966,2.119105770479969,12.997922871478432,-5.696997288487821,-3.64410889260631,-10.879469154430982,6.0745836080980595
831,413.8639484899193,2.806685705479047,15.631165350486537,-3.791440945663621,-4.304859184094813,16.677930095179107,-3.0014978813125897
832,74.47072610736726,-1.0499395170433328,11.956555288847166,-3.8823074109020963,-4.281570268542149,-7.109932705245564,1.8583007576287454
833,398.13990129442357,0.7410162658323731,12.63105666971977,-15.522815611529978,-12.773332004589014,17.502172749278472,-2.8614385290073443
834,1.524559710737667,3.74700530669395,12.14220207964807,1.099451968501421,-0.3945512161896598,-10.338823966386979,-1.048664577818073
835,238.74136582473918,3.075961711375703,13.663039327197803,-4.521639265306067,-10.79055369664,2.228396480211325,0.2648963577142176
836,337.7799178835199,1.0270394577149489,13.885560098162507,-17.656929586727543,-0.1064413970381608,7.493593003603836,8.635259410011868
837,299.0142841064294,0.8917039020055109,14.218166748319241,-2.0149211467987755,-13.238841844916873,2.188685886533376,7.380146648862737
838,235.21563820126843,1.6057890623505098,12.281079900432385,-4.952431980946874,-8.109366138432003,6.141542686023621,-2.4491510359655297
839,479.1579645448961,3.7509417813140855,11.859726597786642,-4.62835062226577,-12.567454320436397,15.013920065727701,7.155836281894887
840,100.3231986689971,0.2045979500372077,13.704682336380431,-2.8760877022105173,-11.101077469615294,-7.079138126703174,-1.4562962255152705
841,122.15983671873029,4.600101517183532,12.66487265348178,-8.3212189829893,-9.234279320910716,-8.127593465533597,8.290046954028941
842,156.42941018901226,0.7469662226464084,13.58888627656733,-14.009079761125763,-10.888490327629873,-1.526010154127036,-0.7079124838564859
843,385.42124583599514,0.486252350499929,14.383633989257248,-8.222397733484414,-0.31305156429059977,14.894293836899939,8.385273650343535
844,31.991899455337546,1.0147991592593453,12.752166397530091,-6.49242832156119,-8.203918154106901,-11.967508686002219,2.0027439668754408
845,456.9468782410304,-0.17401155037229366,14.024647027560446,-2.2843734546595877,-1.572893321590966,17.09588722877679,8.513047685269132
846,266.25430065461165,2.1080744436359806,15.040363913824335,-17.44526986146077,-0.377599573201163,7.765267107739545,-2.465188957522443
847,51.20776666869328,-0.526838319444396,13.476553081201606,-14.406109025438209,-11.462874783216286,-10.618948398366669,-1.3920458884454376
848,273.7967430430624,4.597122949310998,14.41642942097295,-3.7189013166561606,-0.8977097040146198,7.291952232879426,4.204124554993861
849,216.31496936439672,-1.9120520109777894,15.666899637565507,-4.366144393392582,-13.52652372044529,-3.7154420896099243,5.873691837340227
850,107.23705388147624,-0.12907663624023247,15.19716978297605,-13.813713116104696,-5.967505367295246,-9.72531373805085,6.91011043477558
851,290.985992639404,2.808014988228334,12.954808811738038,-2.975407031370353,-14.285468826779727,1.0645076765284571,6.787829439835726
852,173.3024176202509,-0.028698620804238573,14.090948834049598,-4.946459322934487,-5.753035429177055,-2.550468230272358,1.9681089890504158
853,227.59557256461915,5.038080874161075,14.526947998632668,-6.827077868562739,-10.154613720797677,1.113937415199473,1.3509148675498661
854,491.4128305184971,1.9137977964231903,14.796716014310832,-4.778848875181554,-13.311804946161054,16.48012259039203,3.399981849737056
855,443.80338520955974,-0.4227503019387937,14.680188880818369,-5.124247626152617,-3.930029111085611,16.41344339610599,3.91830080693806
856,459.49024121112006,0.8744262977906399,13.318516659881473,-14.608511367978165,-9.749254957227155,15.667287357383982,5.760557893849804
857,308.1566394150285,4.271196371706328,14.645802609058968,-3.0065554831394063,-5.740535152150098,8.648606075056465,-2.115444650441251
858,480.3413620061424,3.7506833542981575,12.370653982573458,-12.525741399325861,-10.574095406234692,15.995824120465917,5.923056878283144
859,346.70661665158485,-1.7504702899961577,12.699557935844489,-11.401697936055283,-7.211661459933382,6.2362005938456,11.954721536105156
860,160.17295684083473,-0.06132476820505417,13.023918296817676,-7.3523963179865035,-8.312313873617255,-4.383386606151541,3.269689547574915
861,24.076109962529248,4.756942056896285,12.033101617268873,-8.502374950304235,-0.9342721402152385,-8.329958259921334,-1.2463069725039624
862,82.49687524249154,1.0975338715971246,14.976443662609263,-0.5470015290750561,-13.596348268881755,-11.38108632944846,1.9687854458359535
863,130.01505457146013,-0.06952719185011258,12.727642239510306,-7.798405267198486,-6.865601114316675,-5.85676026236783,4.902959422607633
864,191.87623352933414,2.5435346381717885,15.05489182771264,-0.16732190597667418,-3.840482111112644,-4.773762920568245,11.440861156833716
865,381.85310810750303,-1.4324608418852458,14.334300401516469,-2.5969082895748063,-13.215374471829877,7.9251940694256415,12.00243021797551
866,125.64058319626007,-0.38870658026842886,15.347420449956772,-5.965629295264656,-4.490571513835999,-6.205839482401597,1.8913047933657818
867,424.56641385999035,-0.13470094077386907,15.641380284405972,-10.638552555239976,-0.20728664391606877,14.395417632502658,8.79993233948921
868,108.4514638020926,2.3471199918159513,15.810179144497688,-14.026735344075599,-13.66714891298911,-8.980465482874843,0.6749154677819611
869,404.6010312878381,-1.838994890819131,13.49926257244706,-4.464623337555965,-2.280920456137629,15.674637335187414,2.234394482902239
870,269.2620309279394,3.1645113216955925,13.871604165163928,-4.395486805390118,-12.675594792796511,1.4253488159305316,7.7705762012314334
871,-8.129736807852275,0.8485081764760283,15.059588701436084,-3.3881069441363945,-3.7648952844668706,-13.889440663668525,-2.688407053592133
872,179.9612368937585,2.3600239892656756,14.45704195048864,-11.16833303862635,-7.760457012901429,-1.5379987418909646,0.7210628445071716
873,81.75972036655456,5.015783772192821,15.318101081415183,-0.7730094370536236,-6.000693048094913,-9.407491526126265,0.7972561525162529
874,-4.56566917381427,1.7827579209734115,12.883018122811663,-13.745853385698577,-4.6875348176676095,-13.206033704355272,0.8832435893039907
875,397.6746465391272,4.146215274970723,14.845478651195616,-10.491549939481654,-8.406132588014565,13.362625548914531,6.505386973198168
876,371.5088647060816,1.385861633216991,13.230002891776241,-3.5207229664766944,-1.5645544976774488,12.42136741110856,8.686772469675851
877,115.36895620518806,4.477162407464786,14.436493762932637,-5.2008614538361355,-5.092408742067542,-5.523932376676507,0.4720592795140277
878,222.24123993407187,-0.24371508529533337,14.725180953851764,-2.8087408406339627,-0.7491437090667183,2.810594551387206,3.979763310344067
879,585.6768277919416,-0.2707479825487713,15.07684257254555,-10.4952985270365,-11.44329763979331,19.91388567307643,10.526156622412103
880,138.59830246686283,3.5371701362210874,12.392071239061876,-15.033037761266737,-7.132587539442269,-6.503521964825268,9.733608535707614
881,80.35977863261338,-1.2118924287487571,12.40499307013653,-3.5866373373236,-8.60602084416473,-6.726365224519258,-1.4197398553760632
882,319.2595179147595,3.1298916624543147,12.999096261462888,-9.27842941251419,-13.809320944956024,3.7182629941263787,11.652610839000673
883,411.39187413863914,-0.4173833937403195,14.77242933423643,-13.551271519646345,-11.830712644456401,9.365649717389628,6.853527272112204
884,135.1390634521354,2.242898801666758,12.807768681357809,-8.068222205224847,-14.084543703370318,-10.802747507901197,11.15939473907482
885,460.4953623946657,0.35365203572702253,13.904061071124252,-12.875218503330364,-10.219249537219063,14.53266579906539,11.993424203925752
886,62.27275890580302,2.845420126484046,15.48723570080628,-5.0342623235254305,-11.81588453087411,-11.771809753502012,-1.1304093756610012
887,93.88205368615773,0.9970260381152167,14.89160110037777,0.09182230232934074,-14.286108188348335,-13.380212531498252,5.152542912520445
888,383.3134989158884,4.9711621391268626,15.591708071608013,-2.6148897916868132,-11.963714105260337,6.921332086271589,9.371015165225984
889,210.06078057028674,2.746321306374144,12.374592212080294,-11.072994571413025,-10.213087142222776,3.338820443873322,-1.404721621122338
890,155.59111020392584,3.033500173974776,13.793492369815667,-4.337274594129676,-3.1467497281321624,-6.93994341254432,9.180705634753807
891,559.1329492708876,-1.016060532860216,13.125620655418123,-13.752926788377284,-5.985182550959182,19.816894128440367,9.652289967970967
892,304.4869350555294,-1.867476107956886,15.53135119963694,-15.76110402923484,-7.510008161585028,3.551099468370369,1.5092867240408179
893,182.45252690418562,-2.139276959385061,14.246110250086637,-12.24844064533596,-8.377429411761147,-5.350686242471713,7.816718814756774
894,415.86252626566767,-0.5887126060167445,13.610473053166524,-9.583935406498462,-7.244567904855153,16.380642145714944,3.142484931114172
895,389.3710091455255,2.1894774941136403,15.174999966148194,-4.859932113911299,-7.893980204978871,9.357534321099488,5.900818627622037
896,411.74843103965435,2.44278213920247,14.259362998704736,-14.773996760452889,-7.790049200446942,16.94963312720767,1.549794549154912
897,116.22918688579618,-1.0296058338596001,15.442787072594044,-11.538975475839873,-4.5484721739265055,-11.953967346135169,11.23355984731302
898,124.35222702167661,-1.9021485214210019,13.834622810892967,-9.790788932972944,-9.68868036699185,-7.176432030514748,2.7686413315970206
899,463.5543740978108,3.4284777984377888,14.80775965548283,-5.202505011421564,-13.11954713983536,19.298238866909458,2.8708170706348763
900,314.494789588649,0.015182440063127522,12.525051763961091,-17.7321649791033,-2.0002869754316404,9.739897501695703,0.24725466293171294
901,152.22457931072807,-1.9277948071617566,15.490378217921892,-11.406848527013175,-10.101478031812075,-8.922394040660688,6.0398977103771765
902,270.912301791532,3.626635280737856,13.005882020314775,-1.5681846675689393,-3.422133890370489,4.172521033340834,7.100210786079927
903,407.7885238662166,1.9575452406146598,12.366537240228133,-8.850073461997864,-5.870648982001207,15.532531916872705,1.272173033665478
904,268.20341611546036,1.9511010280550343,12.808753685753514,-2.088788195865987,0.0019976996168775685,7.890476776669329,1.2345039485351421
905,33.39898276415853,3.9261709102532096,12.223706904795865,-5.2673071393091355,-4.01251959686129,-13.058751909266658,8.464571749113983
906,61.091382233400445,4.5746411450738185,12.92387536738159,-1.6419370531837334,-1.0691940186444775,-12.229846113441202,11.183158233101192
907,489.52809521097674,-0.7950743968770517,14.85535442540227,-9.439986706909641,-9.352775442357451,18.278603066358095,7.124288793460002
908,471.4729460904859,2.923392868748388,14.505099273299445,-17.39009410891291,-3.4668843784469168,15.296915166821455,11.03017561130181
909,53.645598975509294,2.3101093228173535,13.01995283053693,-14.06694689007905,-4.58508090961258,-13.641641472509212,11.840907819977275
910,244.5654417868537,2.9553834327029573,12.923140503370933,-11.413400205587582,-9.846091790132926,4.460041901637341,-1.6546026926631363
911,424.70911885208494,-1.671438398417889,12.171766048222702,-5.83882092519827,-4.351965081632148,15.82285283399459,6.455356901570384
912,152.67531712586,3.6801736094113977,13.989179399155141,-13.370689044145552,-11.051009586509997,-1.7370460351133339,-1.8998550227608835
913,376.46445976675,0.24759274099880013,15.407736462353306,-4.528036170310304,-7.860081944059745,6.766809919686738,11.075880228134674
914,305.8623029376778,-1.0444508467789761,13.414196866278573,-2.9936022555087467,-9.377654235504153,8.671987405712722,-2.932593232701004
915,247.18194494093237,1.6041715048387268,13.252253023513168,-7.443773514436327,-7.743467959602438,0.46256099549066576,6.767997309138057
916,500.9808791589566,2.437994478899227,13.958157451696714,0.5137120898629345,-8.927997868293897,18.60592323406602,5.6994945417796785
917,419.0118535819797,0.562894781009307,12.052765524248713,-0.7389599757820982,-3.8607289745098132,18.158854826930686,0.08803477660702974
918,174.34001582032218,0.08146429957318801,13.434210708324926,-4.665087267223195,-7.196965365097651,-2.3553360314236134,3.2193890049994565
919,259.7855869329307,1.737683269643922,14.64038675787845,-4.742468794648553,-13.387472926521369,2.0315935886486667,-1.1841321841081847
920,375.17173798988796,4.890200242211124,15.522303791908179,-11.921798367419699,-1.2936122419943992,13.613160362034916,-3.2335241680805424
921,129.06218958781184,2.8185800954226754,15.408028690208535,-2.1666587368525283,-7.667107843200658,-7.054913251784887,1.4353995558687433
922,438.70536306172437,0.5984707900876174,13.126035205020884,-17.698843684013422,-11.916386359673025,19.42682246924887,1.2675292134586016
923,239.62422782345092,3.386359320764626,13.802751925632414,-15.658144166929194,-1.426526455135047,4.555306046850989,5.026253942922039
924,126.75267085823373,-1.0132488644453224,14.2262444982631,-9.42127847148245,-13.828920991281677,-6.611001069898048,-1.8146027475180926
925,261.1123087442286,0.31184691546066645,12.299107483551666,-2.427473573096291,-9.11573986061346,2.259729196240885,10.945864989922029
926,395.91612234616616,0.25364520665401447,13.166070683606799,-0.45359997460466484,-10.03908011066078,14.357677316118975,10.959544245176236
927,208.19632574046508,-2.1341846639573063,12.535854246904991,-13.320532244990494,-12.584163089978954,-2.968499694816071,9.100224404250842
928,220.86834227930285,4.908053939896602,13.98942069620792,-0.8907160076249103,-7.883952871461468,1.8995036562745913,1.8189515212789527
929,167.55730474325892,0.2617584086641651,15.698083930390698,-17.46265959113595,-8.31885043624263,-5.442719932972709,3.724928040571175
930,70.79011441089463,2.4203172927842567,12.933345208540796,1.0287372575554665,-7.437099542707364,-10.932611389772775,6.435886784387595
931,272.5970288578263,2.417032757289451,12.879364682650309,-15.108240531393474,-10.267354736282135,0.46614913051091555,10.75314320728728
932,276.1922720738792,-1.6099485389164983,15.601308392134571,-2.7127554610604534,-6.909360928172894,5.2795273893313475,0.23694342224886533
933,68.95698483428103,0.314909715593771,12.309100891571575,-10.876411821140543,-6.791945376687143,-8.597027357055055,2.289632292088587
934,305.6782131026135,0.6253384607854207,13.877715828865066,-6.6024082956125145,-11.511605230288225,4.163081168560842,2.9381601450041224
935,180.77677009494863,4.983603157863756,12.350735325469891,-14.458037466576995,-3.2417998513606214,1.514474083859339,0.8579095275313211
936,368.4294922252214,-1.3785643645321706,12.512137901376846,-4.694037732159996,-0.5295051413789729,15.557920115066361,-0.8606552309047704
937,198.24761437445196,-0.3316528156770264,14.617970390641306,-2.38394144702907,-7.535694329618697,-3.6634882863240996,8.442807997984433
938,352.107010508718,2.426293819673934,15.708606273106707,-5.002781028533611,-14.205403100443005,9.863229691700381,2.2597616248339794
939,141.03916363722388,1.6790017041843552,11.82788755832286,-6.898990520287315,-5.1129952245853385,-0.9391371984322507,-0.39133877986697563
940,301.7289450171848,4.951888800708646,13.184265767905849,-7.588444658283386,-6.050696917248446,6.908824900738834,3.346261614085819
941,252.0705344211554,-1.2790496541366165,12.102927877363497,-15.31161266297833,-1.6737415436789167,6.529123344253128,-0.6048979885239021
942,411.52239053978474,-0.0059327106396533935,11.919349379392187,-14.924094070413197,-12.911622033663967,15.056507847294347,1.8215602568847942
943,117.50274576623896,-0.16342660186047642,13.098648602567208,-13.468407378276856,-8.425675005977624,-6.3716572393548585,4.1194263115144985
944,429.8680375503947,0.16261781791911112,14.883507856756525,-10.553552060381444,-11.869720589382775,9.087585899052938,5.088243982460016
945,421.11960376362697,-0.8527764928664174,12.375489367568214,-10.319814856546468,-3.650178281704161,14.2925759761952,6.023438203720939
946,430.00582252407315,3.664604398244042,12.576988153901981,-9.755626370454841,-2.4806913419004104,18.656558861120352,-2.0859680064033217
947,223.24196473262523,1.4197022673529518,14.391616400852827,-6.0833598491681835,-5.230132008201435,0.8217642063465505,3.761955653015729
948,418.46271578445374,0.6365050877937417,14.832941356472558,-12.1813640870705,-0.23376062059423042,17.965661212014638,-0.7556092062333484
949,87.06238549300043,-1.755817972919072,14.930629876855813,-8.355269658798125,-4.140943906443454,-13.71233686108459,12.486616610281239
950,141.81696791369367,1.306107727886189,13.45656897002265,-7.355329399781628,-4.476674226771767,-3.2218197157483406,2.5946223967575026
951,329.5267384177408,-0.5361033797328751,15.393374707580698,-2.1920737432375064,-0.9909617907962822,5.07582956100209,10.057198431215927
952,373.74465187115305,1.0990287274962531,12.578786820555376,-4.802534518254156,-10.870986049191265,6.697858848125827,12.030596987335674
953,276.1141665747635,-2.0596772725871952,15.310898631857754,-16.510567237703476,-12.824792068496421,-3.467298925788663,12.48795385750366
954,-0.3324056951619045,-2.148992651928862,13.33236051824621,-3.8215457836381734,-4.061977849438739,-13.005698829401501,-0.5729901775204755
955,83.7840685221049,0.16866713332092154,15.72711373585363,-12.560081875696056,-3.5137747626658555,-13.265493191707165,10.380631527848857
956,313.42866747092313,-1.2740662932883922,14.458035241600168,-4.533339995854168,-12.284167099014631,1.4141538033482615,12.326307050744772
957,411.7844231898199,1.0720847928373765,13.829402334822891,-4.203163073755966,-8.464725180851651,11.384992882952544,8.283188067043891
958,256.42820543830226,-0.7852991873103807,14.966605012567623,-3.028757196931897,-3.279101245995168,2.0884040326562374,7.35532470868723
959,287.0848694638193,-0.4114769378507894,14.444195748949737,-9.723803321073198,-1.0104817165546915,6.916622915579692,4.249540642953507
960,291.66996096849437,4.999692943137145,15.153594387752847,-4.758392485407576,-3.8376210364164063,5.694700329328468,8.989452943739494
961,234.04213289996318,-1.7822804380088906,15.788753358967746,-13.721744505109308,-11.99819035098306,1.287700545346791,-1.466061617877342
962,508.8409099452784,1.4556507973416202,15.403363411709645,-4.347145539794888,-10.49675095358019,19.97560210804989,0.6697896958635017
963,282.1954966073693,-1.2759993499691396,14.079018704867012,-4.311040737717447,-13.307228115746458,2.138764498515963,4.15423079792869
964,467.81318018351,-0.07006975455986453,15.69894854591114,-0.7522202615646285,-7.569363455137511,15.895452058596957,4.786494927979312
965,349.06632587351277,4.777658158039515,13.567347825609286,-1.6940067125120994,-8.748299166015187,7.392991746436609,9.754662016111574
966,261.5182458217763,0.3929447289067127,14.236019573064352,-8.934429975793334,-11.964632996882948,5.903784338020083,-3.302835699250421
967,442.1267004434518,-0.30670612376107353,15.74574198084117,-0.6494872148584205,-7.107370237407115,16.215644548193765,-0.9053379260082526
968,384.8683017547258,0.9171122264533471,12.155388462610244,-1.6484098433709535,-2.261467049021924,17.431043440734513,1.449089826803137
969,85.26143853913406,3.8350580188717425,13.325182575044833,-13.653078026298338,-2.390847129805179,-7.012032506472507,3.3742835278080996
970,457.42023878283345,1.1615739485903296,12.401798149507936,-14.9264118741042,-9.664098903841573,18.809283714249915,1.5363025357055786
971,448.1696089599459,0.41969127047344745,13.97047377163974,-0.17756537403414918,-4.876484801548347,13.004609890578129,11.883115204029277
972,393.6984478271531,-2.3363664053181843,13.025090472308085,-2.832400448329971,-13.6542500688508,14.820884717926509,5.091684699625092
973,375.4018438818194,1.250152728088505,15.0060842060577,-12.455349639191086,-2.671925135628042,12.59712371902429,3.6298108714803536
974,169.43524624485562,4.596652818267875,13.201337890947103,-17.70860512773568,-7.074828991160146,-1.436391188313216,2.7177517583474273
975,346.0106427821204,3.5698459089813626,12.508159758085599,-14.276274045905135,-11.391164369200906,7.054488357050596,10.8080324731474
976,430.52380720167963,2.2856082458891525,11.862032041966772,-11.93101090150585,-14.074986218553185,16.401216410902286,8.993478963356514
977,30.552142055516647,3.1354417791756513,13.473336556746876,-4.970492870556296,-0.15524558828970925,-9.862183645664524,0.4056543716413188
978,94.50820999544558,2.1298540719475194,14.511780243880697,-1.3668427392956777,-8.431284492641483,-10.300169446869138,3.6269927729833498
979,307.23446383052993,-1.6107442813035915,14.46525303171941,-13.742246634982575,-6.929661756751534,3.897354565310744,11.861777643884754
980,121.69917601660018,4.630447094125362,12.060030984822744,-14.308984132987087,-4.915430353862451,-1.7608040572551484,-2.6506703783082184
981,99.49504391322908,5.158368969331627,13.686606523810772,-16.96019760758219,-9.029347848844129,-9.717741765621039,5.612885740522005
982,223.1134811669378,-1.1910467656422252,12.857771019899936,-4.4221707166388455,-0.9844527526383242,5.28094144768165,-1.0937738647894975
983,507.7510094785954,4.306730906207644,11.926572623980618,-5.695161569179113,-10.374099452574212,17.72385788197343,10.585433734415638
984,482.2866419844186,5.01998310410578,13.611669984501479,-11.276549227621128,-12.575012298751227,16.84874198346099,4.761356124159875
985,433.4733767823978,-2.085951387078742,15.54711892933312,-10.76389676030722,-2.7959269355311083,16.06674236435417,4.043537900544134
986,165.99111162602702,4.881192830113268,13.102770927144421,-9.299261721765728,-0.6779337882693852,1.2987918675647574,-1.6872838314255159
987,222.6098242242259,-1.495050215364115,13.407481944479722,-9.382893662101084,-13.801930678639197,-2.4342524316261738,9.236884040850029
988,402.93082434337487,-1.5134361169269042,14.049359205576984,-15.162601990552957,-2.956810779144634,16.009217208935638,4.340950147745231
989,288.1669335863247,3.221191838110739,13.100653807360922,-4.382741435850257,-5.1257965526854985,10.469017444230436,-2.7692587761598517
990,67.66749240394122,1.559631108349651,15.432019152761997,-7.400906388052498,-0.10849931438421123,-13.930377804864362,10.865258528506837
991,427.3704613652626,-2.1774468708316466,14.105854928279758,0.8178591766773403,-9.274652629939006,9.636113894749093,11.431416911083234
992,445.5762520164295,-1.6391612561109072,13.123353841687925,-14.497442119080597,-2.501436220148559,20.152887630141024,0.03250462672277621
993,473.50519140738663,0.8836072541020874,12.05013952806693,-16.641843779607367,-7.317096676243646,19.14086153747303,9.405469266563216
994,128.89735257392275,2.20985844928216,14.16177728745044,-8.970742040914208,-12.343615519810367,-6.08168322536973,-0.054764552592345694
995,453.68791922940227,-2.0370765367136263,15.731398911576848,0.4754048657852369,-10.312851921848361,11.987175901599654,7.1900697733756225
996,39.12922166749768,4.781949221905356,13.49148668330431,-1.0319161897746048,-13.086138389220773,-14.367334246854735,4.518723996634263
997,228.55159468826534,3.404643221476291,14.288078936079883,-2.648628101305801,-9.817606220896323,-3.304614334397888,12.39328436293406
998,526.6762798526762,-2.309113594120457,12.970850021269479,-10.787912968402575,-0.7768150450011237,20.01568809696404,10.891151571914822
999,462.2014971110265,-0.12843912628996268,12.122656124237777,-12.005945841494322,-4.324979989335427,20.57521748968692,1.5081069792202833
