,label,x1,x2,x3,x4,x5,x6
156,-41.61559581141693,0.7714331567185471,-0.8399553144096228,1.728905871340184,0.4933409219620033,1.586705275744629,-1.4788437545386688
265,-35.310359391873035,0.2123301478208502,-0.3601519961926102,1.5085123942349798,1.3671620616609372,0.0898765145236871,-0.3658940290231823
272,31.554733925109147,-0.2620770226498132,0.9330930949266472,0.2905533094691013,1.1204268042375107,0.7758652319242799,-1.2468735315159514
644,-7.357062779265651,0.8926935978316207,1.206040117172214,1.4780598702898189,0.2662323839679618,-1.7308571351860944,-0.9506794821783876
581,42.56590846462362,0.1929288588883857,1.226660547032506,-0.0109128628183399,0.3197909098605995,1.0822951900283897,-1.507452660388807
168,-23.138759222155365,-1.592316513411407,0.4728694847480045,1.2036328232756506,-1.4968742863510782,-0.7947019370546851,1.5526177960851804
258,-15.060217601382178,-0.525649091629408,0.2002426366446411,0.4103702278099272,-0.7967414953228192,-0.6475433543929785,1.308257435796963
877,18.105554113432472,1.3249879412524557,0.6467811133897041,0.8353945380346239,0.3694593238406093,0.945359123675054,0.2805218240220122
587,59.93388503667351,-0.0702339359771825,0.8896419618887733,-1.6600106297648776,-0.2636335312719619,1.4385003205611973,0.5266510744133959
758,48.00462396562594,-0.9099128432594258,1.6138421135754442,1.3429620100426432,1.6120567810066797,1.6621350612298869,1.6625041541629149
325,37.91261005444793,1.2385481054668748,1.6371832936424409,1.6547616136619614,-0.4283520146230674,1.480899130231625,0.4317771566571806
849,21.644844225793243,-1.4344127352676026,0.1622594551674878,-0.5166762274342425,0.3704587108762724,1.348885106332483,-0.4846220740988023
741,6.891634758376512,-1.6931362213388546,0.8112247895477323,0.1315807182743441,-1.0525069651775285,-0.4492555788288329,0.9850309089113228
0,-18.46694475334319,0.6688774163617438,0.9203709720439692,1.722306174306787,-1.5208716477319346,-1.184405618077028,0.6898708813622687
952,-25.131792327289983,0.9444616054623658,-1.2041707923436218,-1.515392398836092,-0.4511002010709983,-0.2214468489079728,0.0874199812467592
452,-60.008466643295804,1.4161828803759882,-1.6930675843253855,-0.4735793480642283,-0.753312847439557,-0.3314793856683215,0.990443210473827
175,8.071845048389575,-0.1915458249611643,0.3344172704135489,0.5260485799069775,0.1809045798152703,1.0314946555284688,-0.374159695341288
451,11.347047395054698,0.0470873513912986,-0.2130468741000035,-1.148992624144589,0.3851336212953887,0.2617101299449274,1.4412549165847024
482,-44.41826126113951,1.2850886548667468,-0.0376094117585095,1.4501761596774472,-0.114241997687382,-1.4147820997233331,-1.427731925046772
269,-8.350165330496507,-0.894205924431189,0.3898041980515606,1.6038454914029572,1.469287777914913,0.6303329073127302,-0.5999134309857294
66,44.14804731084609,-0.6563166600059978,0.8578775348050836,-0.7190276683818903,0.8083256959279809,0.7879012054149919,1.3762073123737746
381,16.287010576056915,0.7558319480782578,0.1718806783827014,-0.3976934576135298,1.26332076714486,0.5384303347671247,-1.6222220671351126
894,-25.051212334649968,1.6120256904887376,-0.2726837289637361,0.9032442323542732,-1.4313083213868931,0.7480723837787494,-0.6884395371326681
800,-34.022310606449494,-1.0558868146502087,-0.3980822570840091,-0.3370818934869673,-0.6210067134728758,-1.1214114601744665,-1.4547755007076637
361,59.35687172135295,-0.6493295807603703,1.5747593415014949,-0.3714537391008948,-0.3665809484508735,1.1594445152894963,-0.9868221522682258
527,24.622077947391837,-1.3189319122233552,1.6250649197845484,0.4372201509406222,0.1907119704261176,-1.045533177677777,-0.552406806124251
222,-10.874964697944485,-1.123981478986621,0.0740616621514109,0.957172582214786,-0.5195321155900704,1.0676825470570106,-0.6772263036302797
251,-86.7325479440814,0.5861137899210861,-1.7339633465386546,0.9205560388412836,0.5822646510661103,-1.20845032663906,-1.1883878950424125
23,19.35812218391076,1.0283253371336472,0.1252910094519675,-1.517606254553601,0.2448551843511578,-0.6940327950832,1.2760175812803587
608,38.32697177899504,-0.7298083330577559,0.953075786674202,-0.3779060061128871,-0.4787236835282868,0.9018073671996404,1.0956116582246564
727,-16.123864569140597,1.7062274641465385,0.3862063156801589,1.6196603373471985,1.550955576144022,-0.4972206346115085,-0.4605834896921068
266,-3.566124825772559,0.7611153254127205,-0.1717553702042344,-0.7758211526272359,0.9959142527222088,-0.7678997927349818,-0.568999673928166
101,-13.472248063606983,-1.5044856301982013,-0.4771636192020141,-0.8135202551403353,1.3441690660701204,-0.5840746746679496,0.9072447554295996
574,-71.39271062839956,1.087964963172935,-1.168181087583737,1.3402385118915154,1.0693562595413897,-1.2525110446719612,1.40056900641486
331,-54.45524814596605,0.2683856888254461,-1.2362531557470295,0.2223970706221679,-0.8575399862429369,-0.4428053525026673,0.8505841904963325
900,18.876672881626373,-1.5382564140271122,-0.1060566247071998,-0.7354008580067718,1.2182580393982825,1.131852379077865,1.5004833119439456
129,26.03541604251887,1.1374895888279255,1.169947515162192,1.0800299890388665,1.17752965563289,0.1992508093109792,0.6922942489896773
82,-61.729726140056,-1.3774011072906536,-1.1846834186519053,-0.112959885535376,0.6834635590585773,-1.6993576903908714,1.6361685493708324
604,60.0254944814252,0.3317635874905897,1.444286712085762,-0.5075712623625599,0.3779778678086497,0.6937761133355842,0.2752430667737502
788,-26.714423223823367,-0.2797691418940632,-0.4872668196914647,0.2178685369072344,-1.1701174066260371,-0.1322165574157073,1.7707013009328372
882,-88.87255193460632,-1.6931350571156398,-1.7653793438492889,1.708184938217205,0.829779200176427,0.1756606017458002,0.224693679754193
77,17.665219702830743,-1.225182428266472,1.17500117340837,1.6795900979010685,-0.4996733815204799,1.4411952425686758,-0.2164853027404614
165,72.832300769159,0.1633026400428684,1.3495503933708255,-1.1493961645535185,1.468900628674306,0.8021493391835844,0.4615074307731238
725,-32.55518249723418,0.3800485978296032,-0.4208406614588844,0.0459089304224063,-1.263654917570214,-0.7931508421408205,0.4186215462400849
951,-38.77350597092752,-0.012424172146976,-0.5896831806715969,0.0134277605137155,-1.1351571234554427,-0.7469942019368605,0.4003769775950689
714,-17.90421475314319,-0.5224215893115848,0.3517748056097937,0.5034810676118595,0.5910803198015698,-1.555337005335243,0.3840864585670241
390,-22.75138489629657,-1.0547947258827914,-0.1945752536434355,-0.1111475676016111,-0.4606478299722836,-0.5609652826070011,-0.8250927259261253
198,36.20633043969536,-0.5099015949515489,1.3823202462972812,0.8046396787223475,-0.2194178980180665,0.8204823442990714,1.7521868752473455
472,85.61762868806377,1.563773538188988,1.5908405632964746,-1.6176343747801836,-1.086490073431736,1.1674887383584014,0.3823809343366214
236,-51.46412004838027,-0.7034081915046299,0.074351191316667,1.7436567297839778,0.5463080356365007,-1.4717480571457922,-0.9543150475853288
58,-79.35244663056073,-0.4589812746033008,-1.2548778687088205,1.3183149716831282,-1.0122684406425644,-0.3981456309447185,-0.8942354624898926
446,-7.018857546798941,-0.8748110435739538,-0.1254720649024868,-0.540564234124677,-1.3203397056625152,0.0485990586315806,0.2604545552439015
615,-17.877869857701224,0.3464763252626356,-1.1026627655820251,0.1604580637319177,1.6056910148705323,1.7110094387222334,1.011217507505337
421,-17.94474739203269,-1.2407368415977311,-0.3866022620157829,-1.018810110445523,0.4685047298133923,-1.521506786223916,0.7761631736994618
293,88.26108604430702,0.0632057899478981,1.505728287078235,-1.6391554652225755,-0.1009667046455114,1.4900534436221051,1.2766075838646411
142,-39.828988487003215,-1.2770210415517986,-0.1720811215624287,0.5879108856078317,-0.0924364127812229,-1.6702149979126355,1.2591016927553775
671,4.720196087272981,-1.432401213877114,0.510858107240395,1.6588135794899457,0.8752671140792996,1.722693171850196,-0.044416165566914
906,-27.279373445595592,1.2382706117537023,-0.2003924803405074,1.4488149869188407,1.169011162380689,0.0393351875566233,0.6386342903469647
928,47.906721559312274,0.3846833481749837,1.4405563722044843,-1.622975214104076,-0.007771286431408,-1.7387835029140248,-0.1905325593974298
805,70.61562442333785,0.9942846483171396,1.5654170137063472,-1.5250661309846536,-0.4544961196132194,0.0694064401640509,1.2969280314400091
871,-46.62528867516102,0.1914406800766013,-0.5129006854745334,0.5378745683086364,-0.6086304828441026,-1.3712853087148398,0.3710915456043668
600,-44.6566079372305,-0.4722129384017159,-1.456318900995895,-0.1782711835167667,-0.2800187858441477,0.8050261470639417,0.1519872431218512
707,-1.9515854950268452,1.1063858848787955,0.0197376791760507,0.0594619309879911,-0.7017012923977852,0.3278212034653229,0.6191161957477559
461,-56.12481966224352,0.4425250815075997,-1.0378272052017172,1.4373457180907283,0.8728043480119533,0.0125616858436127,0.2578355369817296
254,-21.29137202054288,1.0821186512306653,-0.8459118337627959,0.7239871212324304,1.0858733962664342,1.432733134823206,-0.4370528191388933
223,-47.76108380138424,-0.4696532314453598,-0.6332340300174961,0.1451639584547893,-0.0858141901100287,-1.6564824711657964,0.6653137415305461
416,-6.202602574613418,-1.400027129816071,-0.7496623174686775,-1.166187789464826,-1.6935623570072114,1.3445481672871973,0.1193382719075441
689,-28.702288681084944,-0.994955996530347,0.3424832503018057,1.3714800507262923,1.5719223822099626,-1.2798067626553793,-1.165373534689289
103,10.150305585290605,-0.2034639030466232,0.7943402510154871,-0.8393375893835109,-1.412050089504781,-1.6463493789372663,1.1935316213410092
577,-36.64746445261605,-0.1813664514389293,-0.7658380010039545,1.4674825124399486,0.2291624319652907,1.542093433300682,0.1850542424628652
806,6.605503264184233,-0.5600235180634425,-0.0291303836026016,-0.1362834476257609,0.7146362433758451,0.933839473283627,-0.3895571583705371
24,18.422593128055126,0.5188050202903494,0.4586816778878817,0.5207848709131497,-0.3162420262226583,1.4457133589006397,0.1588912955098062
853,-22.45887212436235,0.793612535330005,-0.0373592998399619,0.3009247015450048,0.3391386389022164,-1.2992964214138936,0.5581833564816845
736,23.305523505270514,0.3588995321622614,1.2320351678393415,1.6716884346855834,-0.819437420903741,1.4348965349457403,-0.0208500689971357
823,35.51870485079398,1.073366220244121,0.3216868252896108,-1.3558133728298616,-1.4997079481043072,1.191242569087683,-1.4222953550803543
859,13.51665085707762,-0.3771805060427076,1.140082836048712,0.780136530397599,-1.4776857606634173,0.1012328445077584,-0.7446301819371701
997,7.169812986910884,1.313374881702441,1.2691582846868985,1.176893080659584,1.5869259217768357,-1.6230685468898085,-0.4481634459978539
338,25.867605024058214,0.5406791308178428,1.376640366189071,0.9731173814692684,-0.6302871464881095,0.043761639565485,1.3302032982408802
4,15.5055109206828,0.0578489886740092,0.9756487696361276,-0.8858017986215223,-0.861278172205819,-1.7368332226322345,-0.4265198204610409
64,-5.924425248423932,-1.198326729745922,1.2245493236875282,1.578924272110085,-0.5583447081517942,-0.7931440770851806,-1.5817533085468063
348,3.337204041623224,1.1307360212744089,-0.1778198465632834,-1.527792225775265,-0.9481067107197312,-0.4696098551566872,-1.585082294409864
81,-59.53970638772384,1.654513200478248,-0.7930056537504128,0.6975343937257675,-1.5968070932758536,-1.3834229093159427,0.2817567488296952
959,-29.516264033321683,0.9791133060983198,-1.0255187634363918,0.048978137001644,-0.3895615404594418,0.7508082089135973,0.366093779345466
634,-23.72374961630867,-0.0390848836584923,-1.115732261725699,-0.3276039347135671,0.9528432523104368,0.9094328762664352,0.8326983279229256
813,14.290521817214431,1.4495832791215528,-0.4456158918267009,-1.2217730131940638,0.5685302501252406,0.8972577126473031,-0.1962142776891334
462,-63.94400916285294,0.0333208941194549,-1.4529859636510556,0.7181670712080912,0.98308453968358,-0.2427749595077711,0.0177324299146313
424,-12.588218933108823,-0.2690311821288149,0.103668784181095,1.5414679762947794,-0.2583939941682136,1.2199431252772812,1.455072168878944
278,30.58237033343761,-0.1889893470492302,0.3167339379091073,-1.307739308514242,0.5567373015803518,0.4831811518656172,-0.6545281408744358
745,-43.74054653749099,0.075289756307799,-1.0505829104331357,0.0050285069374099,0.9320872276236746,-0.7095765262044421,-0.0011212517763475
340,-17.806952290311187,-1.660650257508723,-1.3468504005506137,-1.2669586916257312,0.3833232005283912,1.1967321207767363,0.8892806329645325
612,41.22634041830903,0.1028775868827632,1.1214562272872768,0.2918807232143157,0.5175696902644681,1.4535930739705578,-0.2046532838994189
974,-1.14139183396744,-1.445109268053778,0.1008688324107341,-0.4279717097188296,0.5511920671992445,-0.4764107418708471,0.985128185707933
439,36.32017150468593,1.6457828194673627,-0.0677848913135926,-1.6646784656990068,-0.095050196823392,1.2056497610728938,1.572288574128744
298,-57.24145629531776,0.1944830920014585,-0.9730429817228956,0.1714183247365916,1.250179389465003,-1.6421881179569295,-1.0919446014890015
687,23.45441271848919,-0.910087350153437,1.261087040187004,0.1315279382417109,-0.6220359356653747,-0.3436168026205914,-1.0803837601480115
327,-24.666918225586205,-1.1959921255055543,-0.7197739538092072,0.82634629883948,1.51559856191759,1.1565153031330933,0.8730582441760624
311,7.1490544039073605,-0.1359134561426137,0.5514475562133231,-0.4828483692751959,-0.6453684135961408,-0.9722988290607368,0.8761200324452263
91,39.76797442948637,-0.8449611508897695,0.222524394210271,-1.249291986821216,-0.2491471503979386,1.6601145038973135,0.7858962486792714
700,12.278073716299808,1.6673250360651084,-0.6795346089464648,-1.0596029108012732,0.2432840074275745,1.646383093191549,-0.2084177971791795
19,55.5051588652253,1.674909287250797,0.7560711845686987,-1.160817532305072,-0.3227161366607279,1.3712992217772109,1.2956752179900917
447,52.69498312282104,-0.2978879940046725,1.6214167730074365,0.0659615320308139,-0.4218199489681308,0.6766370360412688,0.6371877144868344
850,4.422942592740752,0.3511822431519728,0.6769241131673764,1.4041315576373328,1.3415333695182192,0.1922504593825107,1.6824327575371425
10,55.98354662853061,0.2318733060298362,1.6597445704682303,0.6170379725669402,1.5954164070483965,1.2410170859671927,-1.0881697180787595
526,-45.300206235042445,-1.567517367785635,-0.7470701277913022,0.1982234477298063,1.3403662248985817,-1.2570312022744003,-0.012938083599709
866,-47.99555302547075,1.3899311236687104,0.1799182248897542,1.5794704660161327,-1.4540896576364242,-1.509323040083428,-0.902253777347488
343,2.4818561968200163,-1.6888075068205946,-0.267679715488706,-0.3254895261203789,1.3360762369412698,0.9444017951043796,-0.0330475986197062
125,-8.042162527737458,-0.6611683772077894,0.4271489138828555,1.6292500553696465,1.3515960323192562,0.4582668891653261,0.5531030087270391
237,60.07691196779408,0.7224552526180544,0.5074916413322345,-1.1681198434334246,1.6322588957415751,1.539590300710341,1.2841824552076913
717,32.28042372655229,-1.6194825121115812,1.4082857666386508,-0.7042651800344113,0.2029869605175701,-1.2000911282236937,-0.9827234814669826
239,-13.261996626322642,-1.616701615355553,0.2487159213053446,0.1395310415211268,1.6313222175407176,-1.4175913628534489,0.4517593212428611
695,-11.217464358677594,-0.9697268014553848,-1.3028253868874669,-1.3766958800118985,-0.560442315935243,1.6217765288035295,0.2281517382093461
533,-61.87548522245217,0.7072337423315075,-1.5360034752042862,0.1015910793998605,1.0448250224300777,-0.3003060522738646,-1.4822063180081844
294,-42.14390190374188,-0.842381989694882,-1.2336687553826142,-1.0040953625717743,1.1280065956889902,-1.3954040720595324,0.5384540140188896
976,-23.850461015041724,-1.6782490157352667,-1.2410646496497593,-1.1056005364105757,-0.0522520118277439,0.6702588338751139,0.2212491218741785
69,-6.7533601722561,0.039230867653638,0.8977490556076568,0.5975411863658925,-0.9004489805819446,-1.5174202527984886,-0.9207865836522282
400,-52.21267533060222,1.3923117755069252,-1.739103568562246,-0.935600239644925,-1.5175254535031757,-0.2442930009665344,-1.572548122153375
279,-24.15063703317073,-1.6676996114347868,-0.1300966437884294,1.3731324826522486,-0.5625076477638208,1.164986079730037,-0.7961555930374584
214,16.799855338407646,0.1216280696840782,-0.246712970066356,-0.996053318822948,0.3084354768420818,1.2050777279152718,-0.3377679960834833
858,-33.80941772092032,0.5453920357822543,-1.26513678045695,-0.7808326447310746,1.6020128302895886,-0.6018936181323874,-1.2309227208962463
454,24.603596340140868,-0.4310620218391559,0.8855727718279421,-0.0801022148011897,1.3274225827671629,-0.1356515821985312,-1.0057448749879885
676,-69.8770348458618,-1.221427232320985,-1.7780670487601056,-0.053223510831237,-1.119899516308139,0.2594497356569841,-0.8969498669498336
637,-9.857871975430765,1.4373415658808013,-0.6016967430554606,0.3022824319240076,1.1162071738467008,1.3490082701803217,-1.3503460287316944
360,34.27734509740832,-1.333915522997203,0.8144908425780367,-1.375881358372562,0.9699423436031468,-0.6849992468948662,-1.4274689424159157
354,-75.50671699186776,1.127630857537608,-1.392581512975618,0.9082724130602874,0.7309948420325397,-1.4805921342338857,0.7408052790839085
710,-0.0782868329897569,-1.5340069240296346,0.0371809090460326,-1.5787184608685485,-1.497154040439609,-1.1833964664054732,1.6883775151907414
992,16.036413868771046,-1.023463050680974,0.8960638212082366,0.3362393625859032,-0.3338394104511079,0.0410875204039168,0.5830797913238241
61,-25.16922402224082,0.4391105466566863,-0.133086700568766,1.6960994055300989,0.631058395117227,0.9390152166281066,-0.3229555283744869
408,-5.2914838478729225,0.1928820443534679,0.6450297413616124,0.2768817661905555,0.495298888399476,-1.7072338267018687,0.9579428950400256
793,14.200006225782266,-1.1161506449087386,0.5948929717537785,0.2762727435788285,1.417250122122805,0.3895281664703805,-1.5867231138864133
595,-46.08223330425794,-0.9833405066019306,-1.1777206397198448,0.8733563892513113,-1.16081432529688,1.3206390458229398,-0.6482889768314415
36,27.71839111459508,1.3389429439569722,0.8134839221199185,-0.1244842660138859,-0.0929338130926718,-0.0313506015324805,0.9573224011850014
392,12.30626232189118,-1.7051419793533986,0.1651057142971063,-1.6796421266453314,-0.9188142995268846,-0.5736210267427394,-0.5163678421314838
568,25.811666787032657,1.3950811615909715,0.8782112475295013,0.4387730353399828,-0.0789463045033192,0.8871542974737097,-1.6049457469227448
730,-62.70179458497785,-0.3433907360823044,-1.3574888678688402,-0.4160763780733815,0.0135813404099063,-1.7088076549995252,-0.5075203921558722
585,22.199724018664803,0.2450692229500194,1.3964524555409976,0.3860325030604559,-0.3655872002123795,-1.1174852833455238,1.4374966286352813
191,22.222079983441503,-1.7055702561040118,0.9648388255844238,0.7871998062949839,-1.7951300524748928,1.6260857172030907,0.4927924576046871
46,62.984213216099896,-1.6782485233975837,1.2562560979352022,-1.1929566108333969,1.3337336810033944,0.589381198069842,-1.2870426836217843
52,41.02541412747388,-1.1001376434658308,1.2089294763383658,0.2957454828425983,0.5384285520053738,1.208031132341657,-1.2890567274317657
515,7.775617104263063,-0.8587201671624342,0.0525504297630571,-1.242698930789414,1.2199587908131715,-0.943614546521722,0.5291130462887331
321,34.005439215205215,-1.6922366424810025,1.1939655270550764,-1.2587933877437791,-1.716141259165473,-0.7254307067245371,-1.2837253930842036
465,19.81728965445064,-1.3050554734251614,0.3810288234998719,-0.8475544245784815,-0.6849301763046935,0.631506198263536,-1.275008173115996
926,65.82673241045363,0.8659458070876481,1.3812679231775395,-0.8133843668316285,1.3701840696582812,-0.1067815076410989,1.3683260348283135
235,6.139426975474325,-1.4978952566072696,0.7356793301431248,0.976223146187008,-0.2418979731642081,0.6418706187873547,0.1952082230038956
521,17.58701776173962,1.1519800252678476,0.1181708130154123,-1.0008978282522485,-1.0098035972417565,0.5200166916780152,-0.9618569060346406
241,-19.39698255750941,0.737513903850097,0.0743135361289865,0.9375800773784312,-0.4929955701650007,0.0133073641925526,-1.653553881789159
524,-42.44532373517215,-0.3327759687973035,-0.4193798335189937,0.6222890149492011,0.7822582120318485,-1.239712665520926,-0.027287048349773
848,31.64013938992425,0.5008640197528791,0.1600104234366384,-0.8374000310734149,0.6533690802741308,1.3436373548858371,0.1848780665563253
901,4.478960331538232,1.5235256079885615,0.2909245163098243,0.1200596815927201,-1.3421728156743258,0.6201533959297365,-1.345921530358276
518,45.127172324479176,0.9626789736749504,1.045483623434861,-1.0104077329703347,1.5184624222212513,-0.6840540185050534,1.5262906298240528
918,-20.90981548364926,1.0293985558894558,-1.0496520645448002,-1.2843569905979129,-0.7249702419233668,0.1160469856601558,-0.7191833197747565
799,37.54910244942429,-0.5586492376261044,1.2445294677465026,-0.9527055230405624,0.3407959096003214,-1.1328336847675868,1.3066988575236558
150,-37.2328601716248,0.2809071363045277,-1.2881906557175968,0.5588666391791263,0.3846466421633321,1.7197274266360574,-1.28061990802523
605,-54.43241397693134,-0.7652986683047778,-0.2923079101672619,1.5375393240424318,0.2994174222825603,-1.3499700160652606,-0.7929892006342384
606,-21.26482478540505,0.1144012594007476,-0.1577976690913262,1.0509069248219385,-0.6526920081756703,0.6907864497875297,-0.4597410969668358
468,24.727189252363534,-0.1060653678191973,1.2490852324444697,-0.383753669832663,-0.3249721599277861,-1.1886643549602296,-0.7068948130109287
413,1.046207112251607,0.446811466938032,0.4032074804103765,0.6804894517944216,1.4084690778497126,-0.0325723691232698,-1.0016833410446402
778,-47.37035819051042,-1.6411728609732628,-0.930399370819506,0.947024495354636,1.463091167662224,-0.2186942643791434,1.384782071142174
828,-53.66933237921239,-0.7219768437379417,-1.5855411773169923,-1.5623375402909871,-1.641201742796344,-1.4158791807531574,1.6414842496391429
601,-16.916395188494505,0.5070640924086288,-0.9294983980136472,-1.4138418990801669,-1.6155311574109217,0.365076875305025,-1.52973304606657
59,-41.24003026606427,1.2876465889148867,-1.3292169158320857,0.2619195109064055,0.5886166820051865,0.9126434331992744,-1.4445372009541164
962,-44.18570201156421,1.5453455623664054,-0.8053960776475715,0.9109371567916114,0.7361406632269479,-0.3213808162115586,-1.4117430292774469
743,45.4601101289634,0.9689751160420468,0.997033929628976,-0.487080440704798,-1.7445197084539583,1.6518585433954405,-1.352825028452313
100,-59.44137832212034,-1.5512661230784146,-0.5021266373931204,1.0450207526677682,-1.0451335828951172,-0.915312100927302,0.5607308777784477
875,15.33524478116201,-0.7831705659447542,1.1479011512211876,0.1679905120496817,-0.6236875676843106,-0.9161701068262128,-0.6169610017487711
475,36.48439117628917,0.7958741200449294,1.442364784909436,-0.0854121751919236,-1.7571677957676095,-0.0782837001934259,1.255179309377982
456,-4.209052728785835,0.4791947006850158,0.2494392397996455,0.8518513296674192,1.401579912751432,0.0960125068195407,-0.370312853821691
68,-44.33857443107151,-1.525345165217662,-0.2675830413422658,1.498194003421956,1.3056747698831108,-0.771239765713209,1.2788353765096112
552,36.19494199639915,1.182244201800426,1.3044952025910703,-0.0227201798420383,-0.3106166896762769,0.0084756002617361,-1.5450487015690029
732,-45.10950823396727,0.0974845287013271,-0.3937781999229819,1.1455657214765511,-0.9723219982965954,-0.2676617057692955,-0.7215266318664347
464,-57.32649670901524,0.6625150903519706,-0.901678801160153,0.2121235459301109,-0.7915443788480668,-1.4228674542988302,1.773195770544555
330,26.107539739459217,-0.3549030522302112,0.6136756858147985,-0.9744670392222962,0.0888085255075312,-0.3698841354924639,0.2674090049445825
232,-39.799242145817374,-0.0851288328106646,-0.8228753224577934,0.461321583883845,-0.8396243529837185,0.4528349766892653,-0.7808537015832874
449,-66.13371799354323,-0.7667783560423873,-1.773192252661296,-0.5221791406932111,-0.7528292853966879,-0.7422083648807132,1.325149728223673
309,49.24045981493956,0.9741549965167886,1.502256455741927,-1.1826428297673204,-0.5654237718270001,-1.2087758449156911,1.2107692224095803
831,63.29429216029634,1.0647170361906428,0.9864007727012616,-0.8991904274143875,1.4438995828765993,1.6631567933985263,0.055315621713897
17,-26.78587404247141,-1.4664908245576835,-1.57054675069104,-1.544955107617211,0.7520492248231463,0.6837313293161502,-1.140262375062053
649,16.70328559160221,0.0659094660187612,0.3492767395534933,-0.3531583134746217,0.808855162290043,0.0757229623764854,1.2776000699730328
284,11.444854718274287,0.7855885283868109,1.3108800883806475,1.2779485441133775,0.5861655754136159,-0.6844356597760217,-0.699892731120645
104,27.39869610922732,0.9543878571113136,0.4350848853037565,-0.1819932474631144,-0.3178348576131622,1.2381757516906788,0.7108798440258387
261,-78.62582804669894,0.3249660910196933,-1.4520560044975122,0.7402348509114821,-1.6245968882581632,-1.3538228848629048,-0.954741276171588
282,7.299134817435586,0.8389020921347782,0.6365616570904074,1.1446576796082923,0.8095377067523271,0.4696137693389178,-0.1910558504341707
549,14.994274606857491,1.5967479356815355,0.6684514886007864,-1.0123953134112258,-0.1366433734702738,-1.679267648288138,-0.0852033937123705
984,16.66536830734213,0.9135080956563758,0.7016922663884066,0.0501434875720971,-0.17379787249639,-0.0117965249829602,-1.0191989652573246
276,60.01067420159773,-0.2491310929023061,1.3669360181640815,-1.6154787900806853,0.2237996595848003,-0.2832111058284957,-1.0612478176529818
442,46.87879476202357,0.9927066306517772,1.2242142129952431,-1.387838855612881,0.24766685019263,-0.816097595573114,0.1513741797878943
632,-30.16894408087534,-0.9479328136141614,-0.5120231653307266,0.026282259537998,1.4949865925649248,-0.8865473919429191,-0.499382012352156
930,34.20708423764498,0.7051287404318867,0.3162713234137757,-0.9842375326812204,0.0574957993046674,1.3374243207294023,-1.4903769022513436
907,-44.84290588811752,1.3931081291932144,-1.744308656285954,-0.8192870447031928,-0.1704110828412829,-0.0431660409270405,1.4605584116994204
443,-36.07202072589627,1.5581587952776426,0.2397890577700674,1.509628361014984,-1.0811445710945995,-1.4151451858250943,1.4799696478444064
874,-11.489971827080655,1.6375947729070357,-0.6699424249565393,-0.6889575383971992,-0.4274939892863439,0.3894161594430526,-1.1940892280835185
621,21.98859125412807,-1.5612144870604,0.6112785557487501,-1.3037986663585777,-0.8654805848484797,-0.3794642883876571,-1.412479569422984
782,-17.41409957412091,0.9768515115485092,0.7738389053048529,1.6554371522346685,-0.520023402087103,-0.9554134421187328,-0.3347826599495118
140,-103.8501187036825,1.695985546934675,-1.6221794660082585,1.5126306839676775,0.405646912869849,-1.697581025461367,1.2823411656476569
219,-70.33760869859806,-0.4345894199056553,-1.2830378670285116,0.4736123895885063,-0.4850403544166417,-0.2974521132498272,-1.6968607730207268
73,22.68670752736155,1.3503546647014375,0.9943630488699406,0.3549531626244606,0.8856840008727941,-0.2913559343104258,-0.7177133339752914
26,27.21508930208357,-1.4302864811410487,1.5953000339616372,-0.3431583480713274,-0.7682538417675155,-1.6353561249890745,-1.0439286108821129
62,-28.402521999825986,-0.2447461686553287,-0.169497666609266,0.8714616948227885,1.190461553035992,-0.4640763272697213,-1.0568130803460851
394,-16.028133331339056,0.5034495398183427,-1.0700147094937358,-0.5467108040228181,-0.090808557303063,1.323072245209136,0.132117694479426
218,1.8218353509887424,1.542086031675087,0.1161611408693397,0.3024528371810791,-0.0114259109295324,0.2854269464149804,1.7679487255960165
989,79.90887839121466,0.7509662216820537,1.3706954080009803,-1.6155609500145056,1.3142411945906465,0.3962891975125646,-1.3856935932874674
840,-37.810323946824425,-0.9058298157259216,-1.2174911424045216,-1.2359613923833097,-1.2216093831943744,-0.1450287815218214,0.1464220734503023
654,-41.50737249388609,-0.1484315781282777,-0.4176366631946674,1.4976897713442014,1.2504703124443854,-0.363999278063024,1.566240849751931
249,45.216905567685714,0.9914007700621486,0.655276934062673,-0.732906602911063,0.8382095514213658,1.1010570058330555,0.5519063323169794
738,32.372158132405865,-0.4357317479018689,0.8654041341855575,-1.5284269853696455,0.0703299064867086,-1.21043357338845,0.0091134467731123
832,-54.38913915647751,1.0201352366390408,-0.1480493840212043,1.1747049564600458,-0.8427824405051866,-1.4906830051350388,0.7925514058243421
857,-43.37278273745247,1.3640861145446936,-1.6693290128535292,-1.42439533591175,-0.4165193677803668,-0.5475999217331408,0.6418226807652038
113,33.95230977924198,-1.1994038336219248,0.3082040456727432,-1.5884475194177174,0.8277586266658405,0.3470407596775934,0.3690564509835161
744,-21.472879076365288,-1.6741127824222402,-0.3667021706060291,-0.450571854986187,-0.7526818388364108,-0.275480275852444,-0.0248936324516054
70,13.33518158357295,-1.2258342630500227,1.2342217370277222,0.5197212802005999,-1.6494291434710722,-0.3062313223836396,-1.0241054788461406
964,17.043483051148485,-1.0680668834632367,1.133016280396602,1.14692591052629,0.6299482653279191,0.3307532969184544,1.008278122966857
229,-65.85078133561963,-1.406183177882277,-1.2314621306887594,0.0091896085214748,-1.0333927931534677,-0.8641276835808451,-1.627730693024119
532,-8.225824202579888,1.125055581117102,0.7793586058845988,1.365885421776031,-0.2235888496276827,-0.761044534897101,0.6739770176370833
13,-36.43231331221939,0.5277664878893094,-0.7111269254089061,0.9671315160294108,0.6570995471366837,0.7164869038132162,-1.2843156561590598
324,44.22831484753712,0.6970576901180275,1.1234862367220293,-1.4043705844932814,1.3740746409088234,-1.6720171923142448,-0.2142814291673473
502,-27.08564140412295,1.4839462963188572,-1.0328855399592245,-0.669982746618947,1.6082499607850966,-0.6089545297074781,-0.2993638455942239
583,-0.5147935977477512,-1.052190754709311,0.7565079945202237,0.5142488178896343,-1.491290416578032,-0.2231404547290497,-0.9556828897604626
650,2.043829637379684,0.0301351733662417,1.332671271526541,0.9719378457915852,-0.7489613756615097,-1.6703709818056045,0.7796020472688414
28,77.05658614259723,0.553460938700094,1.4015815904001434,-1.3112191435989953,1.5512284599683446,0.8914477277093681,-0.6390631071547731
80,-52.26270005311483,1.0128017028151142,-0.5936941619518351,1.4409051578684666,1.2175195720379537,-1.1350061345748763,0.7733593985787544
432,45.68439588233068,0.7057339660496817,1.1494907364285003,0.3096691875811385,1.3371684885355275,1.431549828884868,-0.7014298798064036
993,-47.55015154555098,0.7540620579646524,-1.4467037414189097,0.1515280784209391,0.4559969010932986,0.3232536357837344,0.0832521866293822
271,41.85180259430887,-0.8313341097809245,1.616570069896971,0.0205966496277348,1.3105151087535682,-0.7178967122362513,1.5213542368630184
288,32.06359466730887,-1.210789876229462,0.7177578616809892,-0.9330468863767842,-1.6893492403703172,0.8964665461196102,-0.2083099556244015
665,-31.215721842041617,1.1529447056184137,-1.7715049531898872,-1.6041660029059348,1.3460945095303147,0.0045318973918245,-0.0909136225022171
504,34.862642106863134,0.1327468771654129,1.0818882670972372,-0.3352580526643172,0.0072736557123774,0.3231502907418811,-0.8743442724611943
124,26.1231561332673,0.6605119054392764,1.312362864166397,0.0069904043893869,-1.3997279633354605,-0.5947170440188572,-0.1165846605465858
873,-8.01004962508296,1.1468938307329803,-0.9409580120246056,-1.1688226994748852,-0.6163873119755048,0.9873420851923536,-0.8199672283668215
262,-7.172084615253877,0.8865201788778042,-0.3380605502180666,-0.9479778105203316,-0.5975317181631029,-0.4031664131986613,-0.4798914736182216
774,5.697104053792937,1.4113552521157209,-0.5344520889085942,-0.2216220418616883,1.0663223103240456,1.5536865959825734,0.907423014911229
429,26.57502541121597,-1.430921477162026,1.6274036704814587,1.6720449757717588,1.2328334144399593,0.135224061207866,1.4554334626802263
145,-32.15903436124993,0.1701571881653535,-0.9994282575448304,-1.2937883286776044,0.8738653474529655,-1.39864869599319,0.4780315948999282
39,-1.6384606476113912,0.706940325935381,1.1316084817353234,1.4837031850482076,0.1211901226163536,-1.0891890839876133,0.6260836852371824
367,51.777208044184896,0.8101366596342223,1.3276460727064994,-1.551997592220959,-0.9094817626416388,-0.8684188493822765,1.5594688913734207
986,-5.226786759325412,-0.2509871172609502,-0.0862265175108248,0.2184441240004265,-0.3697685154175941,0.6150423068406562,1.6159312656254807
885,-33.0422907779071,-0.0975975065888242,-1.1803871718487278,-0.468707448200678,0.2829825680978359,0.5194853892309336,-1.08500852698528
887,-14.255956180163906,0.1992340693021511,0.4862185202330745,1.5597821796717468,-0.7390955964063156,0.3525630216514216,-0.9910283905378816
611,72.19101624141058,-1.6071709991230547,1.5385273009808051,-1.6846610681770202,0.5632699078132533,0.5684874500973683,0.1744157091518936
385,45.42151275383152,1.601553542092023,1.614595009479049,0.2446852720026661,0.1807057355179537,-0.1457217859750348,-0.736874479461286
99,-55.161388980174,-0.7588378046388281,-0.4231806209751019,0.8937551421167834,-0.565139091667527,-1.5389315322789394,0.7000002125824663
630,-43.62592343599133,-0.6397178193154026,-1.3263395217168443,-0.6844875325031866,0.901889129322175,-0.9398079215971036,1.3669316526421138
673,6.026048741423815,-0.594498456894066,-0.2661626966875585,-0.5645361359825737,0.4149924821747082,1.0768445594593608,-0.7094225547897445
450,-70.49811667450182,0.807772925333406,-1.4918617038516735,0.6771551484197879,1.3996550045888776,-1.4377893627231275,1.4690316780996562
592,-25.1285441624925,-1.4645434765093353,-0.7270273668313563,-1.1046248028798955,0.4974912618357958,-1.0572930617973777,1.2431670824679848
507,-7.912677237032009,-1.4872741810272658,-0.3276903839712724,-1.5839255347046004,-0.762790310458321,-0.8259245093760603,0.0874361696330231
210,-87.34367650106091,1.102054992236165,-1.7272736864018037,0.5345960822671239,-1.604418679349535,-1.4723920640678332,-0.445831274372971
785,1.486245090473816,1.0075079085875949,-0.5725497612104231,-0.2010868610276908,1.3079951329678123,1.4797642008017775,-0.4562976138560145
940,15.05704359908978,0.979997248708772,0.4497867482212793,-0.1366867015381667,0.8388547282331663,0.1021075911871996,-1.0918958000896086
40,16.923900616564044,-0.916382349506122,0.5249473241327328,-1.2870435775071083,0.746793664986128,-1.4514258102019166,1.2063019969439572
270,-20.44357006547201,0.9870098071741412,0.0181257471670963,0.7190389084887542,0.4801537119693513,-0.8911276140976053,0.7845845965272349
908,-54.204543329045606,-0.6827980841497273,-0.4578492236380344,1.3368832359321907,-1.0684040057679398,-0.8080812738005249,-0.6486939290044872
640,-52.14104971054903,1.357434252079272,-1.485939392443597,-0.9110101991282396,0.8748826452481284,-1.677151934513964,-0.8297441313526975
752,3.025088298564929,-1.648597081832846,0.214314732325616,-0.3425946746128573,-1.3350895414359785,0.3289431290441705,0.8621340706243619
221,-34.64114061511306,0.0216524178739514,-0.935945623817964,0.1565699870077816,0.3940613319688142,0.387035753429853,-0.958821092200089
283,34.787138366388724,-0.960112416289736,1.4757975575588105,-0.7726706003836686,0.0813941493675166,-1.201209183454632,-0.4224366326741655
556,-12.122569041752948,0.644737212230544,-0.146307550631719,0.0102994436532375,-1.5687153673496708,0.2867843499126702,-0.0113079291094271
761,-28.96451408010334,0.224279258018016,0.2967913954524012,1.6261445444768248,1.3254607111054122,-1.2955315525957474,-1.1685118017298537
152,-49.65009610658066,-0.4835815871446516,-0.7879955678286721,1.0765699210405772,-0.7067446350436636,0.0914328276691279,1.157729780403571
852,-58.74319471469692,0.4837656969230409,-1.1581397514311031,-0.1774162244294139,-1.6861417725795151,-0.6504389025426573,-1.0809532140990377
820,32.174983811103615,1.2811640082080389,1.1863126667027415,-0.9181855394150388,-1.34221348752724,-1.1605572932113808,0.5998014630234673
242,-9.272429338800883,-1.2085948735441867,-0.9617106123415496,-1.6478296652148814,0.3207311749241251,0.2475743725034278,1.2600639704458985
802,-11.069722074863408,0.8576442852270557,0.732475491050813,1.7381784190601102,-0.8541909648992714,-0.0804366721460996,-0.1974682786908219
171,-45.33972513406313,0.1067759739393829,-1.229099458514531,0.0730368006217968,-0.2398707902290413,0.4175286367957151,0.5568968639648575
844,40.57836624207952,-0.2865902411619185,0.6534956044998594,-0.4758519452294587,0.2265424208767167,1.5856179133051258,0.4559876253746198
359,-34.893673363732674,1.1910512577329178,0.0666271405240042,1.5983413127939972,-0.0121143242870089,-0.8533607424508972,1.157263624904752
547,-59.79567895292369,-1.304204192764496,-1.5696074782625014,-1.0971132344535772,-0.4654710356333293,-1.1651979604148297,-1.622978465667787
560,-13.539220126704476,-0.1826319847859985,0.1651878146529706,1.417518823867388,0.7739842230530535,0.6051537667319218,0.2193426245178936
119,44.70662303861481,1.5228998326829222,0.4497537734231921,-0.609167328258387,1.587454241224565,1.4304250655078203,0.2829832852347071
35,21.247810438223546,0.6071037834989476,1.0125484532893303,1.119600249269881,-1.064691610513526,1.2342286671164278,1.7734571109731525
753,-47.43242290916852,0.1274013985416914,-1.687036691811168,-0.1049451222662818,-0.5023771160321189,0.8981730476499408,0.9313240076078
134,8.781371905848982,0.9047976570593772,1.473350464746893,1.4229093506701769,1.6222571858900552,-1.695793503272853,-0.3499862544261574
487,26.59784665147553,-0.8004213719668538,0.2438705924063272,-1.0521880230774692,-0.0288309022626409,0.5535931818958236,1.2807963630051185
501,-49.4115229506417,1.3000655993578871,-1.599947054141194,0.3500383772174927,-0.7311869849174144,1.3529463271381803,-1.0124037035202786
709,-2.781208893484078,-0.3681792308420567,0.2855150950632825,0.7367384841033479,-0.020145418834123,0.4993941132798206,0.2819995508276285
660,-3.656668852763738,0.4982135169746817,-0.490138349729269,-0.9540793945735682,-0.8590871464460766,0.315377616229915,1.7463954669885275
798,30.74972233740357,0.8550428749686448,0.1088895498113851,-0.6572420113812145,0.7337308291637107,1.436186534428439,0.3822526861161515
453,18.017626050735387,0.4188821983738595,1.4339581234206416,0.465553504898329,-0.3890338761806944,-1.1424768508998138,-0.8545561501116088
856,-34.32953250991499,0.4751991460058651,-0.8286289681937795,0.0068737892401337,-0.2668450891922804,-0.1093855724941626,0.3129353176332026
157,35.065223268025434,0.2351093667843763,0.3094028823018789,-1.5707093677128492,0.7343212626909422,0.5091642143082016,-1.1027771852375583
186,-32.241018684299924,1.506436538191395,-0.5858468278199314,0.3482126188490325,1.2037468033486662,-0.5951500094938847,-0.0704162371496276
771,-26.426952167276816,-1.5763051305324345,-0.1322080916583379,1.5759004406661046,0.7028719203841064,0.983379643570863,0.2830053338251099
368,-59.51467266479459,-0.4608557854915646,-1.0896429627770126,0.0378646218424216,0.3865587483929559,-1.351634691999048,-1.475373359383043
580,26.150311609925325,0.2872815696361658,1.6287930310640415,0.0577731175381632,-1.7620430451719895,-1.137008196167267,-0.6445407453550945
480,15.876095277315269,1.28217444906056,0.9200241620812352,1.7238637279634046,1.319576530373031,0.8192742734580335,1.712272889980287
870,16.821854069498514,-0.8529559998574568,0.0738440848670345,-1.0867268568752442,0.2244286174875777,0.6378178873956737,-1.3362775131438362
467,-31.97173933952497,0.1182978204039201,-1.655302987864716,-0.423300371248399,1.462293570027516,1.4582803941040905,-0.7449862159947264
756,-29.279262482778,-1.1166277298129543,-0.6114211713208219,0.1540198290507567,-0.317074166619576,0.1981277620061254,0.2767217717248325
370,-0.236862599445469,-1.5845065307664394,0.1247354709646979,-1.3763401483157554,0.0675666128600066,-1.5551874285369984,0.7666900059490221
41,-4.811066485417424,1.129799542592025,0.394323624865596,1.5761730871862571,-0.7556152977767329,1.2030490846512074,-0.3882970086932071
633,50.9974659044269,1.3436964981632744,1.6200138674094302,0.8702777670777135,-1.0590924976309273,1.6239599564638112,-0.0693437676730616
499,-0.8036238653731032,1.4217491040326178,0.8350408001259122,0.0019329737695307,-1.5984347808037476,-1.5923121816674166,-0.9984339195584578
486,62.91224272099136,-0.0680163945968581,1.595619891649851,-1.1634826132460114,-1.2702403015685308,0.250812366148663,-1.4054022080974813
965,7.102970662640223,1.6471378730435426,0.3976303311693046,1.1109600114301317,0.0617260555422228,1.163979088324484,0.3630875341413772
335,-20.673834863232948,-1.2016567262259714,-1.0752590766494097,-0.3832636069523765,0.2917920978850781,1.544364883382282,-0.499305213899169
423,24.54363614104342,-0.7181872597770482,0.8534756105159527,0.0259962241180516,-1.745191589229889,0.9723339939274488,0.5732429346889921
614,30.34253466663621,-1.1760479895371012,1.480662005107065,-0.7364943202640447,-0.0386756236178445,-1.7285521687025658,-0.9935130112372662
492,25.2231776107212,0.6214970666785631,0.3298308022236285,-0.9655857424724884,-0.7256695092816045,0.7126400105307518,-1.1242380802517182
445,-29.09227619755684,-1.302795138027068,0.4257009980283641,1.3856591039129889,0.9467091260541604,-1.4002491706776954,1.1816844474793584
624,-53.40203962803906,-1.2592180409352491,-0.5864913723015284,0.4962437983366124,-0.3354287445328084,-1.278688290457443,-0.4647115179409257
682,49.94306843846871,-0.0582942389685245,1.549058002405897,-1.26908061093228,-0.0751064524782778,-1.238506589699636,0.4586285961364345
950,-35.3734741875828,0.3054416814396253,-0.4383507031308563,1.2967380960824515,-1.7308170841993402,1.1068740550991096,0.3098735551058375
670,-34.63572225788912,0.6178940578002085,-0.5498322030191156,0.2463535369361515,-1.087712095068652,-0.3552251629682955,-1.0008688125682736
72,-35.66623874527095,0.0389660736273462,-1.5397551887752556,-0.3139295787952172,1.2021763405913726,0.9776417922488064,0.0170477396144473
698,-7.399755941463209,-0.9349746074992364,-0.724255384938503,-0.6099964707613168,-0.195512954882733,1.3150362630780403,0.1191145595827977
353,-40.74452180783226,0.4713649921908533,-0.3336720268467085,0.8135292735148331,-0.6163658032203336,-0.5592474123935428,0.294301960587763
110,17.766802104547192,-0.4212100766352046,1.0843711829051406,-0.1994538902918315,-0.2980523822201946,-1.0687639107721485,-0.0094533734132112
471,-51.25497961683002,0.0102278928243359,-1.081168229713947,1.2009567128027547,-1.7623332971039531,1.603595468894318,-0.0284334230533616
308,-41.42835771103158,1.349448515495559,-1.2367239396444232,1.2517421096670842,1.507965718368109,1.722156574901731,-1.2513396340843963
147,-1.1061848216601362,0.4356994268539348,-0.7650371158637972,-0.8683483438825061,-0.2392839261380728,1.337841668962272,0.8813313796844675
599,33.14349734363273,1.1564444440483514,0.471576821251475,-0.0700374232857688,0.2755392747615985,1.4619922079201997,0.4826306607178973
161,-28.13403321563055,1.085571259137086,-0.8843976901307753,0.1220907350663377,-0.1009077692053486,0.7153464531612828,-1.6708890562659393
303,22.735600055535336,1.5826592371247028,-0.0927545800028396,-1.716939877232464,-1.4854581544940852,0.9049921081381738,-0.7450494107249812
867,28.26896592504629,0.1012328883132343,0.6480588236005368,-0.4615015118817454,0.3820567879186378,0.4383589687620158,0.4258179552666178
619,13.44075552187793,1.4979242395317514,0.257946722281085,-0.934517788238635,-1.1217483214781072,-0.304412495703195,0.3267717251498603
826,5.746687915648732,0.7114613563475656,0.181889577956448,0.389004266551641,1.5538679146367858,0.4516302685224669,-0.4741194672530879
911,63.19029806168737,1.0979555499108782,1.6210209409318612,-0.8211524323066056,-1.337416002968152,0.503796876313424,1.398543596378418
120,-57.48677813214768,0.9352567166107364,-1.064547535322207,0.3183304467265289,-1.143944719176283,-0.2724021577968963,-1.1869880610232668
889,15.966865177572728,-1.4911055012840282,1.1691746759946102,0.7491591440749604,-0.3951298192401667,0.1509986103254049,-1.1302857675337117
238,24.201410600679345,-0.7771178961132497,1.6746183707790168,0.428734733367131,-0.2376766250919989,-1.3786472621571533,-0.6818581846651686
810,-42.45926437891549,0.7357425833670059,-1.5427913310772912,0.5981897936951557,1.3171289991157895,1.4941090581637122,-0.7771357106864157
702,11.489192291971156,-0.492988672166415,0.1402495975163563,-1.0964164610501297,-1.3053608478545755,0.1256385235500718,1.162953562986374
29,11.945144199513052,0.9026719722554514,0.1373672566119751,-1.3955719186564772,0.3376746050086602,-1.2648124761809612,1.6262845029072652
975,39.80404292117734,0.1334136624056159,1.1899834469820714,0.4559333950305786,1.4402474535985472,0.8567025053760831,0.7339543641306753
128,4.138860273802126,1.069980281470255,0.4790966634453874,1.6794826887710297,0.9912992210553232,1.487079096842616,-1.489532641979403
483,36.4110474087274,-1.46774439627494,0.5193887409475861,-0.8640540898338946,-1.374244527656279,1.5976939260925611,1.308732421537335
835,39.074503833176735,-0.7029923632143745,1.612009271172277,0.4558946989404032,-1.490752771806396,0.4372431954073718,1.3259551966883638
701,17.341619247033957,-0.2360216159550738,0.3108077224512419,0.565736351794267,0.8350894744791136,1.56087163427204,1.6071726402796087
185,-27.341999890234582,0.6387758138554821,-0.2565284294731396,0.2160887632673901,-1.3899561685234214,-0.3703446472427985,-1.6395546605008564
617,48.5166537332209,1.4242090736322617,1.2168801707895494,-1.0364663020921825,-0.6473037209193832,0.0606171972896075,1.6371967610868317
55,20.4008613923677,0.2840124240892852,0.6627565381567201,0.2432138950995901,-1.6186268576833995,0.9751347650029372,1.2835992109665764
946,-17.475559184220298,-0.5751073503581006,-0.6180334366302302,-1.2778992758615764,-1.7260466515418271,-0.2559674618432539,-0.5198985858141127
646,35.372210133956,0.8356405296997853,1.0781232198406927,-0.2321482758644647,1.0311484398943995,-0.3412100018929597,0.659924044088896
463,-7.774679496956257,-1.4727074662948332,-0.2826561948156197,-0.0504779274171427,-0.2256661154692019,1.0608675270121344,-0.6776607893729398
972,-43.35937448699264,0.7187184639826343,-0.8126382829713401,0.7496147675539349,-0.5842420367748256,0.5008715528695761,-1.604751138162474
905,-39.0655600142884,0.7301317833472474,-1.6191801610754175,-1.315978820435418,1.6574117735077345,-0.633857968910031,-0.592161105869371
415,3.246103897275449,-1.4802602479991995,0.3103826831860881,-0.9315556896330974,1.5962322070568116,-1.4623342645747452,-1.1968319694416472
54,-71.95680505456575,-0.1145970087108568,-1.5104475925219292,1.0377209714716196,-0.537499035832849,0.5109742651116004,1.7018830738285418
409,53.2832413382905,1.2473368805435283,0.5062170890493161,-1.459275564962036,1.030933812597109,1.1049611215460546,-0.1935027046272496
12,-8.705529573455463,1.0377149677356965,0.3767657067658642,0.9792984352904068,0.52722329753103,-0.5638249981344822,1.777800125739919
765,-24.24912515226545,0.1537673543776417,0.5593255928601938,1.3743660394836872,-1.2395607179589034,-1.005201363256211,-0.160966753660929
56,-24.3023299253453,-1.384376876404816,-0.2969095838075454,0.7344957260017972,-1.7747151084677706,0.7663856627163032,1.562288607628259
751,-31.96251444881049,-0.0609827264127677,-0.5907567172303891,0.4368673014383396,-0.915634255415884,0.3190997094942045,1.359292385190207
987,-17.161058369308584,1.182664922673878,-0.9084113164368304,-0.5642326765055208,-0.0491074194049194,0.612108213927936,-0.6239702888931369
869,7.862190856152149,1.2900713914436892,0.2319538375244609,-0.7749417634683345,0.1713017038451751,-0.9077771072933212,1.3626868427978738
981,15.203812580361022,-1.438442398079574,0.6372875224276623,1.0407627439479568,0.330652006052969,1.538428523594083,1.422700691540067
121,59.03863046083214,-1.2345099567566291,0.9614942495030016,-1.5082605056127594,-0.5038803174620987,1.5229672763993622,-1.5618543333953978
924,-60.13001244519423,1.2501298569405568,-1.6983806329899278,-0.7938474322465394,-1.0489205147154552,-0.8376974431536585,-0.3856414353719505
639,-23.697786787370244,1.2607583771257522,0.4595947044170447,1.102316331802622,-0.4469864792413177,-1.5564822097599391,1.559724158005541
88,13.346319930672276,-0.6299254665891026,0.9939681192260864,-0.7519915753154003,-1.084728743194156,-1.6077821226286797,-0.6788321597810144
503,4.978846175410649,1.2220739230723037,0.8954132715826105,0.2598410037863126,0.2316703121898664,-1.742367805633664,1.6101199144974665
79,11.976730943135008,1.24718685804511,0.5178038063577475,0.4211279273266308,-0.3827295699662865,0.7102614169445477,-1.5442648009769924
317,73.26043961691038,-0.0638028477348728,1.2368678937853694,-1.5663409013168663,0.5509066084542855,1.3174710194789387,-0.795911635896799
921,-40.50292906773347,-1.5857077020398025,-0.983333196714518,1.1164130061344983,1.1892025965498936,1.2689042373312556,-0.9850314050971356
808,-32.27760594080117,-0.1695936892454466,-0.7604880364313947,0.5570335411404911,-0.7328743678104962,0.9307673558133572,-0.0981075268162007
349,-7.043257868657165,0.5341749737257125,0.5725800580520309,1.4179211007321324,0.9004868721020434,-0.142166884037233,-0.2606539040250559
477,41.39353903700954,1.630779420411767,1.2334041332150174,0.4938530398240992,-0.9956850752793484,1.581051349251015,-1.5791616600211382
563,-69.90955449891639,0.4466912494582922,-0.7754153698151437,1.4172224074065192,0.0240916943885996,-1.3843885897942207,1.3536893604618303
444,-13.190329641850688,-1.4349190469809634,-0.2570108887172262,-0.9567523897536412,0.9292421460811784,-0.9728139473368732,-1.2371543028711485
178,56.58964851512153,0.5587450179039051,1.4280341211530012,-0.6697115700141438,1.3891919323555746,-0.1401529614224083,1.3992775612854729
163,39.56450753905276,-1.6213730758204097,1.6157280089013415,1.6390996689433943,1.0725128175780194,1.6810343516568858,-1.0836434313343897
726,19.90994252260208,-1.1574667730110888,0.5643153303774585,0.6798561449002225,1.5734495539766948,1.408111503804166,-0.2022884920206619
528,-47.543299136254845,0.2844149319692439,-0.6927917415546797,0.581906035439967,-0.1491403004097666,-1.0644829948200834,-0.958524678043537
932,-18.87809167032445,-1.1122440161956515,-0.0360253237633061,0.5709658699099214,1.604312070321065,-0.4061934580472345,-0.3244173572044282
795,38.32883533144355,-0.1981497331584805,1.530727617897226,-0.7906648225458129,0.1640482533911256,-1.6300604500988416,0.5763970021227507
780,-84.36052692144935,1.3406400887359475,-1.686807665669466,1.1287877609058714,-0.1673093265041523,-0.2163704697591785,1.0202159704476612
899,-66.4759356662432,0.7093058075324089,-1.6678356861706185,0.4319763643287019,-0.0795262243539959,0.0791405440805951,-0.0144809007075576
941,-50.25067213756249,-1.4194318749999335,-1.5319163533285816,-1.246132966639096,0.3861866020396879,-1.1011118456757156,1.1686768477422838
891,-60.00791514939499,-0.4153249614879545,-0.9512852224239838,1.4300377144617136,-0.4322412306499077,0.2713290018058505,-1.5346871464720762
917,-89.55479841858023,-0.8375947765715147,-1.4228888518429537,0.6030697276216065,-1.2688484015481871,-1.6239816776757,0.98492116987907
212,11.039773153868452,-1.1153743262736897,0.9075121833059756,0.7475105930313481,-0.7272429715479959,0.1825983067996982,0.946530051880526
683,20.168243843251275,-1.2453284373490257,0.4780886760657064,-1.529138863791482,0.049745978568972,-1.092917527640037,0.9310673602867268
680,-66.59759050190563,-0.1670738719484388,-1.735459117339182,-1.2480072279250152,-1.118312745774078,-1.4583068440854132,-0.0593612482179913
126,25.69155878464024,-1.6639466978306992,0.838209427687465,0.3057971331162463,0.2914683190412347,0.6937817727988584,1.6514192910483605
122,-22.29225087399036,-0.1745715861552767,0.1017595903808132,0.3262931705438092,-1.1505657227677837,-0.7622251840943567,-1.2703876047921745
401,-13.277294203338132,0.4630117217752216,-0.5200157355014837,-1.106357894738902,1.4451803081264707,-1.173266119867017,-1.2814094637775724
230,-34.27949650714421,-0.6141728201846143,-0.4857859363956225,1.4962159738633525,-1.0393690559743558,1.1335781388122703,-0.165527223070825
138,31.995831886557475,-1.161276245775627,0.3181173471088493,-1.4323651494041731,-0.381975771081478,0.6443232811248966,1.2111710262311892
927,-34.90015337340962,-1.5263889610210934,-0.9084214471784238,-1.4008066977790985,0.8780776286451457,-1.6720810721299575,-1.6090927614461157
495,-30.48742556732715,-0.3406889685149976,-0.9376304596785568,-1.0503885246489773,-1.1879989899725163,-0.7103841394284263,0.5089565332151598
137,-33.694842959432165,0.6451327015710694,-0.7855741259697252,-0.0851993650061556,1.6419109480750356,-1.0620254265082667,0.8746569970365721
379,20.276114541498984,0.2078939474461749,-0.1786531413998035,-0.9154422931398052,-0.7746320883214004,1.5517769908517405,1.586441627100722
538,-74.26759599650941,0.501024263350228,-1.4333942179208747,0.6356589828759661,0.4698768323830726,-1.0524148370552968,1.5022657008480462
593,-31.16329331014312,-0.8510608408045495,-0.8220019777516796,0.8172277865829202,-0.3834099599120057,1.478345379497822,-0.1405618625331014
638,44.16169559813191,0.2961972411651808,0.7750568379028753,-0.0223307710580131,1.6554322518443887,1.5643105864176223,-1.0080681959981366
969,-71.48040627375275,1.1143904361859895,-1.4106758815507632,0.805005201727876,0.8674673649540713,-1.288498693384932,1.4746725743635014
657,-28.64617305836599,0.2078946132578342,-0.6859673458857241,1.0310545318513256,0.0711609080390039,1.3050456834384163,-1.51029795946101
115,-25.009793587645035,0.1402009525720002,-1.1982100147393882,-1.298436408396493,-1.0457183294347454,0.4678912443826545,-0.399427894953925
155,-46.85696566499359,1.4766170632818223,-1.4927940542823706,0.5390036165880743,1.3538064911575152,0.9050804458823714,-0.6943039447330989
594,-33.74973118502938,-0.9190646566612856,-0.1992675525069512,0.0491706264759562,-1.086517563489137,-1.309950702731646,-1.3019445270590309
153,-27.630040018473093,1.3110658254474767,-1.5618329817273926,-1.2790943966722004,0.1288141641081998,0.5978716197443013,0.120578479458165
50,28.634799040546664,1.0023766995811685,1.3565065869837192,0.8495867309389259,1.3593328136442149,-0.3450188038331115,0.2035551254826957
85,-81.91698026611212,-1.5582565824960442,-1.1998830544524488,1.1184792505368326,0.5233766627149778,-1.5144977558274595,-0.5337347270652496
693,-38.43526735092519,1.5560809674817593,-1.6422982925327576,-1.3347455616538677,1.1483889048140252,-0.600703119252116,1.6786050818287737
573,-34.52218750376568,0.7371010687155181,-0.253582811044478,1.3059083852124689,1.5783891010298272,-0.4332737687370087,-0.9605776885061688
786,-15.307679427529754,1.480920929509712,0.5693333354244325,1.0461021020097183,-0.8121012558366728,-1.0282572609046907,-1.366120107718577
136,47.533968910036926,0.2532209521532136,0.7524927686546184,-1.626590054071681,0.5264282829637895,0.125825710568703,1.4720283689427611
953,-54.47377259739713,0.2523363634457108,-0.9163077008418812,0.7444475851855993,0.0858527776170418,-0.8999356228105521,1.694748312222562
267,-85.1571886855033,-0.1595901128530398,-1.4145223934155415,0.8093331566458029,-0.9658440642856868,-1.3233788902903267,-1.4854324874471836
535,-50.31510080838544,0.3222956162058633,-1.7502588400015535,0.3556753046568708,0.8985847685044341,1.3637380283420004,-0.8482949516668673
947,-61.573395493940055,0.6619689955415702,-1.4034398260972751,-0.1213439178000899,-0.668184587912836,-1.0136113638631807,1.7104316340670267
323,-15.037710661526246,0.0917272585724867,-1.063412908965906,-1.632000771563664,-0.0123266773879295,-0.07399988735293,1.208092846192944
628,22.85073506905371,-0.491210562720919,0.6391414153027287,-0.3847506180188971,-0.1982173031279098,0.5540270796806112,-0.4729945663436687
436,33.71584181530208,-1.1354300521139096,0.8662830227112998,0.0534945198356792,-0.886716770027791,1.590420017485401,-0.2169872184114825
708,-47.05229370344455,0.3920983494190015,-0.8722936827332677,0.1965187290832781,-1.1500862008195802,-0.9631154447689588,1.2709637697245066
211,-37.50662125122951,1.5890758181920976,0.262316994657402,1.5585290475697156,-1.7650219939315597,-1.2375481943132962,0.3878898604317912
484,-7.520747018655718,0.9941602367998408,-0.5366879498924767,-0.4754279050894957,1.6097450928838763,0.1474111496588888,-1.4896969754232343
912,-39.31704361760382,1.0092927835875125,-0.9244728299821264,1.1908756041998398,1.355037428864416,0.5817054138396933,-0.2945642743185963
15,54.69952789385439,0.6275619183427725,1.6646559656875173,-0.6846455418905212,-0.6604130496007126,-0.3416349896101603,0.0919929914059075
696,2.580284126858962,-0.3347048724318047,1.5823029164091378,1.7264022195447437,-0.4430104743372732,-1.2367559647420074,0.0961110725583439
807,6.1961581487793485,-1.2764502298853269,0.5052114135684896,-0.0788621782428231,-0.674361807934725,0.0491113133936659,-0.9956241595067906
333,40.25319253364136,1.5384553664991032,0.3479502803930318,-0.6395440357548456,1.2259102441314675,1.699724348763289,-1.3735001701212946
123,-30.218786213311905,-1.3633566306230376,-0.8427683879164616,0.5166488631022071,0.3548697252613588,1.3351963891817786,-0.8884803695211376
833,42.4967168175375,1.1825229983547787,1.3025479863389835,-1.4445979965989917,-0.6246179450990851,-1.448188272651059,-1.184140746661141
898,-11.132291110315265,0.3078914479212219,-0.0193984487789514,0.222806364536252,-0.1314942804402566,-0.1203854412120132,0.1152846223541699
326,-2.780059484608502,-0.1718780172646197,0.2820548039341791,1.1413734454386475,-0.3344048060660035,1.3069637774573302,-1.2009287216973237
661,37.3345187314364,-1.3992648747051917,1.6242126612754464,0.7026824957310772,-0.6959999597788262,0.4138397288752304,-0.0997159901821383
653,-65.09000239648864,1.4412568824627818,-1.5571562354478723,0.8878949249952117,1.1749394903545003,-0.1567437120780765,1.6470159700938605
295,-54.48224255789116,0.574518719116251,-1.5761063228513943,0.0979153019519879,0.3775606101970831,-0.1064919010265996,1.1033946717159109
274,16.401338289946548,-0.3064620370924027,0.097039018975074,-1.3997509147474756,0.6264506055105693,-0.1804174111303008,-1.0307197949814966
31,34.22588063166756,-0.1871203148330125,0.1318173718573086,-1.0370398365035245,0.2486391865365226,1.571860746233904,-1.3315812137936716
285,-33.29858108943657,-1.0902177513813909,-0.7756314092410624,1.1055237063099177,0.7078857053750083,1.36491137512768,-0.1759446017000029
979,17.319901332744124,1.159084575550671,0.9057824683370992,1.570731598278857,-0.270971782382836,1.5689470775214556,-1.1881916798066752
407,11.884257239694085,-0.0782990147794829,1.131648850735564,0.489149995175908,-1.384369609160168,-0.5224665405227615,0.4169674721053656
363,-11.798939354295513,-0.6238811883559228,-0.3640308171563216,0.2998801615211706,-0.5857278580303241,1.290984935196535,-1.3079690557038226
430,-35.94653855793173,-0.3726262542727652,-0.7515029954222967,-0.3537554662267204,-0.6043930464335473,-0.8319997927360007,0.938015543253007
47,-15.249389158586606,-0.4259337531639692,-0.796979015246973,-0.5121943446040909,1.0431596049591725,0.7368987512845546,-1.4490325475647268
277,-8.474451187197973,-1.1246324860204606,-0.1137445485117964,-1.4736571632541016,-0.6161921227223796,-1.5963393179297838,0.7665305009987228
915,-57.45117600837708,-1.5734472653024711,-1.6344505900774855,-1.349010568616649,0.0543406969159938,-1.5177821771911104,0.9828353576520004
169,36.60124248421849,-1.467545876932994,0.948752923347192,-0.7938937887189281,-1.0345614420149898,0.3690705912940111,1.7834310306887873
319,-21.11551255793329,0.4256410567910554,-0.1929554925707513,0.7429020071429211,0.3634770056191706,0.165797592314024,0.3498775870506691
247,-25.61802768626674,-0.1724242156465945,-0.3980147877229477,1.0515450905601638,1.5011504161464442,0.343122337576084,1.0135327087075876
352,28.74702421518169,1.3149942644147474,1.5086302231479949,0.1610767029647496,-1.7463688250557194,-0.736861729286239,1.0212563032440412
958,-45.04370722423285,-0.6529330542898336,-1.3430328282026571,-0.9190577224081732,1.2125602983997612,-1.20444406249647,-0.8686369904297492
460,64.73098578398763,1.6576685120915788,0.977696982665156,-1.4899516270221425,-1.562220441677446,1.3598117605858009,-1.1929695543248855
954,-49.33868858355633,1.510608715524785,-0.5545507942391117,0.9466472555212792,-0.1098702088780441,-1.3031685533873003,-1.504897689571853
980,23.10513204988136,-0.0530252606854154,-0.1380075526805177,-1.2095912537690463,1.1170890567440772,1.1671392378163308,-0.7329547934948908
934,54.5562273925816,0.6594642098891622,1.1267104634333092,-0.6734980407886053,-1.5654902132149415,1.3282330814594503,1.15620805386959
876,-66.72130403488751,0.3893210459919861,-0.9634951293906576,1.729762269820753,-1.6604375786483718,0.2794558604430308,1.5979116185734228
304,-15.03927555528338,-0.198551204519872,0.1555932450831392,1.0775558536484575,1.3701991910896636,0.0096664714427025,-1.449926985264564
722,11.265040478507832,1.2293447194831564,0.3538162695762426,-0.2455244410263458,-1.5254422418861824,0.3159455925206689,0.577809762289107
770,8.799120768811953,1.469344353554722,0.6010565291982756,0.1924765855508766,1.4008470373868755,-0.8479881443671576,0.2161857747793033
655,-56.98581173937846,-0.9366740441863916,-1.6145030877443096,-0.0278044288893826,0.2376950626750215,0.2043537304524662,1.432741477190507
173,-64.41086807933414,-0.6882667325801732,-1.6749312263470604,0.4779600402039636,-0.7412029170540204,0.7910325635726927,-1.6857219805443238
678,35.79193595296397,-0.5763743356550153,1.0300581933710644,-0.3535826227928936,0.4648895637413071,0.265137004324664,0.6506821982943854
766,4.379671227676734,1.2502335267732678,0.6990090219355249,1.37479852609528,0.1634252309344595,0.3981017118180117,0.9605329233164046
688,44.673176682444776,-0.6281020236431988,0.9356909463674764,-0.7962485951323638,-0.7219625635928283,1.0893505841509092,-1.679175831666494
114,-56.29201293655028,-1.6817096223772268,-1.010222565517264,1.5529845259876782,0.0836517791461801,0.6796991583205592,1.6487221733072506
536,0.5536697263594136,0.4411634272706909,-0.8116719222011434,-1.4232047861622894,0.2049940021251811,0.946789114360012,-1.1559196243623524
842,44.55459745153523,1.5687403120586574,1.020332365036069,-1.701089906049574,-1.1630074129263002,-1.1280156430551314,0.5716702089179628
305,16.339926539580137,-0.7779389746417626,0.6332250304438362,-0.3459268210108011,0.3947622828787633,-0.4766808997099264,0.3335329719352783
886,23.011345704231022,-0.4342091630705237,0.9774933601643876,0.0029584159298335,-0.3261074586401959,-0.2563298950080777,1.217444741269961
811,6.356148499598658,-0.1580152402167567,-0.141499428645681,-1.3189763533984271,1.313560131911763,-0.5167280494360659,-1.63263650969281
662,-74.44661425375786,0.4884794977361018,-1.2773053370720138,0.6594347391277197,0.4639336228702456,-1.5342814604684307,0.2100166136772441
658,35.17785721838255,-1.4176968305224174,0.9079058283715836,-0.001000462843014,-0.3161991859680462,1.08973628463077,1.7562384522790726
498,6.981946020805354,-1.3994069774009468,1.2296328003585577,1.04893293493856,0.3511690239289523,-1.0511267211963948,1.559240645291855
182,33.98262415770521,1.1482318031960546,0.7278092559844829,-1.6043688600430102,1.0915011257318663,-1.4777631010202672,0.2977361547641416
193,47.05685909860505,0.5268741195295896,0.8744465468657047,-1.4383377889027162,-0.2947177379575288,0.0922403700339638,-0.6337986827634501
622,-45.81469323985577,0.7360173595607182,-1.0395844710855136,1.6641244786497806,0.5550127509990728,1.0356502565785042,0.7401047931943585
564,-32.682527516160626,0.503079712793097,-0.8168912514338816,0.7385039165294429,-0.507664956537568,0.8235612177020115,0.7959730862573372
879,35.90813732616463,1.2566388809829945,0.1766120756338602,-1.579766552418571,0.8815189391163647,0.5176278012353502,-0.8219852240584757
968,-56.4147241208771,0.766998614716872,-1.7210579240423791,-0.7265010021723249,1.493000399203686,-1.0249414713655418,0.8767154865100169
478,0.6313002388277542,-1.6187349205993895,-0.107780643760618,-1.2473419636268237,0.8924877088757278,-0.9780210493441188,1.521304773329493
225,-12.610265901475262,-0.3201655626011284,0.3037902130337103,-0.4450313494709068,-0.9379264057534454,-1.6566718526562785,-0.4459361054977163
336,60.77656351260717,-1.6570149112976782,1.335135206311047,-1.490561242968594,-1.4550492643355937,0.5770934189417909,-0.0320685592327131
37,-13.93781349419205,-1.51504309576508,-0.6015877896872698,-1.5924556844955928,0.4423562361155443,-1.189154882305463,1.768590797254321
57,53.79164118585404,-0.5443903614488316,1.6161297751720682,-0.2733028864606314,-0.9288085122853794,0.5930401185872052,0.42883224428068
697,-21.16186564453032,1.2350217984671314,-1.0141246991058457,-1.1385970622554538,-0.8113598454300752,-0.2553037399094126,1.366846507089778
244,-28.106885116783005,-0.614766973431192,-1.001398487062854,0.2537638231731086,-0.539271462261675,1.405466028982126,1.0807027368256523
500,31.222178023568517,0.2728825398686298,1.4097323898471108,0.3730863113624306,-0.2778785191868439,-0.0298125321967972,-1.1409325444610736
86,31.86067085170988,0.0587596816249791,1.0738293242990724,-0.7308488102931194,0.8305910946108389,-0.7963907055497297,-1.6621836778057912
944,-52.46907396039767,-1.5680948893673792,-1.4475769835626449,0.5542134852264065,0.0769696717065872,0.9788810326288868,-0.5565359633719225
804,3.9975145453374727,0.7273082164378255,0.3925257024827861,-0.3417768505824303,1.0466341573895226,-1.0774037982269586,-1.1866979022282598
93,-6.140213818943282,0.0451678348794616,0.2020463485914738,0.2285071218425238,1.6051785861812295,-0.851353615690195,0.1916641974611855
763,-6.01451635619595,1.216940120265307,0.7109134109547989,0.9279234885032578,0.0347870696874745,-1.1854341674068207,1.3008406958694725
734,30.94176277501647,-1.0546998830419083,1.5667111238173612,0.1084643140735997,1.038636479329455,-1.3141624465006707,0.4198587074484455
746,48.31045826288944,-1.2362611027933648,0.828258181763543,-1.2240792884538785,-0.7468730882013593,0.9870651755760588,0.0718132635418056
172,52.67137444945941,1.3633651641130615,1.1862355680486796,-0.0130626341244256,-0.9625895698732791,1.1544103867482949,1.4912961745166171
5,-16.150844364789045,0.1045895183507335,-0.8076725945796864,-1.3571453053377749,1.0504600484585018,-0.7157053291213727,-1.6232636832021348
750,41.19641005314087,-1.562510699897822,1.5869253891873545,-1.2971717922338406,-1.6448706373061757,-1.5071489379665086,-1.6583366437996458
388,65.82217514778823,-1.5205211530116252,1.3015896064945145,-0.9649890585313576,-1.4917226232166867,1.6117588976533073,0.576641514107526
764,-72.11628757351964,-1.6849864765116829,-1.682872785759107,-0.694874111567083,-0.7939283017333004,-1.605608828412851,-0.0973979582313943
729,6.43310550373196,0.1429839967126753,-0.029769925155041,-0.2956552420983115,-1.1350858936015915,1.123479549296634,0.1379115496285086
821,56.876626559179854,-1.5082885202586978,1.6113548682138128,-0.728787522548974,1.3128907521509927,-0.0548477904308307,-1.5295798840536723
589,61.79711713202465,1.4099246802822427,1.657191938519592,-0.5081118405056856,0.6298980734856239,0.7674879648800386,-0.0723237634510584
735,-26.616769720610545,-0.7131939128753133,-0.2699371823486293,0.1034619711926008,1.4228979912272413,-1.1440776190323052,-0.0794739398430893
669,-31.33274359951041,1.0709318805908037,-0.9732157374564178,0.1693203772045641,0.0001913282368586,0.5309342079424506,-1.3202601787254846
217,-7.230947067509951,-0.1459362024905425,-0.0324263922913911,-0.7103390354927961,-1.4649785864218292,-0.3499201670717046,-1.5905419755643726
643,55.69719264816684,0.2562383214526105,1.1563038722621275,-0.6761079693385739,-0.294885657508836,1.6066059388701106,-0.1865333872785946
105,30.137444269399477,0.4957636039779899,1.1084027016860307,0.4170231013302371,-0.7975743939060299,0.8158524066811048,0.0219555927430181
197,-14.951369230949927,0.9203801210289576,-0.0612832204206226,1.3026560792419968,0.987121333117598,0.8096261880995705,-0.6687317315260406
418,21.743216131101477,-0.4775268286690577,-0.0801664512947937,-1.4886144465588314,-0.3483111819496286,0.9457603981601128,-0.1339965748121266
506,-87.06804366956257,-1.119239582568767,-1.456432718818615,1.0919862076221734,-0.4829411815408628,-0.8917592943217026,-0.7239656402593894
791,19.167189565035603,-0.4975467496085481,0.2050465572442024,-0.3873459434764406,-1.1174562322839636,1.6392434834416063,0.6075635103840525
257,14.907822455694866,-0.5296019979976834,0.3877072330388109,0.4515654098730721,-0.5414263896244982,1.6138392084806332,0.3199412707079036
131,19.336986844052618,-0.8284558476213013,0.5512772356106229,0.1128715474794589,0.0663685239797133,0.9933596249632788,-0.5571583909853807
199,36.48132396726791,-0.8013740528376974,0.6071018465631103,-1.4040920960229133,-0.2804781517286832,0.5155454718889244,0.9383912089803216
441,-42.84447569764187,-1.5743103945665398,-1.110597579008322,-0.790718922907206,1.0005378432929315,-0.7576667785675358,-0.6847416036083857
202,64.61607124405877,1.123688914938787,1.5498927891422218,-0.5225623974279868,-0.1748098079665818,1.1409698112724074,-1.1544008957947718
567,-38.643440386318765,0.2810823345553037,-1.766483191237312,-1.394472942000475,-1.6199953094799922,0.774476209512379,-1.3821081078491844
403,26.63590805526588,1.4185075845002373,1.1571131599865834,0.5331646035177073,1.50657287007108,-0.5588658141620992,0.046704518560782
374,9.958600181596896,0.8804349586553062,0.7557354804513928,-0.1666440197564454,-0.9217678220181124,-0.9864757121645176,0.2396582186454866
613,-54.049419450537584,-1.2598614353047464,-0.3648581187636525,1.7583099721222146,-0.8217891040921327,-0.1113792346324347,1.4022020875406973
201,-29.701365284103574,-0.7407334381736437,-0.412914569168981,1.3637768012011728,1.631853381982021,0.3804607322262668,0.7837067349162822
422,52.21992598461343,-0.6717199635020912,1.4956395250455472,-0.7080553142590149,1.5941939347667349,-0.9897072939735756,1.1505041854765878
240,-48.35138518913652,-0.380438557012433,-1.4924642502472407,0.1867920455557253,-0.7757926216572018,0.8800801218858759,0.284071319673447
206,-16.743960955654675,-1.3835107805337532,-1.4449143578691523,-1.290570256481424,0.114866570097232,1.5071402793236486,1.4898889357738887
787,-16.93869844230553,1.0961788124690357,-0.4568812901876721,1.0939049539469738,1.329975027263009,1.1789474511422524,0.0070630265330842
87,-51.78105286661309,0.5887460773151059,-0.9583903250243504,0.943770873066362,1.5042279559217842,-0.4608549691565393,-0.4704508642456897
364,1.4520450409943155,-1.6970379033248264,0.4356639525176764,-0.3087361390459811,1.2077577002270996,-1.2790790426985943,1.752801597558792
991,8.417923311562738,-0.5220867358799507,0.1936649562771417,0.3380804412331615,1.584906631434429,0.8736429001428248,-0.5567241287029469
814,-75.34848582211521,-1.5430280437284118,-0.793661524877573,1.5590776754226725,1.427143934823882,-1.239942110876146,0.0738385240347365
551,-41.597854019559605,-1.114644571720276,-0.7212989415601456,1.250112639343183,-0.5233487835411198,0.8235742492181716,1.5869072831310906
53,-71.49951787504146,-1.662060241323294,-0.965582813609574,1.1072632418304709,-1.3241399284577842,-0.7149193302672481,-0.9205551077811568
923,-23.07373743481069,-0.60790238042747,-0.6516710028724337,1.100859596066595,1.21045525030011,1.5776048316903586,-0.4318497615561573
960,30.384231895240827,0.5607738668147427,0.6740039105696222,-0.9439882638322972,-0.5648606347375388,-0.0273665298785615,-0.304364616668981
220,-14.348299161313586,-1.5342782639296988,0.8650170225610601,1.252257568951733,-0.576586786401779,-1.10597131041566,0.1700006571803506
347,-6.051809388406874,-1.0388576440863255,0.5305040717708128,0.3144018338167465,0.0051314201424656,-0.8517907555676287,-0.6288525699748909
948,-6.943119148235676,0.0339060455839877,-0.27290985398275,0.3875872879634214,-0.1927970811097274,1.2523908356463598,0.4242849989009077
299,38.30120763722465,-0.9125158028985656,1.2401100853977969,0.1840448311888541,1.596430124524482,0.6264235355277582,-1.4125853863922038
534,2.0529130305066783,0.9805384935216008,0.2174850760769069,0.3251054701730173,1.6073643992801196,0.0248884478697471,-1.4456269978867151
412,22.578084621874304,-1.424192791261398,0.120750264855108,-0.6572402162673772,0.692754542812266,1.2352079790996198,0.4675810482827273
176,25.699167702382805,-0.1699486373412005,0.1481921694020318,-0.8812969853665734,0.6630346360687109,0.7443789062189043,1.497029143577919
268,16.982402926434744,-0.0696966331047538,1.3503734038425097,1.4579667139327834,-0.4546328384985683,0.0351538219702514,1.1613972016490546
345,-41.96227508280824,0.8586283308587372,-0.3787000595142291,1.613563227537987,1.5052365448729466,-0.5164851456156209,-0.3660497182791502
334,-64.51535845753527,0.3058133615870007,-1.775358347508266,-0.8483335111325225,-0.7558692744905443,-1.0163211911272112,0.2165577543134618
314,7.368848912899746,1.041395384782806,-0.3394514726653141,-0.5618496713686446,1.661745363990304,0.5263272499431532,1.3658472270205784
625,-0.726327149439685,1.2343105063703717,-1.1477646210605712,-1.618217066765446,0.4304860176329936,1.2072841289704377,-0.1986290163820445
494,-68.76389162063383,-0.6696032073561748,-1.5563724658795155,1.6756720988714262,0.3926055442698276,1.0397705148497265,0.0146166323676944
847,16.113669681727764,-1.0568735858508749,0.7861407657107381,-0.064954927812015,1.2052165225780094,-0.6920462312636745,0.7688427522464634
387,-32.75082494050071,0.4001729398462625,-1.6869970569360286,-0.4338161741626479,1.5077348481969877,1.5270448314590548,0.7890353343533943
645,-42.03094619096503,0.5171756347128244,-1.2275956450506695,-0.6144981063799412,-0.8755880415538964,-0.079757255914281,-0.8986653522923203
740,74.8058408771011,0.7725713391861095,1.4700354081899871,-0.9605550810272184,0.1568303525424948,1.3026418054888869,-1.2678155823476511
591,20.13058923851364,-0.6063046962582908,0.7951453681805968,0.2344772707382904,-0.5753347055925753,0.6496725140592847,1.7768037057598132
961,55.70235864164989,-0.2201415723812099,1.4725164758163911,0.0326065055393344,1.089564321304266,0.8048128981701597,1.4332674338110512
43,-10.941037985287736,0.437217711032982,0.3660486273260772,0.7398651108051306,-0.7594578030913656,-0.2887546321381211,-0.0078186450960821
281,26.78367656527709,0.5459862144487119,0.4635840305993537,-1.6325730481640446,0.0319894073658547,-1.258597258934406,1.360083272425496
704,-26.97785729322937,0.7671157963301213,-0.1523832739921025,0.8446547700252277,1.128894055618202,-0.9006912930517008,-0.2483586867327477
737,-76.90358482533965,0.6941007913812549,-0.9651507182898404,1.5349055742656887,0.2696621318276472,-1.4552715675451613,0.2501728959338462
664,23.235473623637795,0.2770349629591787,0.3573413531809558,-0.902541622879282,0.0900949620352165,0.1319160634192031,0.1296997877665013
459,5.934643600232198,-0.5631373120191521,0.7513380372685664,-0.1857917994716913,0.2970126742623005,-1.1776940810819752,-1.6953282120609368
260,-29.390953445556647,-0.8385609081866033,-0.342309377515161,-0.4504197577365877,-0.3967090008190442,-1.262334185469332,0.2744485667462922
33,52.072007455683625,0.6325495161122627,0.8306397932807064,-0.9229721086555132,-1.7678941729852549,1.6169811645223795,1.415144454800636
151,-36.01039214568413,0.1163840443209316,-1.4113985647440837,0.6784530715075611,1.601383888742283,1.3721369836348862,1.374538555918946
6,59.08568973520843,1.660210799910088,1.531366952331626,0.0507048699181797,1.43519141073441,1.3144785869958413,-0.5313013439588793
448,-32.86953951930138,0.3763561786762088,-0.9435969819591656,0.3900979775606497,-0.0382807224716739,0.8287954364097758,0.8602946872964105
118,-50.902596102582464,-1.6752298712536802,-1.2223987800922254,0.3109639546315057,1.234815445458311,-0.2252526304486184,1.0945405742190013
754,-51.31673233735676,-1.367221683150056,-0.9454945617094572,-0.1186231619700847,1.3477858838686465,-1.6044277684522406,-0.0709811031522662
112,-18.90441794109456,-0.5491678523627399,-0.9668993596175268,-1.567735370487748,1.2052826202868938,-0.8883463163674871,0.6160262835608449
184,-57.44272007432774,-1.1434098321188266,-1.0595788498806078,0.3554885120297003,-0.0431142942524433,-0.9061186035445108,-0.0938753388014023
233,27.220061626436184,-0.7725440344891792,1.395831846415303,0.9666648605276502,0.0871640512865897,0.5939417080250181,-1.6297919879757463
213,-6.836741121774409,-0.1140323171792202,0.2772440565285301,1.2408671171922083,-1.289715409334139,1.1789728494529297,0.4971889316560774
373,-21.11216515606132,-0.33516934644371,-0.0622194594634363,1.5742893913591685,1.1696733359020797,0.7478243122238841,-1.0897262954164924
792,53.70150172989037,-0.3016513159255997,1.070128290683532,-1.3937090711100004,0.6800115361535188,-0.1005478761400165,0.885515003647779
405,-15.438516295739124,-1.298542464187583,-0.8418474485480846,-0.5119596471557879,1.023824760040394,0.6370965415469163,0.0542700107090679
48,-32.69666950302717,0.9988924669744288,-0.4593396790337889,1.2749312181434689,0.4752974964801323,0.4556512156127698,-1.089880762772686
598,10.148533730654895,-0.2564099186089529,0.5558384822400676,0.2837465801794142,0.8511273299461815,0.0274447568889028,-1.0570055967930023
904,46.22540444441163,0.1777012690285557,1.4747521824489884,0.2817231934588964,-1.0886804981327292,0.9719223296937176,1.2129153407854134
883,31.303757712161563,1.2138671681981752,0.9922571830510208,-0.1822893262268254,1.122336945121385,-0.208059906708183,-0.7189987587667495
216,-59.46327499607858,-1.530917069389613,-1.6149417692627932,-1.1930177493932117,-0.838270707347344,-0.8981431473339541,-0.6557679094371711
819,40.91076494990961,1.0296433789743262,0.6679940174669217,-1.4425012207108403,-0.9989763435552502,0.3393098697629242,0.395916861882116
98,10.243491479657015,1.5094528803549208,0.9865689284135502,0.2825085157027733,-1.717254674049456,-0.9886539457348714,1.6983364684414286
995,21.07051183140731,-0.6085798427400383,1.082913317521195,0.7895894713676844,-1.5235446948560198,1.108698691348588,-0.1956176763368592
692,-69.22696086079355,-1.0782614446578678,-1.4506304902060274,1.4472670267609486,-0.035815511997704,0.7903861002556932,1.172415610753461
3,-44.21210743749696,-0.7075445524953032,-1.4352098745311554,-0.0176194799494793,-0.5310026685893219,1.0733583139919427,1.7011856701844608
160,44.18714800573323,0.1642768509342776,0.8884563006529398,-1.509749476109032,-0.0123166653255496,-0.3467471067072297,1.3635109843507272
511,-36.97794827916027,-1.3174660094588395,-1.1059168419710166,-0.0601669087043817,-1.6761150343637825,1.0916707247284725,-0.0313084828788922
519,-12.70286595553785,0.4363082279274856,0.4546068050185397,-0.0478551549891292,-1.1572468773034348,-1.5622783464670635,-1.3735508063465005
674,-35.91759483616757,-0.4669944963782036,-0.5428247434904621,0.9288040976264634,-0.6573770128844209,0.4211516870829269,-0.3316313194550706
457,-32.99585887431845,0.0129652937264175,-1.749334256142701,-1.3914389429990155,0.5758463967573559,0.6875617927472609,-1.3629584136559991
205,-22.19262025625331,-0.5072360723174182,-1.6541182457761352,-1.295679863292333,1.166278891142343,1.4257376700915876,-0.116159212015658
868,-70.49518231611114,1.0279266249640049,-1.7498514415952615,1.4475937849192362,-1.7561964106560823,1.302283478972833,0.5007704422153807
30,-29.114189347311378,-1.144751330734603,-0.2541149199535054,0.9368995402336802,0.8512786644694493,-0.2766738112977241,-0.1252897276091084
860,-20.335653129298457,-0.1157694108916782,0.2825499649951601,1.283111977853681,-0.3459900926087195,-0.1256387176622889,-0.2695969684588716
426,-76.02140893231709,0.6808227370552659,-1.7593470886172382,1.293302216137505,-0.3268581754309515,0.5758844429302865,-0.6322250966770129
973,52.33921198372845,0.3311955948894237,1.4103566231151765,-1.408944830314138,0.9240000536498733,-0.7221422796670239,0.7991767622995669
916,58.40503942933371,0.5918375024190575,1.3144997353010026,-1.1853830038927915,0.3308224448223874,-0.2256637635753591,0.1663225067250724
204,-48.5958707473954,-1.6977162357518116,-0.9665030519037564,1.3642806516821906,0.1654962661798047,1.3953689104379023,-1.4810935507865928
346,-33.8845504349641,-0.0864053831842811,-0.2101781712848421,0.5075113087933598,0.9623974489733814,-1.1687107249137303,-1.463834026334528
834,29.73496975220997,1.642632755930587,0.2783034514428861,-0.8675461707124438,0.7793334305529097,0.7924406826663876,-0.7245711595017533
256,1.562372988116396,1.4662336043685795,0.572513992075477,1.036170412784741,1.5614003612734613,-0.4878864428927022,1.4665612648041688
559,-76.7331081642368,-0.4390313600316874,-1.3481545225302132,1.5312635736550364,0.1479656630491247,-0.1947441068690951,-0.0477667224801974
555,-26.7998472126954,1.587484003884484,-0.3853712058212692,0.7884516956894754,-0.2095920744914691,0.0834083313352799,1.118520005327625
994,-6.076796184291312,0.0079576478508045,-0.1825596147463002,-0.7285366080043872,1.044895633676715,-0.7611412360181231,-0.7834695604338141
773,-5.035223835021061,1.245250756628381,-0.0781069331267683,0.6473968245201375,0.0328322016377932,1.021135154987238,-0.5818188585984972
663,5.218394375742565,0.7947600056938745,-0.1290482036906726,-1.3514614677865722,1.5631090937500909,-1.147375730974734,0.1659315489760157
167,16.07911283516653,-0.3511591168510757,-0.0112909616752855,-0.9858876779641392,1.40935669258771,0.2723146756199227,0.0023934888181768
609,-22.02506101044546,-0.1406922764104919,-1.0505966183425877,-0.883046043414645,0.9244488093700256,0.1805450433147978,-0.0611099607434946
133,14.960016836321302,-0.6121681868225862,1.6608701664987855,1.7630000788196385,-1.0934741918438633,0.0163338328880125,-0.7590815612044093
371,-51.45585467693324,1.6131332572674055,-1.2024580401931408,0.7426984053773497,-1.16213877384488,0.7496023649008703,-1.5152983199794534
11,-30.529292219458146,-0.6235742167392262,-0.3430961854370521,1.175445455344682,-0.9494223449883692,0.9614043062818494,-0.7418597651700165
84,-35.9247303352874,-0.2346593708615949,0.4294068115422554,1.5048454815143304,0.3180580385902957,-1.6923333089669856,-1.2216004124299322
189,-44.17959595382232,0.8908117382758094,-1.492597910247511,0.5227134402119206,-0.0743787968919421,1.403181707364224,-1.095346435463447
706,-32.29900372347253,-0.4758425280186797,-0.0063473147447027,1.6426954206591622,-1.7611199701006888,0.2816568620026592,1.1837242061155355
631,-19.144760807331267,-0.9029716939716428,-0.4059278754805343,-0.8072973649486714,0.2269455518125109,-1.0396342291496854,0.2023203967800653
945,-26.237592493118488,-1.5105860727362048,-0.9585897888250052,-1.6337072032586653,0.7436121993107355,-1.290874437123142,0.1837962903937518
491,-63.095521643482016,1.29178118535385,-1.280397113460782,0.8655794317608236,0.0411489934144079,0.0272796061180752,-0.698243311519022
289,-62.54621335165127,-0.6752874575300887,-1.118528187844443,1.5278038944846335,1.408483011507032,0.2501664360988604,-1.1487008837653208
51,-31.51542508093865,-0.9145861966645032,-1.2093235042627264,0.2621057483835118,0.3369782781995993,1.2068524862094638,1.4308355590087225
399,-36.727667904454165,-1.2328556722947188,-1.5558836471651118,-0.316468421116569,1.3826094728211722,1.2179414127835075,-0.3909941688029233
966,-83.94983749192525,-1.1736996331013705,-0.8736120702282316,1.694758359957562,0.26158571112446,-1.5250704882133683,-1.1060275767225642
815,16.226003742982822,-0.8812510883226913,0.0465967107987994,-1.644737296583966,0.7316114138767146,-0.3691049313579899,-0.8941383557595237
690,-52.359048364199936,1.7038924691848596,-0.8164194216268584,1.618112897779744,-0.91693161552723,0.5132670588564014,-1.0484372209308392
248,47.70452365683735,1.6821040316307283,1.44634630236016,-0.9394708228013712,0.0807642897338916,-0.8772351154916225,-0.0793637713021631
616,-43.85173242222904,-1.6186014672653333,-0.1434147888749859,1.7427401901768351,-0.4157984251157188,-0.2077447963154829,-1.507953844854485
988,3.219035897794688,0.8069988916520773,0.0982029035500603,-0.2119625828596765,0.8214988096655625,-0.0497725551327303,-0.8257533992047641
998,-51.335413897588566,0.6219372201258188,-1.0344303034439302,1.1008436882120016,-1.5938186196434698,0.764926050246572,-0.8004372933009062
14,-37.07920529080239,-1.37864880412374,-1.074354181780556,0.7488862798128085,-0.789096504016973,1.4338504392048403,1.0369075965876042
466,38.70045651142547,-0.1633546572291728,0.8884215325275717,-0.7296983179909726,1.5973003332440965,-0.1226696737900606,0.232395817226509
135,51.65977208221796,0.8060395766828119,1.5741919086175216,-0.1555938364872673,1.5515117572896575,-0.5587929273383766,-0.3538153785215755
380,46.957232356188406,-0.3560256118668112,1.2327855451083132,-0.1698688585301024,0.0160065705135156,0.9552132605973632,-0.260071008187769
817,-40.01153456241499,1.3961974695425388,-1.5933337542329855,-1.197140961196842,-1.0737761028007748,-0.2458470000607455,1.452307542483615
144,-47.333804696737374,0.8837624572731339,-0.9859511357686542,0.0922011283944198,1.1369496212050116,-1.3028103824459083,-0.2090569746053011
315,59.65309936647999,0.7746383460599956,1.1581033359728332,-0.7523426293857997,-0.5963430298236154,1.347344343730419,-1.4968648798719917
286,-7.642118082200787,-1.0574964131702682,0.0071184179059439,-0.4519999576168539,0.1916064627692978,-0.6141794383345706,-0.8165222711386849
755,-42.83120573070416,-0.807017402215711,-0.8703957237952126,-0.5962963412804541,0.2807466504277532,-1.1316183080196462,1.0171227010771644
739,-49.69004757440021,-1.1881486948557451,-0.4004557459489198,1.2083117326014965,-0.5493831194523789,-0.6302582291585668,-0.7449133890746422
67,-52.41444927373522,0.3567751106495205,-1.63731008319462,0.3576819788116366,-0.1196029791829051,1.5064717595949757,-0.9485087709550262
691,-3.0081201423461192,-0.7527656505988678,1.0602139898658156,1.2273080750315482,-1.4041594060232585,-0.638445854860506,0.7167900661745756
931,-46.28282757810099,0.1042511629535387,-1.2298738253938786,-0.2696418174722543,0.6780902778891534,-0.3804377773726292,-0.625759000937333
996,-69.09158817183355,0.247807038211541,-0.98263231507402,1.4801086086626802,-1.2409805050034717,0.0525195295601513,-0.3055288163310238
970,0.5802684594248878,-0.1640370111554346,0.1283353633296841,0.9022448114719468,1.207523992546434,1.07823104548726,0.0917480857957582
479,-83.9174905988658,-1.4040562396626624,-1.5209391128115193,1.161399349937356,-0.7016296178670246,-0.5372134359617676,0.6469353912311913
546,34.3360414263944,1.2506425673658834,1.6115064355904742,0.4418590418422841,0.3411011199438521,-0.8930710519244531,-0.5425865875245413
893,2.13555276644216,-1.6768492286115135,0.0309922813526858,-0.8598124293873616,0.5986145890312218,-0.3914317265522823,-0.4166343250984295
513,-15.261267981227297,-1.1992853205835712,0.2030642227628286,1.6367364343203596,-1.4753153462099688,1.4055209890753753,0.0216298376399178
65,49.84986949398438,-1.28784537682401,1.5654899556571211,-0.946449703297681,-1.4624971248770289,-0.286799598450942,-0.9335117571711145
862,53.94234154011399,-0.6833564017393204,1.3505018768939028,-0.1525721092505585,0.3711625173050474,1.5322902185731344,-1.4058275716660482
627,-7.31269803445152,0.1030161583684816,-0.0869305846066283,-0.5052064141296341,-0.9213612687470926,-0.2375303057707478,-0.3196503761535741
76,59.09467139619649,-0.2898794208995981,1.2659676592253524,-1.2447360595530923,0.0795250776723026,0.5973646158352756,-0.342848223863784
108,50.84700268803239,1.002155264171189,0.8964714037165264,-0.6742078568932112,1.5471806088711946,1.0345606865934067,0.8240006529216619
148,14.29377395720098,-0.7272164430042312,1.2883522034392718,0.1912356221782053,-1.6708178679008503,-1.0679438918736448,1.064170886822618
316,-71.70183594268397,-1.4326333327169662,-0.9714171658763276,1.3986805519388268,-1.0025526174315709,-1.0066112338335278,-0.2877425213807144
839,-22.46987506560902,0.4848108496919643,-0.6828087429074486,-1.0845168501367817,-0.4690236324390691,-1.094219703268093,0.4990412438714181
949,60.24013923432634,-0.1509420953400872,1.1781388727328397,-1.0502988760606626,1.0653370614629685,0.6741480876988739,0.6598975837266994
694,37.56552994032005,0.676510255912115,1.2442578347448376,-1.0774352845294326,-1.730051544162626,-0.8244636117771391,-0.850885587172837
558,78.9969294969333,0.3143790206366681,1.667237832682467,-0.8120858982254445,-0.7226066393570229,1.6210624269178486,1.602424809457489
999,-0.2696945412344136,1.52180977029396,-0.572628349784789,-0.419861354638267,-0.0660602516878083,1.1538083772533851,1.509616348981186
355,44.511356985579056,0.8441484755665537,0.5877897225237989,-1.0341874736383296,-1.5760685530265273,1.6500035891835207,-0.5077212467157434
720,-17.513069578489805,1.3005380431045923,0.4645342426907147,1.5530661136213888,1.5107733221086947,-0.9676044849971044,1.1933398708334118
328,35.39278279044159,0.8356770347168467,1.6528569388632064,0.6761395721275743,1.027142009679855,-0.6235177590978827,0.8334002631065595
427,-12.093726762981817,0.0899031097861517,-0.2131189046772885,0.8161704138751786,1.564128675393014,0.6233557296884263,-0.1182324714322077
929,21.89701447415153,0.2954248500578182,0.808777248884324,-1.068485201671324,0.2691006170026241,-1.625170780839901,1.4763383473920162
245,-37.18757708002701,1.6695741589177933,-0.2194172570873321,1.509776881849062,1.016225902331454,-0.9646784493381396,-0.9357333124677204
618,-42.60197789348674,0.1097479017627645,-1.3246645160146877,-0.1857739073949074,0.4970443723664725,0.318075875766052,-1.676040109513984
525,-18.740326292187305,0.4501291195074381,-0.3675752098544425,0.74768143819625,1.6167240702882997,0.4093979408479016,0.6760210143516575
130,-41.33294544580528,-1.4159712062306788,-0.6320366646106208,0.063120397446885,-0.2856484843483834,-0.5469491484632435,-1.483155592013563
851,45.118412138102,-0.2324787159626428,0.2111248673845846,-1.615681455451684,1.2192696966545893,1.1571089646704298,1.5674770371188176
733,49.26644354819559,0.7736086326537192,1.2941490353889282,-0.2328039706258237,-1.3279282086670807,1.0135883771379244,1.4560024140004018
215,-8.848303127615253,0.5465938035669985,0.4868412671859556,0.1182304640269733,1.0886416448218934,-1.715373616496615,-1.4772146325293627
703,3.1404874721153324,0.9108825824341072,-0.5758310511310671,-0.9674074869954076,1.0502642534709992,0.7154111873729146,-0.7791426881840754
767,15.4546265384586,1.3284465973789048,0.8183440523380494,0.0134223414795438,1.029663512489992,-1.3219604144679826,1.7799421370192263
880,10.14445036027684,-1.5184692925712673,1.3747111580701648,1.1032828916876685,1.61222907751109,-1.2994185912327147,-0.1138349014775311
382,50.43414882373602,-0.7664839549689435,1.124782882576207,-0.9732153097542048,-1.5729008442443069,1.2144573943048098,-0.0039165700205928
440,54.433463595923975,-1.6927976892001808,1.6060414160757248,0.1493947741107183,-0.0054046052990633,0.9714253348968632,1.5355487502134997
540,43.977074782636606,-1.565564279127461,1.0728332003760048,-1.3592101689190463,1.1772929907783325,-0.3177253058767693,-0.8908562926559044
881,-38.39007252248719,1.0569627680141944,-1.5611646494911366,-1.2373401401806534,1.0363357458655076,-0.4298174288832608,-0.7206396645216394
596,37.07771144445999,0.3887350489773652,1.036479149773098,-0.7037504679729897,0.2087147224153564,-0.1064317248232999,-0.8250751230309997
362,-51.97233898886997,-1.2317535158448,-1.4499639561236737,0.76069253549575,0.3431231982509227,1.0565669730835725,-0.3281783748006039
779,47.40810531747199,-1.0608793870010385,0.9623369841078284,-1.189132996879696,1.3566719627966617,-0.2050118801333048,0.5330686052267399
369,-3.3780961459034864,1.3203576322199817,0.5638160631090419,0.9572577000003452,-0.6686940291186448,-0.2717971295977829,1.3278670058180762
742,50.0162461298831,0.1140632493948462,1.6754108165374748,0.3356869515807651,0.4516959048912641,0.7877721602904488,-0.8149085164718729
721,-7.627992966359952,-0.3285037286374833,-0.3014486407406728,-0.8503507813717999,1.5320695187964806,-1.0255485250395122,1.1656509823938546
203,-11.570551769441169,-1.6924137186528911,1.0754807119973702,1.6258679241314882,0.9382182847343096,-1.3032303485649304,0.2336035815970631
827,-54.97641146686718,1.5182305595293528,-0.4885543448717633,1.4419256544423784,0.6066904546771283,-1.7327811609397503,1.0315628498744758
38,14.094994892165934,-0.6296132455648804,-0.1724943537704079,-1.189710386539344,-0.0112304150474066,0.6555515153661318,0.6798848194045947
116,2.304913643068079,1.0071063376713991,0.2641153651850605,-0.1839298315827589,1.4434739951529283,-0.8164124730535413,-0.9585218105264992
846,19.30155297177297,1.4809044224432912,1.219383139804877,0.0310615523390337,-1.6808904983890225,-0.945793734155288,-0.1059571529816661
111,-28.753546755336924,-1.3571460416645182,-0.5095207191694898,-0.7138842290169465,0.2885170289567877,-1.3878917286493166,-0.7103650708648357
97,-55.560043563842505,-0.960918613511392,-1.5941476907664134,-1.0839536879251388,-0.4806241331918948,-1.0203899685753024,0.1235571270421448
7,-11.424417340143874,-0.5031014161881538,-0.6769366167981933,-1.4936697015518854,-1.0941246507872764,-0.0106955626693529,-1.4634615985618065
971,6.028438468980965,0.9685574771159484,0.5311545540043447,1.3979029998532555,1.3372111239363216,0.9075032745487688,-0.9802010602248472
42,41.49663201734057,0.0647380858495475,0.8800903950363539,-0.9709197133352702,-0.989698132668056,0.3272889427869173,0.7594995083776297
493,12.405111708336603,-0.9207328697366326,0.6427072584491058,-0.3928610689072628,-0.5756566015582614,-0.2936667475040141,-1.636414628245523
60,9.747714396405774,0.6608524961376451,-0.2169344000486659,-1.5202903978357003,-1.2231050413474005,0.3282035698812781,-0.8722062860798848
174,1.187642570255409,0.7454908975952943,-0.4463612073981175,-1.3517415312761425,0.3098261381453764,-0.2829936496826507,1.0639231160079312
712,-25.560723716060373,0.9094285879795088,-1.1298106638783525,-0.2575048562486823,-0.8401831135366102,1.214764448544047,1.0860106208681408
903,13.353135257021076,-0.8651075016587892,0.6581130563713431,-0.909853884787592,0.3215873074643745,-1.4159472277496432,0.3360536613353072
259,-39.53873517307864,0.1468970712280855,-1.2686049906769945,-1.3869449798561853,-1.5309948651757717,-0.6201809627057305,-0.3353979280787157
228,-2.468362859048169,0.1466335936830513,0.822099454960487,1.3972544101550095,-0.6621798925848659,-0.065656802540897,0.9027224759169252
227,14.087057841469964,-1.537162160671346,0.5356771680185715,-0.4078247424933043,1.4799404635764302,-0.5228421074421653,-0.5723441952470586
837,-54.10677393468078,0.9720119492630442,-0.8474973231178704,1.5861325987820536,-1.014330428950485,0.1613402392198281,-0.5280396395150478
978,8.163512450009932,-0.8233059492693803,0.3528286199447429,-1.1564004818850344,-0.0418460706403088,-1.0437322328301446,-1.61344170365868
196,32.78581514972302,1.323764875224714,1.5401989580592077,0.5309868744713391,1.3649084315873117,-1.0234712248113005,0.2256469774639931
143,-33.13592466744727,-0.9109552661292308,-0.4370022232723484,0.8087954209972501,1.3346610744499152,-0.194758717833177,1.4653843094601018
789,-42.36093499087263,-0.1736648998951718,-0.9473887516377032,-0.6863010863586307,-1.696600554182785,-1.095747900880932,1.7134681532769722
659,-9.798144810927594,1.529742740267079,1.029279882489961,1.684672521558839,-1.0862427693028955,-1.1077132637375815,1.0705438157053109
377,-81.45984240742747,1.000406998417761,-1.746226187068007,1.7445069321370223,-1.5866210557044766,1.0865896553656198,-1.253061567550743
861,-13.492717139916875,-0.0969240228134266,0.1622672741244882,0.2651610885532902,-1.378958771314173,-0.6141709426763673,1.6010469959281424
389,-2.405547581881102,-1.0626009293760148,0.2871947118951841,0.5806597404145196,0.2230202808924062,0.34198899030257,0.4549916006846067
255,-64.58715915182823,1.0829587571222874,-1.1163031193519228,1.6036600224935762,-1.44658904605522,0.0972509711441409,-0.2774008353893736
517,-13.27304451797316,1.673628430863371,-0.4691277021196798,0.3124581311844349,0.0998116471123715,0.7014664007677038,0.1593524622487115
845,-29.28564241800889,-0.1036538194273502,-0.31829394475151,1.6227305827216276,0.8933959948395034,0.754580302666612,1.0285895213072926
339,-9.211688724740128,-1.3710425070128684,0.1630017440938569,-0.6428063339450903,1.061615910858997,-1.5723778137530604,-0.9494418183481622
760,-10.439980314017982,0.3828352436100599,-0.7145348646020525,0.473289647894566,1.389792324978396,1.707275756614134,1.2327330426105805
181,-45.80829125405609,-0.9301383120319848,-0.2912062220656485,1.2468473650215648,1.0261102555390649,-1.1319173554126378,0.2962932973698233
378,9.93098409801431,-1.2579110711152486,0.3374344806072029,-0.0683288573640223,1.376845727219306,0.2364868020937872,-1.240884931008563
623,-22.90582652985452,-1.192075922849612,0.2541317461725838,1.6129917885061156,-1.6472835992341934,0.7983482059149718,-0.7068254889980299
812,16.00472303947396,-0.8484512699328023,-0.0243748130533772,-1.2379629319622012,-1.3345388782881455,1.0534616410487152,-1.0409061281328444
455,-11.472734194466549,-1.71075379398581,-0.1517978965746083,-0.5788868073058463,-1.671171929664698,-0.1193808894531487,0.6614445466777517
572,-27.39405143691055,1.2724794741087493,0.040172295768957,0.834854488293803,1.3848186636412054,-1.4224236240461396,-0.1592275513753564
942,31.889543962187226,0.2995217597523735,0.9873189040289296,-0.5229511763280671,-1.20341535204955,0.1546530875480701,-1.453183767083295
395,42.29958539175359,0.2966745441548424,0.8375795955847837,-0.4485553646409447,-0.6503821498886814,1.4468018463699854,-0.805052549965212
158,14.962021703624911,1.297281510290722,0.1375147294478349,-0.7120255297902849,1.6036239033397657,-0.0911355695952956,-1.091306090095446
675,4.559871764531263,-0.9003580718586741,-0.1697883890911012,-0.7224741093400319,-1.181259957600289,1.1058500029617877,-1.3980384832337402
652,-60.24521677759081,1.3087381981239563,-1.505399259627595,1.1223562407978334,-0.7512832550960472,1.1854443736023696,1.7056272215340365
854,-18.709646117574216,0.4653497461798863,-0.249447269480919,-0.399630253554051,-0.6575915411465977,-0.8977886898938575,0.1976866563332724
522,46.08895742452232,-0.0266868983499396,1.2757890171693664,-0.4717012593192815,0.8401065424530184,0.1192604924555674,0.1810012053143239
561,-41.873495516260974,-1.6201573950363983,-1.7514635511447003,-0.4945088484841775,0.5603803715085381,1.0512342599029991,0.9418199427697426
437,-40.014204380693215,0.0263871953605201,-0.829347324395781,1.105443762551611,0.0780970805943931,0.6064177129753949,0.0998063687391645
775,6.393572455775409,1.1471095643811902,0.79240363280051,-0.0755771220911887,-1.6799839852344989,-1.0752465466435928,1.1253735617912044
784,-26.5817355402057,-1.044057224969429,0.1162558253532448,1.0799050886193828,0.0529834756328545,-0.285411120580998,-1.2889552881440527
200,49.56284005238482,-0.4679941790998405,1.526932617036807,-0.5029475833989142,0.3388583796960225,-0.070715923591469,0.2644855400315009
822,3.7143916194176514,-0.0008294897173581,-0.2805914149001968,0.1751125732338448,1.634875422285373,1.5345490472136265,-1.4403450029271925
290,-48.983281818984366,-1.261104201831733,-0.8817203874973547,1.4348694303992535,-0.4490428543467017,0.8670276395097872,0.1210185758225784
718,-2.913914198813416,-1.275399839966559,0.3771911504729666,-0.3472265067804876,0.2814264095134224,-1.3103527222397844,1.5166865562395575
489,-2.455077005319185,-0.7198886092493271,-0.2207902160910307,0.2783813252656397,1.1002502626400528,1.231947179143612,-1.0657868282726155
713,5.540661120318671,0.3774148667865984,1.3127998554080436,0.93537964553681,-1.373862041215164,-1.0521191756911807,-0.6260683231876333
287,-2.275051916384955,0.1817840736738589,0.8380087739771062,-0.0547222977247591,-1.555115490916692,-1.5402532905835276,-1.4029788284903777
651,35.7878414597701,-0.6246527641739522,0.869414423416143,-1.4795419958737448,-1.0771618794731284,-0.2796040272811229,0.3108065224449586
626,-26.88334757892784,0.1004740902346914,-0.8524508157876152,-1.0650477020269995,-0.4369483292145921,-0.4826165915673657,-0.8804652566853701
391,39.674275720896446,-1.2495010329804956,1.2598472876594733,-0.7287052310671293,-1.4722922800021054,-0.0532251353577536,-0.8113901625417813
537,-56.24538006106352,0.7178337856272874,-1.7642142489318446,-1.0193410426437246,0.323136031639939,-0.7376679034463475,0.8712971329262132
510,-84.92481340057371,1.2675493398782118,-1.612813565263167,1.3916968333953716,1.5100326713381558,-0.9731649549327296,-0.9297868316489216
982,-6.226327678953839,1.708801370927748,0.3225818003672503,-0.6912252843681057,-1.175329760079716,-1.7410647242725512,-0.9073936070664764
1,-56.01169732474697,0.9798278203956388,-0.7160875104119204,0.4529676210230693,-1.7754914667475747,-1.2251530454169757,-0.1936430341115518
825,55.80681715452668,1.1700674601446248,1.554056419670652,-0.109545600347525,-1.1417378376602063,0.8918107400140758,1.0478255079943448
194,-77.46883047054062,0.618516684223997,-1.4298233514829437,1.0747604645717914,1.5976178109134245,-1.2408911893935082,-1.164378990257579
895,46.172524075638215,-0.681213040093768,1.052309142144937,-0.012182489819097,-0.0134469855177306,1.5488217217438296,-0.0285868261611128
402,25.50536916331973,0.7811137690346851,0.3308701898721445,-1.0107418332472788,0.2427213423955458,0.2460081564163895,0.525403536541063
159,45.774386104786046,0.0287142379967793,1.505923626736318,-0.0905593308833985,-1.5442160056084182,0.6223354168467156,0.4203754232226158
781,30.786535991072643,1.5691524627365938,1.2423665736932266,-0.364159921653726,-1.1900662833218696,-0.484933733371197,0.6112327115290586
94,-35.46496275456585,0.6454617689721047,-0.2433083511430448,1.0661596962178277,0.0383358947545936,-0.326475574888428,-0.9074941040888564
208,17.001543536762497,-0.0462384343296699,0.5477723922638928,0.6536160902446096,1.3449736157529624,0.8541614387604495,1.3130907946918415
508,2.9467628939332258,-1.7033958900119712,-0.1090370123123654,-0.4830378994199768,0.3369094146865072,0.7191088089343394,-0.7700131186589925
433,49.138754058652125,-0.7777622428392775,1.3304182312900796,-0.6924069325842617,-1.358727971680978,0.4406430655871349,-0.2838914819006527
711,-21.34406009087566,-0.7468983855653363,-1.5001013990242416,-1.550870464733775,-0.0487391614166122,0.6753450445276099,1.6825159072646323
49,18.417689594211986,0.527530558239887,0.7907479788897797,0.6368777530810228,-1.3185644980566098,0.9757750281358424,1.2354678152592362
776,-37.82535317441566,1.221618034260959,-1.3083288777142277,-0.7367347628346985,0.6645824107614037,-0.3846539702019728,-1.327131842470274
307,-51.16822332789429,-1.0665676076345656,-0.9019777909137536,0.0532982440177053,-0.8258213867041266,-0.5095892606509894,-0.2775268803150614
935,-17.664834547969658,-1.372533394245466,-0.2059615462696435,-0.046147608105419,-0.5507303652324561,-0.0680807673196321,-1.291160864864215
548,-17.45513493198588,-0.839335593219234,0.1565449441000428,0.5290503928748141,0.0602436251182689,-0.6629054658993195,0.8030455141059416
588,54.20519830681761,-1.1529116105938366,0.6881745140552854,-1.2928054380901124,-0.2273033261360738,1.6378513147541711,-0.9961526351450444
668,32.70989505479405,0.0987726771133432,0.9766653411519692,-1.4220470598244948,-0.186873369209179,-1.4896782840477771,0.4926334559975188
179,19.0469672521178,1.172743923230096,1.5893437465481066,1.1182435507942892,-1.4422993177620118,-0.33855621961379,-1.2168261650464496
516,-59.91546612373688,-0.2065404412378673,-0.4211133742017349,1.4048711441812072,0.3123491647302878,-1.6844689961645751,-0.9329491740150816
102,-79.88138082460081,-1.533922489546831,-1.352454607053061,1.136800687556101,1.3789352298057402,-0.7604517558574182,0.7722980777762994
8,6.402198565356096,-0.7344791519357227,0.2168054956302647,-0.1712435543348761,-0.3757242696384961,0.5976025799809079,-0.9116033322341426
681,-7.900843116609032,0.3717669562456884,0.411093042465452,-0.1069346487815359,-0.6070734616238113,-1.637806498920805,1.723310712863792
25,11.204581563715196,1.6361175527522644,1.3474719683304115,0.9059064937948867,-0.8917592917177506,-1.0610543364570864,-0.3774340785152139
769,66.80262702233607,-0.504339468334596,1.244179446635649,-0.8522169416395158,1.5327607977993225,1.2362130103404,1.0455444373723657
576,-7.063198607598214,1.3537175368860015,0.3310304406850281,1.7647618209149327,1.2414779611409574,0.9291837393250018,-1.5262499617720715
428,-33.41517700920182,1.700364459771546,-0.754012263389234,0.2444985072661123,1.3132264812380214,-0.8726923536633772,1.7682664485441748
83,-7.76124152907697,0.7346664044079284,0.4473744734260675,-0.0774846296320745,-0.7221535945016919,-1.640120561771534,1.5453767408379806
106,25.038589333941463,1.3642189024445122,1.46277696437059,-0.049787033097117,-1.7797938251927572,-1.04484053863684,-0.387315819462129
132,-24.927421800431283,0.0493609409083388,-0.9178064313843268,-0.0093184728736985,0.2802357856162702,0.7514356989553856,-0.4881072281847282
357,-55.09328515592824,1.4126573435397891,-1.1566419899719265,1.235793988072679,0.7488260038581175,-0.0082903193308137,1.0521967115144977
383,-18.880622553503112,0.2078121886222111,-1.3090391436897908,-1.6684983960598667,1.6363879653615938,-0.1985495576554027,-0.8660559064884256
358,-30.696808600544543,-0.5838519837097838,-0.6892102826426191,0.4975261629426635,-0.5992924335372005,0.6465091764905985,0.4818083304749011
529,29.845471531487707,0.8775546147602556,0.9334480116624074,-0.4155614279336092,-0.4587300969183174,-0.1469260274270276,-1.101006364847826
291,17.839927921496493,1.6776573716417895,0.4885725991595471,-1.2956927645407763,1.2323834401145015,-1.5703755179672825,-1.626120228084104
397,-16.229207321445525,-1.298490636215165,0.2012183120730535,1.3196573077262006,-0.4377001077382185,0.4911231712140633,1.4120252209979949
117,-65.97292242347241,-0.3037299986434592,-0.7503570515349557,1.0075600428083316,-0.6700828518202835,-1.4102071198052966,-0.6112504550768865
838,44.9617104104911,0.3627568406815338,1.542864191316582,0.6413649251498995,1.313736776011594,0.6751669610616059,0.0204752975882583
937,-76.60004759517983,-0.6196866947540896,-1.5860150983329562,1.2983453891957517,1.0848552107396428,0.3704705564512124,-1.4304290441952223
723,0.437331819026733,-1.6769862967527935,0.6115969281306334,0.9887014265236908,0.4975793691775574,0.1234834515885093,1.6200712895632452
790,1.0857955723163868,-1.3503949754682745,0.1150075866469484,-0.7242551472101525,0.2212904321625639,-0.5322186691188402,0.0529089571822652
393,23.613045910586163,0.0056890967752506,1.5395630181072708,0.706739698024166,-1.7451694827872382,-0.4645990303769443,-0.1407953560239021
16,-69.64822241965733,1.028965921117374,-1.064718452385662,0.8972424638198536,-0.6358518352592915,-1.643081440355866,-1.5136749073742597
985,-27.807785087413997,1.3002619330908531,-0.6241229078306008,-0.5372390662567792,-1.731461891330737,-0.5070094137044486,0.5872757876934719
514,5.107490765706735,1.2809718590432695,0.588111274673089,-0.7059428875686665,-0.6091303807770686,-1.7011468540974422,-0.0395579674996803
542,31.08391823331769,-1.4874256135476376,0.4282228835182882,-1.565837510998449,-1.1206066941182131,0.5827485365217364,-0.9345024325099156
684,14.466694871304092,-0.4062933170418338,-0.0453662793079861,-0.8395726966257128,1.353651132293644,0.5141779954429332,-0.8469780849841018
679,-50.681609380019005,1.690580318107176,-1.2557999775819442,-0.6967173840490808,-1.2378264447697618,-1.4335822635458382,-0.6153533597632882
990,-46.82633676606706,-0.4620666352964734,-0.9260462381641912,1.482051959233,-0.8301391116172082,1.4094363142835369,-1.361836844396605
818,55.65065692586839,1.567927564841434,1.2363384028398592,-1.009197120341072,-0.4490869805753713,0.3666359747693692,0.4529300356100066
488,36.21160172336987,-0.764631692956888,0.8705005265542748,-1.1136364575541924,-1.2623916691826549,0.213587700376674,-0.0767598281213353
264,-69.03876505978299,-0.8797850819072742,-1.339259640719812,0.5846347068016471,1.1998541078529397,-1.4034693612914646,0.8005469310350711
541,-23.868627399891388,1.4875111599532442,-1.6536015047817152,-1.374869484426656,0.587507965048657,1.0226971712524249,-1.3442809404613127
584,-30.326800180622914,0.3388925031696054,-1.202243483315749,-0.7753429892328503,1.4890803993930175,-0.0738419422949107,-0.0069264742835562
922,40.173349347816426,-0.6956421248711327,0.6324991568012189,-1.5372362914547588,1.1485142145731466,-0.0889643683507822,1.0417718711405155
419,-29.721707082246336,1.6850118481353429,0.4751904193881692,1.3385835027242343,-1.5402984871490482,-1.5797463036845594,-1.2198074192459112
190,24.42061927216004,0.3404847594665723,0.4686194261180028,0.2302896148902092,1.5542008056483485,1.045787678110703,-0.6488205977721457
297,-5.920585250192572,0.6708841067557593,-0.2756121828217083,0.2468867684382563,0.5720432015881154,0.791551733545488,0.7074059324602058
824,3.716434812973175,1.5354389496923966,0.4542277940084319,0.9841888321235472,0.1000999963411075,0.6599397747118758,-0.3992523718739837
890,-81.61476862300367,-0.265721856913371,-1.510243308077515,0.9290578797224788,-0.8660756074162597,-0.7923494632609439,-1.3668523146926674
246,12.45926504837429,-1.428450766426111,0.0771608880486323,-0.9587643568505074,0.9968681277377603,0.029693189754725,0.4795958862079695
74,16.325150517067307,1.2746603730420027,0.3109875483100314,-1.5523558225657328,-1.7676956081591146,-0.6094588044405195,-0.8079876470934595
474,-6.730502654726518,1.2218634286262398,0.1953831940867853,1.6716240085830971,-0.6147660426827162,1.4905607655253117,1.4767140819553826
545,-1.3308798186382915,1.490620801980257,0.7144096962518297,1.18274845670309,-0.6882674436704376,0.0819328926461411,-1.4285333484376763
597,-29.90404060484532,-0.1838926380615187,-0.6850167327702632,-0.6547522555535962,1.6059071433062877,-1.3021896478557151,0.3989050514813488
470,64.4744005707616,-1.296132569303048,1.665304122519617,-0.9230395079236275,-0.6474474345740614,1.179182659281719,-0.2785392822788082
435,-37.97942603797419,-1.10253179578139,-1.2057721196753204,0.174691106659579,-0.2761000097149801,1.096262760750203,-0.215108333760792
602,-81.05417836545584,-0.6289639067202837,-1.3670590947640258,0.4198635593655054,-0.6129622803869615,-1.7210155177243265,-1.0379314659364247
829,-20.08767619513007,-0.4515901521237094,0.5913072340700269,1.6896410786658205,-1.4516136486418596,-0.2704225464899455,0.7842336269701393
410,27.187550677682445,-1.341723009698149,0.4083973819189496,-0.2394457570695164,0.9438181516085388,1.307001286447368,-0.5003407817393651
855,55.35044364300772,-0.1473873180574015,0.8932816075113214,-1.1651292168932916,1.0732918515047103,0.7528141728902296,-0.5462342062614889
96,-32.06413165721962,-1.3629500322205452,-0.8603466296026279,-0.194837745002251,-1.3144416761845237,0.8252186974645442,-1.5566715412579573
629,27.096268569066467,-0.3884532255359612,1.4180746322703472,-0.6701207053659018,-0.3030417260156633,-1.729613596429821,-1.2870227908981715
250,68.85309717931624,0.1934274784371368,1.5493979283618893,-1.3029763842730406,-0.5715043165179964,0.7013266044315869,-1.6786162161400298
187,-48.73125259163257,-1.0798922626583007,-1.750328164725548,-0.1944493625822195,-1.5311167052479555,1.5681226550455951,1.6010565825144287
939,70.91450134715916,-1.2382098948955698,1.4130017131626786,-1.441959185339175,1.6588544874540994,-0.1689249989126811,0.1474669760714836
