,label,x1,x2,x3,x4,x5,x6
0,-18.46694475334319,0.6688774163617438,0.9203709720439693,1.722306174306787,-1.5208716477319346,-1.184405618077028,0.6898708813622687
1,-56.01169732474697,0.9798278203956388,-0.7160875104119204,0.45296762102306937,-1.7754914667475747,-1.2251530454169755,-0.19364303411155187
2,50.32390809686436,-0.8595878316723442,1.6180341270697767,-1.4702285968427127,-0.2602605813049574,-1.1857258322651836,0.6870203061345636
3,-44.212107437496954,-0.7075445524953032,-1.4352098745311554,-0.017619479949479395,-0.5310026685893219,1.0733583139919427,1.7011856701844608
4,15.505510920682799,0.05784898867400928,0.9756487696361276,-0.8858017986215223,-0.861278172205819,-1.7368332226322343,-0.4265198204610409
5,-16.150844364789045,0.1045895183507335,-0.8076725945796864,-1.3571453053377749,1.0504600484585018,-0.7157053291213727,-1.6232636832021348
6,59.08568973520843,1.6602107999100881,1.531366952331626,0.05070486991817973,1.43519141073441,1.3144785869958413,-0.5313013439588793
7,-11.424417340143874,-0.5031014161881538,-0.6769366167981933,-1.4936697015518854,-1.0941246507872764,-0.010695562669352917,-1.4634615985618065
8,6.4021985653560955,-0.7344791519357227,0.21680549563026477,-0.17124355433487615,-0.3757242696384961,0.5976025799809079,-0.9116033322341426
9,-29.962386638387446,1.2753248397184591,-0.6556723582050624,-0.0462205413674254,0.22230909964431478,-0.5819193367336011,-1.6855379928784906
10,55.983546628530604,0.23187330602983627,1.6597445704682305,0.6170379725669402,1.5954164070483965,1.2410170859671927,-1.0881697180787595
11,-30.529292219458146,-0.6235742167392262,-0.34309618543705217,1.175445455344682,-0.9494223449883691,0.9614043062818494,-0.7418597651700165
12,-8.705529573455463,1.0377149677356965,0.37676570676586424,0.9792984352904067,0.52722329753103,-0.5638249981344822,1.777800125739919
13,-36.43231331221939,0.5277664878893094,-0.7111269254089061,0.9671315160294108,0.6570995471366837,0.7164869038132162,-1.2843156561590598
14,-37.079205290802385,-1.3786488041237401,-1.074354181780556,0.7488862798128085,-0.789096504016973,1.4338504392048403,1.0369075965876042
15,54.69952789385439,0.6275619183427725,1.6646559656875173,-0.6846455418905212,-0.6604130496007126,-0.3416349896101603,0.09199299140590757
16,-69.64822241965733,1.028965921117374,-1.0647184523856619,0.8972424638198536,-0.6358518352592915,-1.643081440355866,-1.5136749073742595
17,-26.78587404247141,-1.4664908245576835,-1.57054675069104,-1.544955107617211,0.7520492248231463,0.6837313293161502,-1.140262375062053
18,13.617553769424642,-0.6785063564388543,1.0666709092628122,0.36429229020159143,-1.3209537883061455,-0.29355140949619196,-0.7136379287644673
19,55.5051588652253,1.674909287250797,0.7560711845686987,-1.160817532305072,-0.3227161366607279,1.3712992217772109,1.2956752179900917
20,-25.62482858331485,-0.7085273704008064,-1.164375851245677,-0.591164481800124,-1.308143092515552,1.4193795715797317,-0.7235885633623501
21,-43.05882929121107,-1.0815964145828831,-1.4910655627088119,0.718482622173569,1.6488153372270824,1.6553732204377738,1.0202079569779323
22,-63.94132645990245,-1.135162887531201,-1.6527075061275545,-0.1559090080932448,-0.3144514215769238,-0.4908637969156603,0.09432757208266483
23,19.358122183910762,1.0283253371336472,0.12529100945196753,-1.5176062545536013,0.24485518435115788,-0.6940327950832,1.2760175812803587
24,18.422593128055126,0.5188050202903494,0.4586816778878817,0.5207848709131497,-0.31624202622265835,1.4457133589006395,0.15889129550980624
25,11.204581563715196,1.6361175527522644,1.3474719683304117,0.9059064937948867,-0.8917592917177506,-1.0610543364570864,-0.3774340785152139
26,27.21508930208357,-1.4302864811410487,1.5953000339616372,-0.3431583480713274,-0.7682538417675155,-1.6353561249890745,-1.0439286108821129
27,-50.66206147643828,0.8262942677699893,-0.7913074917977699,0.6444560558726807,1.0195238210381137,-1.2200780707855265,-0.8321391704866384
28,77.05658614259723,0.553460938700094,1.4015815904001434,-1.3112191435989953,1.5512284599683446,0.8914477277093681,-0.6390631071547731
29,11.945144199513052,0.9026719722554514,0.13736725661197519,-1.3955719186564772,0.3376746050086602,-1.2648124761809612,1.6262845029072652
30,-29.114189347311378,-1.1447513307346027,-0.2541149199535054,0.9368995402336802,0.8512786644694493,-0.2766738112977241,-0.1252897276091084
31,34.22588063166756,-0.18712031483301253,0.13181737185730869,-1.0370398365035243,0.24863918653652267,1.571860746233904,-1.3315812137936716
32,-5.480552754901617,-1.3709810382298002,0.16264545250611703,0.5054769688209798,0.5985289104171174,0.34881010530518164,-0.06695287350810802
33,52.072007455683625,0.6325495161122627,0.8306397932807064,-0.9229721086555133,-1.7678941729852549,1.6169811645223797,1.415144454800636
34,-64.325676240553,0.9897831832931391,-1.403876002672859,1.1820379924505735,1.3796271163573774,0.14233926099891603,-1.0641654746836888
35,21.247810438223542,0.6071037834989476,1.0125484532893303,1.1196002492698813,-1.064691610513526,1.2342286671164278,1.7734571109731523
36,27.71839111459508,1.3389429439569722,0.8134839221199185,-0.12448426601388594,-0.09293381309267182,-0.03135060153248052,0.9573224011850014
37,-13.93781349419205,-1.51504309576508,-0.6015877896872698,-1.5924556844955928,0.44235623611554437,-1.189154882305463,1.7685907972543207
38,14.094994892165934,-0.6296132455648804,-0.17249435377040792,-1.189710386539344,-0.01123041504740664,0.6555515153661318,0.6798848194045947
39,-1.6384606476113912,0.706940325935381,1.1316084817353234,1.4837031850482076,0.12119012261635369,-1.0891890839876133,0.6260836852371824
40,16.923900616564044,-0.916382349506122,0.5249473241327328,-1.2870435775071085,0.746793664986128,-1.4514258102019166,1.2063019969439572
41,-4.811066485417424,1.129799542592025,0.394323624865596,1.5761730871862571,-0.7556152977767329,1.2030490846512074,-0.3882970086932071
42,41.49663201734057,0.06473808584954752,0.8800903950363539,-0.9709197133352702,-0.9896981326680561,0.32728894278691734,0.7594995083776297
43,-10.941037985287737,0.437217711032982,0.36604862732607724,0.7398651108051306,-0.7594578030913656,-0.2887546321381211,-0.007818645096082122
44,-37.85752840013187,0.22616234794290604,-0.9831190509943408,1.487665775518119,1.2016728681946447,1.6487800094098604,0.37303793247965544
45,-41.510889660199055,-1.3680359245824631,-1.3762846773670339,-0.2473762584879771,0.704963667626536,0.1430264788032052,1.0055990272267326
46,62.984213216099896,-1.6782485233975835,1.2562560979352022,-1.1929566108333967,1.3337336810033944,0.589381198069842,-1.2870426836217843
47,-15.249389158586606,-0.42593375316396925,-0.796979015246973,-0.5121943446040909,1.0431596049591723,0.7368987512845546,-1.4490325475647268
48,-32.69666950302717,0.9988924669744288,-0.4593396790337889,1.2749312181434689,0.47529749648013236,0.4556512156127698,-1.0898807627726859
49,18.417689594211982,0.527530558239887,0.7907479788897797,0.6368777530810228,-1.3185644980566098,0.9757750281358424,1.2354678152592362
50,28.634799040546664,1.0023766995811685,1.3565065869837192,0.8495867309389259,1.3593328136442147,-0.34501880383311156,0.20355512548269572
51,-31.515425080938652,-0.9145861966645032,-1.2093235042627264,0.26210574838351186,0.3369782781995993,1.2068524862094638,1.4308355590087223
52,41.02541412747388,-1.1001376434658308,1.2089294763383658,0.29574548284259833,0.5384285520053738,1.208031132341657,-1.2890567274317655
53,-71.49951787504146,-1.662060241323294,-0.965582813609574,1.1072632418304709,-1.3241399284577842,-0.7149193302672481,-0.9205551077811568
54,-71.95680505456575,-0.11459700871085682,-1.5104475925219292,1.0377209714716196,-0.537499035832849,0.5109742651116004,1.7018830738285418
55,20.4008613923677,0.2840124240892852,0.6627565381567201,0.24321389509959013,-1.6186268576833995,0.9751347650029373,1.2835992109665764
56,-24.3023299253453,-1.3843768764048159,-0.2969095838075454,0.7344957260017972,-1.7747151084677706,0.7663856627163032,1.562288607628259
57,53.79164118585404,-0.5443903614488316,1.6161297751720682,-0.27330288646063144,-0.9288085122853794,0.5930401185872052,0.42883224428068006
58,-79.35244663056073,-0.45898127460330085,-1.2548778687088205,1.3183149716831282,-1.0122684406425644,-0.3981456309447185,-0.8942354624898926
59,-41.24003026606427,1.2876465889148867,-1.3292169158320857,0.26191951090640553,0.5886166820051865,0.9126434331992744,-1.4445372009541164
60,9.747714396405774,0.6608524961376451,-0.21693440004866593,-1.5202903978357005,-1.2231050413474005,0.3282035698812781,-0.8722062860798848
61,-25.16922402224082,0.43911054665668636,-0.133086700568766,1.6960994055300989,0.631058395117227,0.9390152166281066,-0.32295552837448693
62,-28.402521999825982,-0.24474616865532872,-0.16949766660926602,0.8714616948227885,1.1904615530359919,-0.4640763272697213,-1.0568130803460853
63,-48.09364261782578,0.6303446046044615,-1.1920710860906119,-0.5597161874947892,0.48943523497468183,-0.9192455202544365,-1.383018086106134
64,-5.9244252484239315,-1.198326729745922,1.2245493236875282,1.5789242721100847,-0.5583447081517942,-0.7931440770851806,-1.5817533085468063
65,49.84986949398438,-1.2878453768240101,1.5654899556571211,-0.946449703297681,-1.4624971248770287,-0.286799598450942,-0.9335117571711145
66,44.14804731084609,-0.6563166600059978,0.8578775348050836,-0.7190276683818903,0.8083256959279809,0.7879012054149919,1.3762073123737746
67,-52.41444927373522,0.35677511064952055,-1.6373100831946201,0.3576819788116366,-0.11960297918290518,1.5064717595949757,-0.9485087709550262
68,-44.33857443107151,-1.525345165217662,-0.2675830413422658,1.4981940034219559,1.3056747698831108,-0.771239765713209,1.2788353765096112
69,-6.7533601722561,0.03923086765363806,0.8977490556076568,0.5975411863658925,-0.9004489805819446,-1.5174202527984886,-0.9207865836522282
70,13.33518158357295,-1.2258342630500227,1.2342217370277222,0.5197212802005999,-1.6494291434710722,-0.30623132238363965,-1.0241054788461406
71,-56.53299244866889,1.1667114647659553,-1.4099728069577986,0.020535211633678056,-1.7738859399796394,0.44805112097606076,-1.3708846067610247
72,-35.66623874527095,0.03896607362734623,-1.5397551887752556,-0.3139295787952172,1.2021763405913726,0.9776417922488063,0.01704773961444731
73,22.68670752736155,1.3503546647014375,0.9943630488699406,0.35495316262446064,0.8856840008727941,-0.2913559343104258,-0.7177133339752914
74,16.325150517067307,1.2746603730420027,0.31098754831003145,-1.5523558225657328,-1.7676956081591146,-0.6094588044405195,-0.8079876470934595
75,28.23323644895846,0.549788389896376,1.2468337242344112,0.31144942911341106,-1.3477496441941335,0.21860550162177672,-0.10857793042313012
76,59.09467139619649,-0.2898794208995981,1.2659676592253524,-1.2447360595530925,0.07952507767230266,0.5973646158352756,-0.342848223863784
77,17.665219702830743,-1.225182428266472,1.17500117340837,1.6795900979010683,-0.49967338152047996,1.4411952425686758,-0.21648530274046146
78,8.288228638094777,1.3647826575097193,0.8007155858705616,0.6101502237531639,0.31932083054723165,-0.7076221440166005,0.8766382184320037
79,11.976730943135008,1.24718685804511,0.5178038063577475,0.42112792732663085,-0.3827295699662865,0.7102614169445477,-1.5442648009769924
80,-52.26270005311483,1.0128017028151142,-0.5936941619518351,1.4409051578684666,1.2175195720379537,-1.1350061345748765,0.7733593985787544
81,-59.53970638772384,1.6545132004782481,-0.7930056537504128,0.6975343937257675,-1.5968070932758536,-1.3834229093159427,0.28175674882969526
82,-61.729726140056,-1.3774011072906536,-1.1846834186519053,-0.112959885535376,0.6834635590585773,-1.6993576903908714,1.6361685493708324
83,-7.76124152907697,0.7346664044079284,0.44737447342606756,-0.0774846296320745,-0.7221535945016919,-1.640120561771534,1.5453767408379806
84,-35.9247303352874,-0.23465937086159497,0.4294068115422554,1.5048454815143304,0.3180580385902957,-1.6923333089669856,-1.2216004124299322
85,-81.91698026611212,-1.5582565824960442,-1.1998830544524488,1.1184792505368326,0.5233766627149778,-1.5144977558274597,-0.5337347270652496
86,31.860670851709877,0.05875968162497913,1.0738293242990724,-0.7308488102931194,0.8305910946108389,-0.7963907055497297,-1.6621836778057912
87,-51.78105286661309,0.5887460773151059,-0.9583903250243505,0.943770873066362,1.5042279559217842,-0.46085496915653934,-0.47045086424568977
88,13.346319930672276,-0.6299254665891026,0.9939681192260863,-0.7519915753154003,-1.0847287431941561,-1.6077821226286795,-0.6788321597810144
89,70.82297547507167,-0.24691112898325068,1.053824325609199,-1.550212006341419,1.4464314083317897,1.5771845119861672,-1.6446241755234985
90,-13.514675579861866,-1.5211662362167966,-0.3753443677862277,-1.4012033000321107,-1.5107483270761575,-0.7247511715495998,-0.41244880233113196
91,39.76797442948637,-0.8449611508897695,0.222524394210271,-1.249291986821216,-0.24914715039793867,1.6601145038973135,0.7858962486792714
92,13.53044468124843,0.7603634764076076,0.7315502300603813,-0.4673491201033502,-1.0894415812724585,-1.0084219675511041,1.3056723244536665
93,-6.140213818943282,0.04516783487946163,0.20204634859147388,0.2285071218425238,1.6051785861812295,-0.851353615690195,0.19166419746118554
94,-35.46496275456585,0.6454617689721047,-0.2433083511430448,1.0661596962178277,0.038335894754593626,-0.326475574888428,-0.9074941040888563
95,-28.00212063850322,1.0176940852362484,-0.6216730712067869,-0.7479667824442467,-1.2570013767589003,-1.0426837832118734,-0.45245109737021094
96,-32.06413165721962,-1.3629500322205452,-0.8603466296026279,-0.19483774500225107,-1.3144416761845237,0.8252186974645442,-1.5566715412579573
97,-55.560043563842505,-0.960918613511392,-1.5941476907664134,-1.0839536879251388,-0.48062413319189484,-1.0203899685753024,0.12355712704214483
98,10.243491479657017,1.5094528803549208,0.9865689284135502,0.28250851570277336,-1.7172546740494559,-0.9886539457348714,1.6983364684414286
99,-55.161388980174,-0.7588378046388281,-0.4231806209751019,0.8937551421167834,-0.565139091667527,-1.5389315322789394,0.7000002125824663
100,-59.44137832212034,-1.5512661230784146,-0.5021266373931204,1.0450207526677682,-1.0451335828951172,-0.9153121009273021,0.5607308777784477
101,-13.472248063606983,-1.5044856301982013,-0.4771636192020141,-0.8135202551403353,1.3441690660701204,-0.5840746746679496,0.9072447554295995
102,-79.88138082460081,-1.533922489546831,-1.352454607053061,1.136800687556101,1.3789352298057402,-0.7604517558574182,0.7722980777762994
103,10.150305585290605,-0.20346390304662323,0.7943402510154871,-0.8393375893835109,-1.412050089504781,-1.6463493789372665,1.1935316213410092
104,27.398696109227316,0.9543878571113136,0.43508488530375655,-0.18199324746311443,-0.31783485761316227,1.2381757516906788,0.7108798440258387
105,30.137444269399474,0.49576360397798996,1.1084027016860307,0.4170231013302371,-0.7975743939060299,0.8158524066811048,0.02195559274301811
106,25.038589333941463,1.3642189024445122,1.4627769643705901,-0.04978703309711709,-1.7797938251927572,-1.04484053863684,-0.387315819462129
107,81.65150573451156,0.40686506956577045,1.637720436663834,-1.619364999474813,0.16497619560171906,0.536837280745815,-0.36636145042626933
108,50.84700268803239,1.002155264171189,0.8964714037165264,-0.6742078568932112,1.5471806088711946,1.0345606865934067,0.8240006529216619
109,36.90937499256903,1.69392163231475,1.1593948846902518,-0.3937317455038672,0.4584854322499268,-0.8520996989869887,1.2473865212504525
110,17.766802104547192,-0.4212100766352046,1.0843711829051406,-0.19945389029183155,-0.2980523822201946,-1.0687639107721483,-0.009453373413211253
111,-28.753546755336924,-1.3571460416645182,-0.5095207191694898,-0.7138842290169465,0.2885170289567877,-1.3878917286493166,-0.7103650708648357
112,-18.90441794109456,-0.5491678523627399,-0.9668993596175268,-1.567735370487748,1.2052826202868938,-0.8883463163674871,0.6160262835608449
113,33.95230977924198,-1.1994038336219248,0.3082040456727432,-1.5884475194177174,0.8277586266658405,0.34704075967759346,0.3690564509835161
114,-56.29201293655028,-1.6817096223772268,-1.010222565517264,1.5529845259876782,0.08365177914618012,0.6796991583205592,1.6487221733072506
115,-25.009793587645035,0.14020095257200024,-1.1982100147393882,-1.298436408396493,-1.0457183294347454,0.46789124438265456,-0.399427894953925
116,2.304913643068079,1.0071063376713991,0.26411536518506057,-0.18392983158275894,1.4434739951529285,-0.8164124730535413,-0.9585218105264991
117,-65.97292242347241,-0.3037299986434592,-0.7503570515349557,1.0075600428083316,-0.6700828518202835,-1.4102071198052966,-0.6112504550768865
118,-50.902596102582464,-1.6752298712536802,-1.2223987800922254,0.3109639546315057,1.2348154454583107,-0.2252526304486184,1.0945405742190013
119,44.70662303861481,1.5228998326829222,0.4497537734231921,-0.609167328258387,1.587454241224565,1.4304250655078203,0.2829832852347071
120,-57.48677813214768,0.9352567166107365,-1.064547535322207,0.3183304467265289,-1.143944719176283,-0.27240215779689636,-1.1869880610232668
121,59.03863046083214,-1.2345099567566293,0.9614942495030017,-1.5082605056127594,-0.5038803174620987,1.5229672763993622,-1.5618543333953978
122,-22.29225087399036,-0.17457158615527676,0.10175959038081327,0.32629317054380924,-1.1505657227677835,-0.7622251840943567,-1.2703876047921743
123,-30.218786213311905,-1.3633566306230376,-0.8427683879164616,0.5166488631022071,0.35486972526135885,1.3351963891817786,-0.8884803695211376
124,26.1231561332673,0.6605119054392764,1.312362864166397,0.006990404389386916,-1.3997279633354605,-0.5947170440188572,-0.11658466054658581
125,-8.042162527737458,-0.6611683772077894,0.4271489138828555,1.6292500553696465,1.3515960323192562,0.45826688916532615,0.5531030087270391
126,25.69155878464024,-1.6639466978306992,0.838209427687465,0.3057971331162463,0.2914683190412347,0.6937817727988584,1.6514192910483603
127,-17.62075921044664,-0.672806961800536,-0.5175129121583715,0.9876107278780007,0.7817573419476506,1.7062339563089468,0.05338343554551815
128,4.138860273802126,1.069980281470255,0.4790966634453874,1.6794826887710295,0.9912992210553231,1.487079096842616,-1.489532641979403
129,26.03541604251887,1.1374895888279255,1.1699475151621919,1.0800299890388663,1.17752965563289,0.19925080931097927,0.6922942489896773
130,-41.33294544580528,-1.4159712062306788,-0.6320366646106208,0.06312039744688502,-0.28564848434838347,-0.5469491484632435,-1.483155592013563
131,19.336986844052618,-0.8284558476213013,0.5512772356106229,0.11287154747945899,0.06636852397971335,0.9933596249632787,-0.5571583909853807
132,-24.927421800431283,0.04936094090833888,-0.9178064313843268,-0.009318472873698514,0.28023578561627027,0.7514356989553856,-0.48810722818472824
133,14.960016836321302,-0.6121681868225862,1.6608701664987855,1.7630000788196383,-1.0934741918438633,0.016333832888012503,-0.7590815612044093
134,8.781371905848982,0.9047976570593771,1.4733504647468927,1.4229093506701767,1.6222571858900552,-1.695793503272853,-0.3499862544261574
135,51.65977208221796,0.8060395766828119,1.5741919086175216,-0.15559383648726735,1.5515117572896575,-0.5587929273383766,-0.3538153785215755
136,47.533968910036926,0.25322095215321366,0.7524927686546184,-1.626590054071681,0.5264282829637895,0.125825710568703,1.4720283689427613
137,-33.694842959432165,0.6451327015710694,-0.7855741259697252,-0.08519936500615564,1.6419109480750356,-1.0620254265082667,0.8746569970365721
138,31.995831886557475,-1.161276245775627,0.31811734710884937,-1.4323651494041731,-0.381975771081478,0.6443232811248966,1.2111710262311892
139,14.363915617054893,-1.2213833550533653,1.1829684119678796,-0.4190716587746721,-1.49990025734102,-1.3789425045062413,0.6921686023800707
140,-103.8501187036825,1.695985546934675,-1.6221794660082585,1.5126306839676775,0.40564691286984905,-1.697581025461367,1.2823411656476567
141,36.53419899477868,1.1210410292181179,0.8126173252571556,-1.3388226481865715,0.7117706811816007,-0.9722524718564209,-1.116149805987735
142,-39.828988487003215,-1.2770210415517986,-0.17208112156242875,0.5879108856078317,-0.09243641278122297,-1.6702149979126355,1.2591016927553775
143,-33.13592466744727,-0.9109552661292308,-0.43700222327234844,0.8087954209972501,1.3346610744499152,-0.19475871783317708,1.4653843094601018
144,-47.333804696737374,0.8837624572731339,-0.9859511357686542,0.09220112839441989,1.1369496212050116,-1.3028103824459083,-0.2090569746053011
145,-32.15903436124993,0.17015718816535358,-0.9994282575448303,-1.2937883286776044,0.8738653474529655,-1.39864869599319,0.4780315948999282
146,0.7687388727284948,-0.08610863205559273,-0.42119760221420954,0.031552518021040116,0.03810952646088091,1.7069425367850626,1.340567421802535
147,-1.1061848216601362,0.43569942685393487,-0.7650371158637972,-0.8683483438825061,-0.2392839261380728,1.3378416689622719,0.8813313796844675
148,14.29377395720098,-0.7272164430042312,1.2883522034392718,0.1912356221782053,-1.6708178679008503,-1.0679438918736448,1.064170886822618
149,2.9529483365827454,0.22892171005482628,-0.2878802285386323,-1.1929301832932768,1.224327487228543,-0.3585007261163317,-0.7196677560529207
150,-37.2328601716248,0.2809071363045277,-1.2881906557175968,0.5588666391791263,0.3846466421633321,1.7197274266360574,-1.28061990802523
151,-36.01039214568413,0.11638404432093162,-1.4113985647440837,0.6784530715075611,1.601383888742283,1.3721369836348862,1.374538555918946
152,-49.65009610658066,-0.48358158714465166,-0.7879955678286721,1.0765699210405772,-0.7067446350436636,0.09143282766912794,1.157729780403571
153,-27.630040018473093,1.3110658254474767,-1.5618329817273926,-1.2790943966722004,0.12881416410819985,0.5978716197443013,0.12057847945816508
154,-42.64720718101038,1.120040463660156,-1.6742180790016383,-0.45816467014020607,1.0799128395642534,0.26422450747287773,1.5632316323495217
155,-46.85696566499359,1.4766170632818223,-1.4927940542823706,0.5390036165880743,1.3538064911575152,0.9050804458823714,-0.6943039447330989
156,-41.615595811416924,0.7714331567185471,-0.8399553144096228,1.728905871340184,0.4933409219620033,1.586705275744629,-1.4788437545386688
157,35.065223268025434,0.23510936678437633,0.3094028823018789,-1.5707093677128492,0.7343212626909422,0.5091642143082016,-1.1027771852375585
158,14.962021703624911,1.297281510290722,0.13751472944783497,-0.7120255297902849,1.6036239033397657,-0.09113556959529569,-1.091306090095446
159,45.774386104786046,0.02871423799677938,1.5059236267363179,-0.09055933088339854,-1.5442160056084182,0.6223354168467156,0.42037542322261584
160,44.18714800573323,0.1642768509342776,0.8884563006529398,-1.509749476109032,-0.012316665325549684,-0.3467471067072297,1.3635109843507272
161,-28.13403321563055,1.085571259137086,-0.8843976901307753,0.12209073506633777,-0.10090776920534862,0.7153464531612828,-1.6708890562659393
162,-31.45947142252954,-0.7640530788362482,-1.1259060470829183,-0.8443483346349583,-0.8936178495061688,0.6810283693637572,-1.292596780922898
163,39.56450753905276,-1.6213730758204097,1.6157280089013415,1.6390996689433943,1.0725128175780194,1.6810343516568858,-1.0836434313343895
164,24.91207370287001,-0.4004651373540954,1.1027844141921046,-0.6466436277489063,-0.2429273903862779,-1.1556111268322895,-0.46996918362499707
165,72.832300769159,0.1633026400428684,1.3495503933708257,-1.1493961645535185,1.468900628674306,0.8021493391835844,0.46150743077312384
166,14.284485877601796,1.26561213881346,0.4637899476135975,-0.46753746011457276,0.7999570598344606,-0.8646878173676597,1.1339425705154595
167,16.07911283516653,-0.3511591168510757,-0.011290961675285531,-0.9858876779641392,1.4093566925877101,0.2723146756199227,0.0023934888181768284
168,-23.138759222155365,-1.592316513411407,0.4728694847480045,1.2036328232756506,-1.4968742863510782,-0.7947019370546851,1.5526177960851804
169,36.60124248421849,-1.4675458769329939,0.9487529233471919,-0.7938937887189281,-1.0345614420149898,0.36907059129401115,1.7834310306887873
170,6.841123649719899,0.6028726158464519,-0.06178989315935742,0.0031652375594210668,0.9488854987562569,0.7653106187453524,1.0957220308077578
171,-45.33972513406313,0.10677597393938291,-1.229099458514531,0.07303680062179684,-0.23987079022904134,0.4175286367957151,0.5568968639648575
172,52.67137444945941,1.3633651641130617,1.1862355680486796,-0.013062634124425676,-0.9625895698732791,1.1544103867482947,1.4912961745166171
173,-64.41086807933414,-0.6882667325801732,-1.6749312263470604,0.4779600402039636,-0.7412029170540204,0.7910325635726927,-1.6857219805443238
174,1.187642570255409,0.7454908975952943,-0.4463612073981175,-1.3517415312761425,0.30982613814537646,-0.2829936496826507,1.0639231160079312
175,8.071845048389575,-0.19154582496116435,0.33441727041354896,0.5260485799069775,0.1809045798152703,1.0314946555284688,-0.37415969534128807
176,25.699167702382805,-0.16994863734120055,0.14819216940203186,-0.8812969853665734,0.6630346360687109,0.7443789062189043,1.497029143577919
177,-1.117846727690162,-0.3319586432201709,-0.5498938307902316,-0.3498496828306347,1.276620249956738,1.123823631831172,0.5614299822796468
178,56.58964851512153,0.5587450179039051,1.4280341211530012,-0.6697115700141438,1.3891919323555746,-0.1401529614224083,1.3992775612854729
179,19.046967252117796,1.172743923230096,1.5893437465481066,1.1182435507942892,-1.4422993177620118,-0.33855621961379,-1.2168261650464496
180,-57.49906751911812,-0.25450162694375095,-1.253207809386711,1.1194663545605061,0.40517176497171536,1.0749277850484367,-0.2951108802322997
181,-45.80829125405609,-0.9301383120319847,-0.29120622206564856,1.2468473650215648,1.0261102555390649,-1.1319173554126378,0.29629329736982335
182,33.98262415770521,1.1482318031960546,0.7278092559844829,-1.6043688600430102,1.0915011257318663,-1.4777631010202672,0.2977361547641416
183,45.20278670079369,0.17178955727903508,0.9781674119171939,-1.6722852668359856,-1.005886754591691,-0.2261041541479764,0.21138478198442606
184,-57.44272007432774,-1.1434098321188266,-1.0595788498806078,0.3554885120297003,-0.04311429425244334,-0.9061186035445107,-0.09387533880140236
185,-27.341999890234586,0.6387758138554821,-0.2565284294731396,0.21608876326739018,-1.3899561685234214,-0.37034464724279853,-1.6395546605008564
186,-32.241018684299924,1.506436538191395,-0.5858468278199314,0.34821261884903254,1.2037468033486662,-0.5951500094938847,-0.0704162371496276
187,-48.73125259163257,-1.0798922626583007,-1.750328164725548,-0.19444936258221954,-1.5311167052479555,1.5681226550455953,1.6010565825144287
188,-56.916987389291485,0.8802155641706529,-1.739747718461179,-0.39112517705010436,-1.1430606154021807,-0.3468641750682219,0.7308675949923251
189,-44.17959595382232,0.8908117382758094,-1.492597910247511,0.5227134402119206,-0.07437879689194217,1.403181707364224,-1.095346435463447
190,24.420619272160042,0.3404847594665723,0.46861942611800284,0.23028961489020922,1.5542008056483485,1.045787678110703,-0.6488205977721457
191,22.222079983441503,-1.7055702561040118,0.9648388255844238,0.7871998062949839,-1.7951300524748928,1.6260857172030907,0.4927924576046871
192,-9.913830246835703,0.4426748093399796,-0.22447698922382114,0.7092757597325882,0.031040172459652453,1.2663348009885063,-1.010847445564805
193,47.05685909860505,0.5268741195295896,0.8744465468657047,-1.4383377889027162,-0.2947177379575288,0.09224037003396389,-0.6337986827634501
194,-77.46883047054062,0.618516684223997,-1.4298233514829437,1.0747604645717914,1.5976178109134243,-1.2408911893935082,-1.164378990257579
195,-25.69395289015315,0.46255826573275666,0.31391742394608685,1.7118041447016974,0.10062638769285655,-0.22110290698835094,-1.2898522774661438
196,32.78581514972302,1.323764875224714,1.5401989580592075,0.5309868744713391,1.3649084315873117,-1.0234712248113005,0.22564697746399318
197,-14.951369230949927,0.9203801210289576,-0.06128322042062262,1.3026560792419968,0.987121333117598,0.8096261880995705,-0.6687317315260406
198,36.20633043969536,-0.5099015949515489,1.3823202462972812,0.8046396787223475,-0.21941789801806655,0.8204823442990714,1.7521868752473457
199,36.48132396726791,-0.8013740528376974,0.6071018465631103,-1.4040920960229133,-0.2804781517286832,0.5155454718889244,0.9383912089803216
200,49.56284005238482,-0.46799417909984053,1.526932617036807,-0.5029475833989142,0.3388583796960225,-0.07071592359146904,0.26448554003150093
201,-29.701365284103574,-0.7407334381736437,-0.41291456916898106,1.3637768012011728,1.6318533819820207,0.3804607322262668,0.7837067349162822
202,64.61607124405877,1.123688914938787,1.5498927891422218,-0.5225623974279868,-0.1748098079665818,1.1409698112724074,-1.1544008957947718
203,-11.570551769441167,-1.6924137186528911,1.0754807119973702,1.6258679241314882,0.9382182847343097,-1.3032303485649304,0.23360358159706313
204,-48.5958707473954,-1.6977162357518116,-0.9665030519037564,1.3642806516821906,0.16549626617980473,1.3953689104379023,-1.4810935507865928
205,-22.19262025625331,-0.5072360723174182,-1.6541182457761352,-1.295679863292333,1.166278891142343,1.4257376700915876,-0.11615921201565806
206,-16.743960955654675,-1.3835107805337532,-1.4449143578691523,-1.290570256481424,0.114866570097232,1.5071402793236486,1.4898889357738887
207,49.720552788573315,-0.2284863922640299,1.2869654428680906,-0.18200604830656977,0.6070021265406421,0.8498543728647585,-0.21233482174120666
208,17.001543536762497,-0.04623843432966997,0.5477723922638928,0.6536160902446096,1.3449736157529624,0.8541614387604495,1.3130907946918415
209,-9.627950490126944,-0.04417896734345907,-0.2572952110100067,-0.5302569308441419,-0.7865318292893695,-0.2430943923627992,1.319912961167115
210,-87.34367650106091,1.1020549922361653,-1.7272736864018035,0.5345960822671239,-1.604418679349535,-1.4723920640678332,-0.44583127437297104
211,-37.50662125122951,1.5890758181920976,0.26231699465740205,1.5585290475697156,-1.7650219939315595,-1.2375481943132962,0.3878898604317912
212,11.039773153868452,-1.1153743262736895,0.9075121833059757,0.7475105930313481,-0.7272429715479959,0.1825983067996982,0.9465300518805259
213,-6.836741121774409,-0.11403231717922027,0.2772440565285301,1.2408671171922085,-1.289715409334139,1.1789728494529297,0.4971889316560774
214,16.799855338407646,0.12162806968407827,-0.246712970066356,-0.9960533188229481,0.30843547684208183,1.2050777279152718,-0.33776799608348335
215,-8.848303127615253,0.5465938035669985,0.48684126718595566,0.11823046402697336,1.0886416448218934,-1.7153736164966147,-1.4772146325293627
216,-59.46327499607858,-1.530917069389613,-1.6149417692627932,-1.1930177493932117,-0.838270707347344,-0.8981431473339541,-0.6557679094371711
217,-7.230947067509951,-0.1459362024905425,-0.03242639229139113,-0.7103390354927961,-1.4649785864218292,-0.34992016707170465,-1.5905419755643726
218,1.8218353509887422,1.542086031675087,0.11616114086933975,0.3024528371810791,-0.01142591092953243,0.2854269464149804,1.7679487255960165
219,-70.33760869859806,-0.43458941990565536,-1.2830378670285116,0.4736123895885063,-0.4850403544166417,-0.2974521132498272,-1.6968607730207268
220,-14.348299161313586,-1.5342782639296988,0.8650170225610601,1.252257568951733,-0.576586786401779,-1.1059713104156599,0.1700006571803506
221,-34.64114061511306,0.021652417873951488,-0.9359456238179639,0.1565699870077816,0.3940613319688142,0.387035753429853,-0.958821092200089
222,-10.874964697944485,-1.123981478986621,0.07406166215141091,0.9571725822147861,-0.5195321155900704,1.0676825470570106,-0.6772263036302797
223,-47.76108380138424,-0.4696532314453598,-0.6332340300174961,0.1451639584547893,-0.0858141901100287,-1.6564824711657964,0.6653137415305461
224,-25.761369334797422,0.2830035120025865,-1.2807614743382554,-1.1316634175330822,-1.0541505916161107,0.7047879503628175,-0.35569795574175306
225,-12.610265901475262,-0.3201655626011284,0.3037902130337103,-0.44503134947090683,-0.9379264057534454,-1.6566718526562785,-0.44593610549771634
226,-96.68261973402046,-1.2557528211478657,-1.6133522616813414,1.1638399977644642,-0.32381783076213727,-0.9850261037432182,-0.844500883405337
227,14.087057841469965,-1.537162160671346,0.5356771680185715,-0.4078247424933043,1.4799404635764302,-0.5228421074421653,-0.5723441952470586
228,-2.4683628590481694,0.14663359368305137,0.822099454960487,1.3972544101550097,-0.6621798925848659,-0.06565680254089702,0.9027224759169253
229,-65.85078133561963,-1.406183177882277,-1.2314621306887594,0.009189608521474863,-1.0333927931534677,-0.8641276835808451,-1.6277306930241193
230,-34.27949650714421,-0.6141728201846143,-0.4857859363956225,1.4962159738633525,-1.0393690559743558,1.1335781388122705,-0.16552722307082507
231,-43.14647851957676,0.5180937446368594,-1.2231159939411493,-1.5151084038418179,-1.0280085242285515,-1.591206029217413,-0.03570121513743428
232,-39.799242145817374,-0.08512883281066468,-0.8228753224577934,0.46132158388384503,-0.8396243529837185,0.45283497668926537,-0.7808537015832874
233,27.220061626436184,-0.7725440344891792,1.395831846415303,0.9666648605276502,0.08716405128658979,0.5939417080250181,-1.6297919879757465
234,-68.27542012946023,1.550747094273146,-1.6252641605454419,1.295237219679879,-1.3677807641440292,1.1386750722315528,1.4383938680550528
235,6.139426975474325,-1.4978952566072696,0.7356793301431248,0.9762231461870079,-0.2418979731642081,0.6418706187873547,0.1952082230038956
236,-51.46412004838027,-0.7034081915046299,0.07435119131666705,1.7436567297839778,0.5463080356365007,-1.4717480571457922,-0.9543150475853289
237,60.076911967794075,0.7224552526180544,0.5074916413322345,-1.1681198434334246,1.6322588957415753,1.539590300710341,1.2841824552076913
238,24.201410600679345,-0.7771178961132497,1.6746183707790168,0.428734733367131,-0.23767662509199894,-1.3786472621571533,-0.6818581846651686
239,-13.261996626322642,-1.616701615355553,0.24871592130534462,0.1395310415211268,1.6313222175407176,-1.4175913628534489,0.45175932124286117
240,-48.35138518913652,-0.380438557012433,-1.4924642502472407,0.18679204555572537,-0.7757926216572018,0.8800801218858759,0.284071319673447
241,-19.396982557509414,0.737513903850097,0.07431353612898653,0.9375800773784312,-0.49299557016500073,0.013307364192552639,-1.653553881789159
242,-9.272429338800885,-1.2085948735441867,-0.9617106123415495,-1.6478296652148814,0.3207311749241251,0.24757437250342784,1.2600639704458985
243,5.832032911151693,-0.09411544766607274,-0.562423475407742,-1.4889676563215093,-1.290061615890767,1.0804862645710414,0.002434999505800407
244,-28.106885116783005,-0.614766973431192,-1.001398487062854,0.2537638231731086,-0.539271462261675,1.405466028982126,1.0807027368256523
245,-37.18757708002701,1.6695741589177933,-0.21941725708733217,1.509776881849062,1.016225902331454,-0.9646784493381396,-0.9357333124677205
246,12.45926504837429,-1.428450766426111,0.07716088804863235,-0.9587643568505074,0.9968681277377603,0.02969318975472505,0.47959588620796956
247,-25.61802768626674,-0.17242421564659452,-0.39801478772294774,1.0515450905601638,1.5011504161464442,0.343122337576084,1.0135327087075876
248,47.70452365683735,1.6821040316307283,1.44634630236016,-0.9394708228013713,0.08076428973389162,-0.8772351154916225,-0.07936377130216316
249,45.216905567685714,0.9914007700621486,0.655276934062673,-0.732906602911063,0.8382095514213658,1.1010570058330555,0.5519063323169794
250,68.85309717931624,0.19342747843713684,1.5493979283618893,-1.3029763842730406,-0.5715043165179964,0.7013266044315869,-1.6786162161400298
251,-86.7325479440814,0.5861137899210861,-1.7339633465386546,0.9205560388412835,0.5822646510661103,-1.20845032663906,-1.1883878950424123
252,-45.83580342516941,-0.4037596167603182,-0.6967876447679199,0.6923798307605735,0.2891268249432454,-0.5561638892177586,0.37784221684107977
253,-81.49231525958108,-0.9679684452274673,-1.0839147881516134,1.760015510769978,0.7099273118771826,-1.2839562709033314,-1.0066416939296998
254,-21.291372020542877,1.0821186512306653,-0.8459118337627959,0.7239871212324304,1.0858733962664342,1.432733134823206,-0.4370528191388933
255,-64.58715915182823,1.0829587571222874,-1.1163031193519228,1.6036600224935762,-1.44658904605522,0.09725097114414091,-0.27740083538937366
256,1.562372988116396,1.4662336043685795,0.572513992075477,1.036170412784741,1.5614003612734613,-0.4878864428927022,1.4665612648041688
257,14.907822455694866,-0.5296019979976834,0.38770723303881094,0.4515654098730721,-0.5414263896244982,1.6138392084806332,0.3199412707079036
258,-15.060217601382178,-0.525649091629408,0.20024263664464112,0.4103702278099272,-0.7967414953228192,-0.6475433543929785,1.308257435796963
259,-39.538735173078635,0.14689707122808554,-1.2686049906769945,-1.3869449798561853,-1.5309948651757717,-0.6201809627057305,-0.33539792807871577
260,-29.390953445556647,-0.8385609081866033,-0.34230937751516105,-0.45041975773658777,-0.3967090008190442,-1.262334185469332,0.2744485667462922
261,-78.62582804669894,0.3249660910196933,-1.4520560044975122,0.7402348509114821,-1.6245968882581632,-1.3538228848629048,-0.954741276171588
262,-7.172084615253877,0.8865201788778042,-0.3380605502180666,-0.9479778105203315,-0.5975317181631029,-0.4031664131986613,-0.4798914736182216
263,-21.819080057336627,-0.7255406471423611,0.42393249176460257,1.3328984803141695,1.023938892211783,-0.9751929730391724,-1.4657950392651944
264,-69.03876505978299,-0.8797850819072742,-1.339259640719812,0.5846347068016471,1.1998541078529397,-1.4034693612914646,0.8005469310350711
265,-35.310359391873035,0.21233014782085025,-0.3601519961926102,1.5085123942349798,1.3671620616609372,0.08987651452368711,-0.36589402902318235
266,-3.566124825772559,0.7611153254127205,-0.17175537020423443,-0.7758211526272359,0.9959142527222088,-0.7678997927349818,-0.568999673928166
267,-85.1571886855033,-0.15959011285303984,-1.4145223934155415,0.8093331566458029,-0.9658440642856867,-1.3233788902903267,-1.4854324874471836
268,16.982402926434744,-0.06969663310475388,1.3503734038425095,1.4579667139327834,-0.4546328384985683,0.03515382197025141,1.1613972016490546
269,-8.350165330496507,-0.894205924431189,0.38980419805156064,1.6038454914029572,1.469287777914913,0.6303329073127302,-0.5999134309857294
270,-20.443570065472006,0.9870098071741412,0.018125747167096373,0.7190389084887542,0.4801537119693513,-0.8911276140976053,0.7845845965272349
271,41.851802594308865,-0.8313341097809245,1.616570069896971,0.020596649627734862,1.3105151087535682,-0.7178967122362513,1.5213542368630184
272,31.554733925109147,-0.2620770226498132,0.9330930949266472,0.2905533094691013,1.1204268042375107,0.7758652319242799,-1.2468735315159514
273,-15.173447197843913,0.9382804167617546,0.13797379956357114,1.067005470186408,1.480198465549268,-0.5987893575613308,1.6277439891626344
274,16.401338289946548,-0.3064620370924027,0.09703901897507404,-1.3997509147474756,0.6264506055105693,-0.18041741113030083,-1.0307197949814966
275,-60.76283961240054,1.4772777182197934,-1.647900146672308,-0.7279571678278739,-0.8449328700095103,-1.3487349766408514,0.6175179369155837
276,60.01067420159773,-0.24913109290230612,1.3669360181640817,-1.6154787900806853,0.2237996595848003,-0.28321110582849574,-1.0612478176529818
277,-8.474451187197973,-1.1246324860204606,-0.11374454851179644,-1.4736571632541016,-0.6161921227223796,-1.5963393179297838,0.7665305009987228
278,30.582370333437606,-0.18898934704923026,0.31673393790910737,-1.3077393085142421,0.5567373015803518,0.4831811518656172,-0.6545281408744358
279,-24.150637033170735,-1.6676996114347868,-0.1300966437884294,1.3731324826522486,-0.5625076477638208,1.1649860797300373,-0.7961555930374584
280,-22.566232878074132,1.2200234568017818,-0.9348117166456532,-0.6760900678217633,0.2718932367371715,-0.05758768202339819,-0.6359114446265706
281,26.78367656527709,0.5459862144487119,0.4635840305993537,-1.6325730481640446,0.03198940736585474,-1.2585972589344059,1.360083272425496
282,7.299134817435586,0.8389020921347782,0.6365616570904074,1.1446576796082923,0.8095377067523271,0.4696137693389178,-0.19105585043417078
283,34.787138366388724,-0.9601124162897361,1.4757975575588103,-0.7726706003836686,0.08139414936751668,-1.201209183454632,-0.4224366326741655
284,11.444854718274287,0.7855885283868109,1.3108800883806477,1.2779485441133775,0.5861655754136159,-0.6844356597760217,-0.699892731120645
285,-33.29858108943657,-1.0902177513813909,-0.7756314092410624,1.1055237063099175,0.7078857053750083,1.36491137512768,-0.17594460170000292
286,-7.642118082200787,-1.0574964131702682,0.007118417905943965,-0.45199995761685396,0.1916064627692978,-0.6141794383345706,-0.8165222711386849
287,-2.275051916384955,0.1817840736738589,0.8380087739771062,-0.05472229772475918,-1.555115490916692,-1.5402532905835276,-1.4029788284903777
288,32.06359466730887,-1.210789876229462,0.7177578616809892,-0.9330468863767842,-1.6893492403703172,0.8964665461196102,-0.20830995562440152
289,-62.54621335165127,-0.6752874575300887,-1.118528187844443,1.5278038944846335,1.4084830115070321,0.25016643609886047,-1.1487008837653208
290,-48.983281818984366,-1.261104201831733,-0.8817203874973547,1.4348694303992535,-0.4490428543467017,0.8670276395097872,0.12101857582257844
291,17.839927921496493,1.6776573716417895,0.48857259915954715,-1.2956927645407765,1.2323834401145017,-1.5703755179672825,-1.626120228084104
292,19.830157387404455,0.5659084703332308,1.0856897514456225,1.0638525986028615,-0.16037685073524163,0.7847217036222174,-0.6435360761115451
293,88.26108604430702,0.06320578994789816,1.505728287078235,-1.6391554652225755,-0.10096670464551143,1.4900534436221051,1.2766075838646413
294,-42.14390190374188,-0.842381989694882,-1.2336687553826142,-1.0040953625717743,1.1280065956889902,-1.3954040720595324,0.5384540140188896
295,-54.48224255789116,0.574518719116251,-1.5761063228513945,0.09791530195198796,0.3775606101970831,-0.1064919010265996,1.1033946717159107
296,17.23208631368542,-0.8052073818729397,0.9104896627443708,-1.0932338253500646,-1.3534974569888782,-1.382873809951048,-1.4254310054157984
297,-5.920585250192572,0.6708841067557593,-0.27561218282170835,0.24688676843825633,0.5720432015881154,0.791551733545488,0.7074059324602058
298,-57.24145629531776,0.19448309200145855,-0.9730429817228955,0.17141832473659166,1.250179389465003,-1.6421881179569295,-1.0919446014890017
299,38.30120763722465,-0.9125158028985656,1.2401100853977969,0.18404483118885417,1.5964301245244819,0.6264235355277582,-1.4125853863922038
300,-57.82154154630371,-0.3063687265465562,-0.8692224907680213,1.186180399658746,1.024664719078564,-0.2739857262972464,-1.6069616243374059
301,-2.4446832439895725,-0.8656277741311438,0.44770941726793384,-0.11277027521718035,0.25866943396466346,-1.0414150821614478,-0.2129607841212052
302,-12.355850698138987,-0.9824273232324101,-0.5386318625681771,0.25683688279923705,0.5824119384278456,1.5369739741731765,-1.317862313299436
303,22.735600055535336,1.5826592371247028,-0.09275458000283962,-1.716939877232464,-1.4854581544940852,0.9049921081381738,-0.7450494107249812
304,-15.03927555528338,-0.19855120451987204,0.15559324508313926,1.0775558536484575,1.3701991910896636,0.009666471442702537,-1.449926985264564
305,16.339926539580137,-0.7779389746417626,0.6332250304438362,-0.34592682101080113,0.39476228287876336,-0.4766808997099264,0.33353297193527837
306,-83.19715090104194,-1.034138100570605,-1.1933951214035166,1.6688187642480194,1.3862550409120986,-1.0321104837632482,0.644888174307277
307,-51.16822332789429,-1.0665676076345656,-0.9019777909137537,0.053298244017705304,-0.8258213867041266,-0.5095892606509894,-0.27752688031506145
308,-41.42835771103158,1.349448515495559,-1.2367239396444232,1.2517421096670842,1.507965718368109,1.722156574901731,-1.2513396340843965
309,49.240459814939555,0.9741549965167886,1.5022564557419267,-1.1826428297673204,-0.5654237718270001,-1.2087758449156911,1.2107692224095803
310,-26.85327804223561,-1.4324491737866119,-0.7389245005660967,0.3405276187914475,-0.38596376988852277,1.1081902996622557,-0.7686756380123193
311,7.1490544039073605,-0.13591345614261374,0.5514475562133231,-0.4828483692751959,-0.6453684135961408,-0.9722988290607368,0.8761200324452263
312,-28.410299581547136,-0.9078156298027371,-1.1424349853296596,-0.3228717827881348,-1.2195876834268125,1.3661149642066672,0.5995409377261011
313,8.407534347048637,-0.6478563510641957,1.1221085959568635,1.4268086946912746,0.1288295720834456,-0.10453482611353171,1.2724401095769355
314,7.368848912899746,1.0413953847828061,-0.33945147266531417,-0.5618496713686446,1.6617453639903041,0.5263272499431532,1.3658472270205784
315,59.653099366479985,0.7746383460599956,1.1581033359728332,-0.7523426293857997,-0.5963430298236154,1.347344343730419,-1.4968648798719915
316,-71.70183594268397,-1.4326333327169662,-0.9714171658763275,1.3986805519388268,-1.0025526174315709,-1.0066112338335278,-0.28774252138071443
317,73.26043961691038,-0.06380284773487281,1.2368678937853694,-1.5663409013168663,0.5509066084542855,1.3174710194789387,-0.795911635896799
318,35.92025295280176,-0.1783340271334361,1.676052516590126,-0.6754857479082279,-1.6003924386350672,-1.7371357563859913,0.1767309576844168
319,-21.115512557933286,0.4256410567910554,-0.1929554925707513,0.7429020071429211,0.3634770056191706,0.16579759231402402,0.3498775870506691
320,23.713049616994017,0.1591151151189303,1.1944351362772385,1.600750587248338,1.2481474084334514,0.998770989565589,0.05378647063844266
321,34.005439215205215,-1.6922366424810023,1.1939655270550764,-1.2587933877437791,-1.716141259165473,-0.7254307067245371,-1.2837253930842036
322,53.116869285468745,-1.1800978293462026,1.5345889381916122,-0.682991675817635,0.5553553260605997,-0.35140698279974547,1.411619236950565
323,-15.037710661526246,0.09172725857248677,-1.0634129089659061,-1.632000771563664,-0.012326677387929526,-0.07399988735293002,1.2080928461929439
324,44.22831484753712,0.6970576901180275,1.1234862367220293,-1.4043705844932814,1.3740746409088234,-1.6720171923142448,-0.21428142916734735
325,37.91261005444793,1.2385481054668748,1.6371832936424409,1.6547616136619614,-0.4283520146230674,1.480899130231625,0.43177715665718064
326,-2.780059484608502,-0.17187801726461974,0.28205480393417914,1.1413734454386475,-0.33440480606600353,1.3069637774573302,-1.2009287216973235
327,-24.666918225586205,-1.1959921255055543,-0.7197739538092072,0.82634629883948,1.51559856191759,1.1565153031330933,0.8730582441760624
328,35.39278279044159,0.8356770347168467,1.6528569388632064,0.6761395721275743,1.027142009679855,-0.6235177590978827,0.8334002631065595
329,-70.15522301650402,-0.9423059314284261,-1.296520723522662,1.6843370518572205,-1.8006208648073543,0.6542328323592925,0.3265827029911912
330,26.107539739459217,-0.3549030522302112,0.6136756858147985,-0.9744670392222962,0.08880852550753122,-0.3698841354924639,0.26740900494458253
331,-54.45524814596605,0.26838568882544617,-1.2362531557470295,0.2223970706221679,-0.8575399862429369,-0.44280535250266734,0.8505841904963325
332,-18.960837705253674,-1.5489822741452732,-0.40308093778326304,-0.4094279280330098,0.3080151269749935,-0.42414014472312955,0.7442565371208331
333,40.253192533641354,1.5384553664991032,0.34795028039303183,-0.6395440357548456,1.2259102441314675,1.699724348763289,-1.3735001701212946
334,-64.51535845753527,0.30581336158700073,-1.775358347508266,-0.8483335111325225,-0.7558692744905443,-1.0163211911272112,0.21655775431346186
335,-20.673834863232948,-1.2016567262259714,-1.0752590766494095,-0.3832636069523765,0.2917920978850781,1.544364883382282,-0.499305213899169
336,60.77656351260717,-1.6570149112976782,1.335135206311047,-1.490561242968594,-1.4550492643355937,0.5770934189417909,-0.03206855923271313
337,39.74170673037401,-1.1972840938079021,1.5219905270528458,0.8235682276032065,-0.43880234262461354,1.4196730402698612,-0.035679755148783306
338,25.867605024058218,0.5406791308178428,1.376640366189071,0.9731173814692685,-0.6302871464881095,0.04376163956548509,1.3302032982408802
339,-9.211688724740128,-1.3710425070128684,0.16300174409385698,-0.6428063339450903,1.061615910858997,-1.5723778137530604,-0.9494418183481622
340,-17.806952290311187,-1.660650257508723,-1.3468504005506137,-1.2669586916257312,0.38332320052839125,1.1967321207767365,0.8892806329645325
341,-8.470133999021014,-1.4676780880921838,1.1279701089986034,1.260672968552173,-0.4589745829063605,-1.4343533657025718,1.1934808060685644
342,-32.35606137496338,1.4309153822556293,-0.01685022817086081,1.5031317816059855,1.3187720075980944,-0.9482765458426534,0.2776037301276448
343,2.4818561968200163,-1.6888075068205946,-0.267679715488706,-0.32548952612037896,1.3360762369412698,0.9444017951043795,-0.03304759861970623
344,-10.927323905934212,1.0549283926509103,0.08943659344753647,1.3583111499142855,1.3116203805766091,0.5499577093120599,0.7476300559127816
345,-41.96227508280824,0.8586283308587372,-0.3787000595142291,1.613563227537987,1.5052365448729466,-0.5164851456156209,-0.3660497182791502
346,-33.8845504349641,-0.08640538318428112,-0.21017817128484215,0.5075113087933598,0.9623974489733814,-1.1687107249137305,-1.463834026334528
347,-6.051809388406874,-1.0388576440863255,0.5305040717708128,0.3144018338167465,0.0051314201424656845,-0.8517907555676287,-0.6288525699748909
348,3.337204041623224,1.1307360212744089,-0.17781984656328345,-1.527792225775265,-0.9481067107197313,-0.46960985515668724,-1.585082294409864
349,-7.043257868657165,0.5341749737257125,0.5725800580520309,1.4179211007321324,0.9004868721020434,-0.14216688403723304,-0.2606539040250559
350,3.254596202395593,-0.3873833998453301,-0.1779057876699192,-0.6866285287510386,-1.0336818217475259,0.8919325256490455,-0.7832281901002269
351,-21.660631886373267,-1.4374752986098673,0.03362889851622522,0.618889099144091,-0.22921174957736892,-0.25493886165249074,-0.5156178515319755
352,28.74702421518169,1.3149942644147474,1.5086302231479949,0.1610767029647496,-1.7463688250557194,-0.736861729286239,1.0212563032440412
353,-40.744521807832264,0.4713649921908533,-0.3336720268467085,0.8135292735148331,-0.6163658032203336,-0.5592474123935428,0.29430196058776303
354,-75.50671699186776,1.127630857537608,-1.392581512975618,0.9082724130602874,0.7309948420325397,-1.4805921342338855,0.7408052790839085
355,44.511356985579056,0.8441484755665537,0.5877897225237989,-1.0341874736383296,-1.5760685530265273,1.6500035891835207,-0.5077212467157434
356,5.089246954262738,-1.4270635835474412,0.17324719247855994,-1.4351481981808871,0.40724864460361904,-1.5015047927141736,1.4294304708377923
357,-55.093285155928235,1.4126573435397893,-1.1566419899719265,1.235793988072679,0.7488260038581175,-0.008290319330813782,1.0521967115144975
358,-30.696808600544543,-0.5838519837097838,-0.6892102826426191,0.4975261629426635,-0.5992924335372005,0.6465091764905985,0.4818083304749011
359,-34.893673363732674,1.1910512577329178,0.06662714052400424,1.5983413127939972,-0.012114324287008935,-0.8533607424508972,1.157263624904752
360,34.27734509740832,-1.333915522997203,0.8144908425780367,-1.375881358372562,0.9699423436031468,-0.6849992468948662,-1.4274689424159155
361,59.356871721352945,-0.6493295807603703,1.5747593415014947,-0.37145373910089485,-0.3665809484508735,1.1594445152894963,-0.9868221522682258
362,-51.97233898886997,-1.2317535158448,-1.4499639561236735,0.76069253549575,0.3431231982509227,1.0565669730835725,-0.3281783748006039
363,-11.798939354295511,-0.6238811883559228,-0.36403081715632163,0.2998801615211706,-0.5857278580303241,1.290984935196535,-1.3079690557038226
364,1.4520450409943157,-1.6970379033248264,0.4356639525176764,-0.3087361390459811,1.2077577002270996,-1.2790790426985945,1.752801597558792
365,2.65994826100132,1.312373194464633,-0.6595148957147225,-0.8006754040861875,0.0931235961049181,1.2400188383029846,0.6356349648277253
366,48.98518655317753,-1.0092768765105737,1.5928505135647562,-0.2830748155187392,-0.18480987871747054,-0.23131168121860923,1.1405794873014936
367,51.777208044184896,0.8101366596342223,1.3276460727064994,-1.551997592220959,-0.9094817626416388,-0.8684188493822765,1.5594688913734207
368,-59.51467266479459,-0.46085578549156464,-1.0896429627770126,0.037864621842421606,0.38655874839295595,-1.351634691999048,-1.475373359383043
369,-3.3780961459034864,1.3203576322199815,0.5638160631090419,0.9572577000003452,-0.6686940291186448,-0.2717971295977829,1.3278670058180762
370,-0.236862599445469,-1.5845065307664394,0.12473547096469799,-1.3763401483157554,0.06756661286000663,-1.5551874285369984,0.7666900059490221
371,-51.45585467693324,1.6131332572674055,-1.2024580401931408,0.7426984053773497,-1.16213877384488,0.7496023649008703,-1.5152983199794534
372,-42.24209469393855,0.8132568033095443,-0.550902238790685,0.38812718052660505,-1.4608825580006164,-0.9970377509665868,-0.4420454302319333
373,-21.112165156061316,-0.33516934644371005,-0.06221945946343632,1.5742893913591685,1.1696733359020797,0.7478243122238841,-1.0897262954164924
374,9.958600181596895,0.8804349586553062,0.7557354804513928,-0.16664401975644547,-0.9217678220181125,-0.9864757121645176,0.23965821864548661
375,-39.85235427883838,0.9719165412064058,-0.7327603124036998,0.748673269504274,-0.8703167829138792,0.24861773809320536,0.02154172510538221
376,-41.465465931861,1.5515705015697165,-1.621843460900321,-0.9921458023094688,-1.5778781165346338,0.5098779227681096,-0.6138947631648212
377,-81.45984240742747,1.000406998417761,-1.746226187068007,1.7445069321370223,-1.5866210557044766,1.0865896553656198,-1.253061567550743
378,9.93098409801431,-1.2579110711152486,0.33743448060720294,-0.06832885736402239,1.376845727219306,0.23648680209378728,-1.240884931008563
379,20.276114541498984,0.20789394744617498,-0.17865314139980357,-0.9154422931398051,-0.7746320883214004,1.5517769908517405,1.586441627100722
380,46.957232356188406,-0.35602561186681125,1.2327855451083132,-0.1698688585301024,0.016006570513515627,0.9552132605973633,-0.26007100818776907
381,16.287010576056915,0.7558319480782578,0.17188067838270146,-0.39769345761352987,1.2633207671448599,0.5384303347671247,-1.6222220671351126
382,50.43414882373602,-0.7664839549689435,1.124782882576207,-0.9732153097542047,-1.5729008442443069,1.2144573943048098,-0.0039165700205928845
383,-18.880622553503112,0.20781218862221118,-1.3090391436897908,-1.6684983960598667,1.6363879653615938,-0.1985495576554027,-0.8660559064884256
384,-23.709377324418288,0.5456368409515412,-0.5929111041138431,0.8653698365199196,0.4895487921440898,1.010088700322112,0.691808583744193
385,45.421512753831514,1.601553542092023,1.614595009479049,0.2446852720026661,0.18070573551795371,-0.14572178597503482,-0.736874479461286
386,49.1252382261095,1.5120291083271769,1.3274750593566067,-1.6620695122770097,-0.7861836801287921,-1.0015824361380572,-1.4376626242292392
387,-32.75082494050071,0.4001729398462625,-1.6869970569360286,-0.4338161741626479,1.5077348481969877,1.5270448314590548,0.7890353343533943
388,65.82217514778823,-1.5205211530116252,1.3015896064945145,-0.9649890585313576,-1.4917226232166867,1.6117588976533073,0.576641514107526
389,-2.405547581881102,-1.0626009293760148,0.2871947118951841,0.5806597404145196,0.2230202808924062,0.34198899030257,0.4549916006846067
390,-22.751384896296575,-1.0547947258827914,-0.19457525364343556,-0.11114756760161112,-0.46064782997228365,-0.5609652826070011,-0.8250927259261253
391,39.674275720896446,-1.2495010329804956,1.2598472876594733,-0.7287052310671293,-1.4722922800021054,-0.053225135357753625,-0.8113901625417813
392,12.30626232189118,-1.7051419793533986,0.16510571429710638,-1.6796421266453314,-0.9188142995268846,-0.5736210267427394,-0.5163678421314838
393,23.613045910586163,0.005689096775250633,1.5395630181072708,0.706739698024166,-1.7451694827872382,-0.46459903037694433,-0.14079535602390214
394,-16.028133331339056,0.5034495398183427,-1.0700147094937358,-0.5467108040228181,-0.09080855730306306,1.3230722452091361,0.13211769447942606
395,42.29958539175359,0.29667454415484246,0.8375795955847837,-0.4485553646409447,-0.6503821498886814,1.4468018463699854,-0.805052549965212
396,-19.13497332336823,-0.03246923400960057,0.13407993180914832,0.1971576246952066,-0.7030597071945663,-1.1762306986988207,1.7814554173709198
397,-16.229207321445525,-1.298490636215165,0.20121831207305355,1.3196573077262006,-0.4377001077382185,0.49112317121406335,1.4120252209979949
398,0.17178582232741077,0.03431640931534031,-0.04656366504279358,-0.6182807399259883,0.7778171082220665,-0.4754284298104142,0.4616784824241411
399,-36.727667904454165,-1.2328556722947188,-1.5558836471651118,-0.31646842111656903,1.3826094728211722,1.2179414127835075,-0.3909941688029233
400,-52.21267533060222,1.3923117755069252,-1.739103568562246,-0.935600239644925,-1.5175254535031757,-0.2442930009665344,-1.572548122153375
401,-13.277294203338133,0.4630117217752216,-0.5200157355014837,-1.1063578947389021,1.4451803081264707,-1.173266119867017,-1.2814094637775724
402,25.50536916331973,0.7811137690346851,0.33087018987214456,-1.0107418332472788,0.24272134239554588,0.24600815641638957,0.525403536541063
403,26.63590805526588,1.4185075845002373,1.1571131599865834,0.5331646035177073,1.5065728700710799,-0.5588658141620992,0.046704518560782046
404,-45.404187744658074,1.2661203760132427,-1.3273441877704895,0.04119515789694616,0.506002356750309,-0.10576976467626385,0.3925602314434602
405,-15.438516295739124,-1.298542464187583,-0.8418474485480846,-0.5119596471557879,1.023824760040394,0.6370965415469163,0.05427001070906794
406,48.8606063899854,0.18163184952065814,1.6224370636694394,-0.6422211897874486,-1.7291550878071034,-0.3068964208275968,-0.039703348417493824
407,11.884257239694085,-0.07829901477948294,1.131648850735564,0.48914999517590807,-1.384369609160168,-0.5224665405227615,0.41696747210536567
408,-5.2914838478729225,0.19288204435346795,0.6450297413616124,0.2768817661905555,0.49529888839947606,-1.7072338267018687,0.9579428950400257
409,53.2832413382905,1.2473368805435283,0.5062170890493161,-1.459275564962036,1.030933812597109,1.1049611215460546,-0.19350270462724967
410,27.187550677682445,-1.341723009698149,0.4083973819189496,-0.23944575706951643,0.9438181516085388,1.307001286447368,-0.5003407817393651
411,53.14496933794538,1.6901317455502345,1.587921403315397,-1.6013327641038264,-0.33991020975238595,-1.5167010102303091,-1.1070541236028606
412,22.578084621874304,-1.4241927912613979,0.12075026485510805,-0.6572402162673772,0.692754542812266,1.2352079790996198,0.46758104828272734
413,1.046207112251607,0.44681146693803203,0.4032074804103765,0.6804894517944216,1.4084690778497126,-0.03257236912326987,-1.0016833410446402
414,2.9575352505933417,0.022062622407617236,0.2873645321573484,0.13186641360701393,-1.7358701975611552,0.526890417969992,1.48415438066254
415,3.246103897275449,-1.4802602479991995,0.31038268318608814,-0.9315556896330974,1.5962322070568116,-1.4623342645747452,-1.1968319694416472
416,-6.202602574613418,-1.400027129816071,-0.7496623174686775,-1.166187789464826,-1.6935623570072114,1.3445481672871973,0.11933827190754416
417,33.35411240137728,1.693907222319843,1.5674236401215287,0.3339639511259226,-0.046679653395308676,-1.0152122066451472,1.105513553568587
418,21.743216131101473,-0.4775268286690577,-0.08016645129479374,-1.4886144465588314,-0.3483111819496286,0.9457603981601128,-0.13399657481212665
419,-29.721707082246336,1.6850118481353429,0.47519041938816925,1.3385835027242345,-1.5402984871490482,-1.5797463036845594,-1.2198074192459112
420,-95.74120145773396,-1.683240902916219,-1.4692055823368717,1.598539320534965,-1.0779049960642206,-1.1701809939562213,1.6827691326602887
421,-17.94474739203269,-1.2407368415977311,-0.38660226201578296,-1.018810110445523,0.46850472981339236,-1.521506786223916,0.7761631736994618
422,52.219925984613425,-0.6717199635020912,1.4956395250455472,-0.7080553142590149,1.5941939347667349,-0.9897072939735755,1.1505041854765878
423,24.54363614104342,-0.7181872597770482,0.8534756105159527,0.025996224118051674,-1.745191589229889,0.9723339939274489,0.5732429346889921
424,-12.588218933108825,-0.2690311821288149,0.10366878418109501,1.5414679762947794,-0.2583939941682136,1.2199431252772812,1.455072168878944
425,-5.769482792723149,0.5460966463062864,-0.8554640077514029,-1.250089146376749,-1.2666734441608276,1.0514071471649284,-0.06493938563035716
426,-76.02140893231709,0.6808227370552659,-1.7593470886172382,1.293302216137505,-0.3268581754309515,0.5758844429302865,-0.6322250966770129
427,-12.093726762981817,0.08990310978615174,-0.2131189046772885,0.8161704138751786,1.5641286753930141,0.6233557296884263,-0.1182324714322077
428,-33.41517700920182,1.700364459771546,-0.754012263389234,0.24449850726611236,1.3132264812380214,-0.8726923536633772,1.7682664485441748
429,26.575025411215975,-1.430921477162026,1.6274036704814587,1.6720449757717588,1.2328334144399593,0.135224061207866,1.4554334626802263
430,-35.94653855793173,-0.3726262542727652,-0.7515029954222967,-0.3537554662267204,-0.6043930464335473,-0.8319997927360007,0.938015543253007
431,-29.37062804995879,-1.1819785198875823,-0.20583339315534058,1.217611850006252,-0.4098185880813378,0.2969745274040224,1.4918691200970042
432,45.684395882330676,0.7057339660496817,1.1494907364285005,0.3096691875811385,1.3371684885355277,1.431549828884868,-0.7014298798064036
433,49.138754058652125,-0.7777622428392775,1.3304182312900796,-0.6924069325842617,-1.358727971680978,0.44064306558713495,-0.2838914819006527
434,55.71109413277448,-0.3560299441403081,1.5579137304949886,0.4907364586695113,-0.014707907742362815,1.5648863385438716,-0.2572561338250962
435,-37.97942603797419,-1.10253179578139,-1.2057721196753204,0.17469110665957902,-0.27610000971498017,1.0962627607502027,-0.215108333760792
436,33.71584181530208,-1.1354300521139096,0.8662830227112998,0.053494519835679294,-0.886716770027791,1.590420017485401,-0.21698721841148258
437,-40.014204380693215,0.026387195360520182,-0.829347324395781,1.105443762551611,0.07809708059439315,0.6064177129753949,0.0998063687391645
438,-36.85588530478353,-0.3239484414180547,-0.008227327044244484,0.583261136377024,-1.134758004695339,-1.6914796529472664,1.1890635926253956
439,36.32017150468593,1.6457828194673627,-0.06778489131359261,-1.6646784656990068,-0.09505019682339202,1.2056497610728938,1.572288574128744
440,54.433463595923975,-1.6927976892001808,1.6060414160757248,0.14939477411071836,-0.005404605299063302,0.9714253348968632,1.5355487502134997
441,-42.84447569764187,-1.5743103945665398,-1.110597579008322,-0.790718922907206,1.0005378432929317,-0.7576667785675358,-0.6847416036083857
442,46.878794762023574,0.9927066306517773,1.2242142129952431,-1.3878388556128807,0.24766685019263,-0.816097595573114,0.15137417978789433
443,-36.07202072589627,1.5581587952776426,0.23978905777006745,1.509628361014984,-1.0811445710945997,-1.4151451858250945,1.4799696478444064
444,-13.190329641850687,-1.4349190469809634,-0.2570108887172262,-0.9567523897536413,0.9292421460811785,-0.9728139473368731,-1.2371543028711485
445,-29.09227619755684,-1.3027951380270681,0.42570099802836414,1.3856591039129889,0.9467091260541604,-1.4002491706776954,1.1816844474793584
446,-7.018857546798941,-0.8748110435739538,-0.12547206490248689,-0.540564234124677,-1.3203397056625152,0.04859905863158061,0.26045455524390154
447,52.69498312282104,-0.29788799400467253,1.6214167730074365,0.06596153203081395,-0.4218199489681308,0.6766370360412688,0.6371877144868344
448,-32.86953951930138,0.3763561786762088,-0.9435969819591657,0.3900979775606497,-0.03828072247167391,0.8287954364097758,0.8602946872964105
449,-66.13371799354323,-0.7667783560423873,-1.773192252661296,-0.5221791406932111,-0.7528292853966879,-0.7422083648807132,1.325149728223673
450,-70.49811667450182,0.807772925333406,-1.4918617038516735,0.6771551484197879,1.3996550045888776,-1.4377893627231277,1.4690316780996562
451,11.347047395054698,0.04708735139129861,-0.2130468741000035,-1.148992624144589,0.3851336212953887,0.2617101299449274,1.4412549165847024
452,-60.008466643295804,1.4161828803759882,-1.6930675843253855,-0.4735793480642283,-0.753312847439557,-0.3314793856683215,0.990443210473827
453,18.017626050735387,0.41888219837385954,1.4339581234206416,0.46555350489832903,-0.38903387618069446,-1.1424768508998138,-0.8545561501116088
454,24.603596340140868,-0.43106202183915593,0.8855727718279421,-0.08010221480118973,1.3274225827671629,-0.1356515821985312,-1.0057448749879883
455,-11.472734194466547,-1.71075379398581,-0.1517978965746083,-0.5788868073058463,-1.6711719296646979,-0.11938088945314877,0.6614445466777517
456,-4.209052728785835,0.4791947006850158,0.24943923979964555,0.8518513296674192,1.4015799127514321,0.09601250681954072,-0.37031285382169105
457,-32.99585887431845,0.01296529372641754,-1.749334256142701,-1.3914389429990157,0.5758463967573559,0.6875617927472609,-1.3629584136559991
458,-17.37392998448064,0.7604647247318493,-1.007489494698083,-1.0071116129605102,0.47753886284994496,0.008988177245914193,-0.6697541147173128
459,5.934643600232198,-0.5631373120191521,0.7513380372685664,-0.18579179947169133,0.29701267426230055,-1.1776940810819752,-1.6953282120609368
460,64.73098578398763,1.6576685120915788,0.9776969826651561,-1.4899516270221425,-1.562220441677446,1.3598117605858007,-1.1929695543248855
461,-56.12481966224352,0.4425250815075997,-1.0378272052017172,1.4373457180907285,0.8728043480119533,0.012561685843612743,0.2578355369817296
462,-63.94400916285294,0.03332089411945496,-1.4529859636510556,0.7181670712080912,0.9830845396835799,-0.24277495950777114,0.017732429914631354
463,-7.774679496956257,-1.4727074662948332,-0.2826561948156197,-0.05047792741714276,-0.22566611546920193,1.0608675270121344,-0.6776607893729398
464,-57.32649670901524,0.6625150903519706,-0.901678801160153,0.2121235459301109,-0.7915443788480668,-1.4228674542988302,1.7731957705445547
465,19.817289654450637,-1.3050554734251614,0.38102882349987194,-0.8475544245784815,-0.6849301763046935,0.631506198263536,-1.275008173115996
466,38.70045651142547,-0.16335465722917286,0.8884215325275717,-0.7296983179909726,1.5973003332440963,-0.12266967379006065,0.23239581722650907
467,-31.971739339524966,0.11829782040392012,-1.655302987864716,-0.42330037124839903,1.4622935700275161,1.4582803941040905,-0.7449862159947264
468,24.727189252363534,-0.10606536781919733,1.2490852324444695,-0.383753669832663,-0.3249721599277861,-1.1886643549602296,-0.7068948130109287
469,-8.590026334187709,0.7978264716831398,-0.6112997280570686,-1.4418583976592003,-0.6413246904634695,-0.4181710156460352,0.4250761697090988
470,64.4744005707616,-1.2961325693030479,1.665304122519617,-0.9230395079236277,-0.6474474345740614,1.179182659281719,-0.27853928227880825
471,-51.25497961683002,0.010227892824335942,-1.081168229713947,1.2009567128027547,-1.7623332971039531,1.603595468894318,-0.028433423053361613
472,85.61762868806377,1.563773538188988,1.5908405632964746,-1.6176343747801836,-1.086490073431736,1.1674887383584014,0.3823809343366214
473,28.740168364857194,1.5575105488849001,0.29314099823216616,-1.3548760352854714,1.2809496939772678,-0.5711342277827882,0.9562358118612923
474,-6.730502654726518,1.2218634286262398,0.1953831940867853,1.6716240085830973,-0.6147660426827162,1.4905607655253117,1.4767140819553826
475,36.48439117628917,0.7958741200449294,1.442364784909436,-0.0854121751919236,-1.7571677957676095,-0.07828370019342593,1.255179309377982
476,-40.421477205568515,-0.5422971059930799,-1.6697451873484415,-0.43936424703915433,1.3926312328055177,1.0956399268788464,-1.2957354539595385
477,41.39353903700954,1.630779420411767,1.2334041332150174,0.4938530398240992,-0.9956850752793485,1.581051349251015,-1.5791616600211382
478,0.6313002388277542,-1.6187349205993895,-0.107780643760618,-1.2473419636268237,0.8924877088757278,-0.9780210493441188,1.521304773329493
479,-83.9174905988658,-1.4040562396626624,-1.5209391128115193,1.161399349937356,-0.7016296178670246,-0.5372134359617676,0.6469353912311913
480,15.876095277315267,1.28217444906056,0.9200241620812353,1.7238637279634046,1.319576530373031,0.8192742734580335,1.712272889980287
481,25.233933734499093,-0.6363649348967375,1.5729368012431826,0.8262687103042731,0.1372605203205336,-0.6975216237046615,-0.17217578804405845
482,-44.41826126113951,1.2850886548667468,-0.03760941175850959,1.4501761596774472,-0.11424199768738205,-1.4147820997233331,-1.427731925046772
483,36.4110474087274,-1.46774439627494,0.5193887409475861,-0.8640540898338946,-1.374244527656279,1.5976939260925613,1.308732421537335
484,-7.520747018655718,0.9941602367998408,-0.5366879498924767,-0.47542790508949573,1.6097450928838763,0.14741114965888882,-1.4896969754232343
485,67.03874655979375,0.01755205100038588,1.3280476012399276,-0.6721860785103452,0.676930228437043,1.1576596575680873,-0.3372129610695942
486,62.91224272099136,-0.06801639459685815,1.595619891649851,-1.1634826132460114,-1.2702403015685308,0.25081236614866304,-1.4054022080974813
487,26.59784665147553,-0.8004213719668538,0.24387059240632727,-1.0521880230774692,-0.02883090226264098,0.5535931818958236,1.2807963630051185
488,36.21160172336987,-0.764631692956888,0.8705005265542748,-1.1136364575541924,-1.2623916691826549,0.21358770037667404,-0.07675982812133539
489,-2.455077005319185,-0.7198886092493271,-0.22079021609103072,0.2783813252656397,1.1002502626400528,1.231947179143612,-1.0657868282726157
490,-20.576308732419566,0.8113541650026043,0.4230545194168475,1.5484982889549803,0.27792842940677553,-0.7431585577373006,0.7113135179288248
491,-63.095521643482016,1.2917811853538501,-1.280397113460782,0.8655794317608236,0.04114899341440797,0.027279606118075228,-0.698243311519022
492,25.223177610721198,0.6214970666785631,0.3298308022236285,-0.9655857424724883,-0.7256695092816045,0.7126400105307518,-1.1242380802517182
493,12.405111708336605,-0.9207328697366326,0.6427072584491058,-0.3928610689072628,-0.5756566015582614,-0.29366674750401417,-1.636414628245523
494,-68.76389162063383,-0.6696032073561748,-1.5563724658795157,1.6756720988714262,0.3926055442698276,1.0397705148497263,0.014616632367694445
495,-30.48742556732715,-0.3406889685149976,-0.9376304596785567,-1.0503885246489773,-1.1879989899725165,-0.7103841394284263,0.5089565332151598
496,-29.82257724299848,1.179651406385673,-0.7041031088420199,1.5438067450627333,1.2351418772467229,1.4109023244436478,0.08259220648772911
497,-25.984054168091312,0.435298783714575,-1.202423333759156,-1.2763132557254178,-1.5538713216901854,0.043936279140216535,1.3697275289957067
498,6.981946020805354,-1.3994069774009468,1.2296328003585577,1.0489329349385599,0.3511690239289523,-1.0511267211963948,1.559240645291855
499,-0.8036238653731032,1.4217491040326178,0.8350408001259122,0.0019329737695307856,-1.5984347808037476,-1.5923121816674166,-0.9984339195584578
500,31.222178023568514,0.2728825398686298,1.4097323898471108,0.3730863113624306,-0.2778785191868439,-0.02981253219679724,-1.1409325444610736
501,-49.411522950641704,1.3000655993578873,-1.599947054141194,0.3500383772174927,-0.7311869849174144,1.3529463271381803,-1.0124037035202786
502,-27.08564140412295,1.4839462963188572,-1.0328855399592243,-0.669982746618947,1.6082499607850966,-0.6089545297074781,-0.29936384559422397
503,4.978846175410649,1.2220739230723037,0.8954132715826105,0.25984100378631264,0.23167031218986647,-1.742367805633664,1.6101199144974665
504,34.862642106863134,0.1327468771654129,1.0818882670972372,-0.3352580526643172,0.007273655712377478,0.3231502907418811,-0.8743442724611943
505,53.30001659004271,-1.3601460582110312,1.4900723459336866,-1.223287805235101,-0.9849458052167424,0.37994707419603657,-1.0457143754383216
506,-87.06804366956257,-1.119239582568767,-1.456432718818615,1.0919862076221734,-0.48294118154086285,-0.8917592943217026,-0.7239656402593894
507,-7.912677237032009,-1.4872741810272658,-0.3276903839712724,-1.5839255347046004,-0.762790310458321,-0.8259245093760603,0.08743616963302317
508,2.9467628939332258,-1.7033958900119712,-0.10903701231236543,-0.4830378994199768,0.33690941468650726,0.7191088089343394,-0.7700131186589925
509,12.831316623549316,0.6700627210701168,1.032129873413994,1.777890911361472,-1.5415910081914757,1.419111119432127,1.2469241646315878
510,-84.92481340057371,1.2675493398782118,-1.612813565263167,1.3916968333953716,1.5100326713381558,-0.9731649549327297,-0.9297868316489215
511,-36.97794827916027,-1.3174660094588397,-1.1059168419710166,-0.06016690870438177,-1.6761150343637823,1.0916707247284725,-0.03130848287889229
512,36.09171498375634,0.6550984276262806,1.0966069764511053,-1.080721149287251,-1.4086579496186802,-0.20783171065836112,-1.3541686466917642
513,-15.261267981227295,-1.1992853205835712,0.2030642227628286,1.6367364343203596,-1.4753153462099688,1.4055209890753753,0.021629837639917802
514,5.107490765706735,1.2809718590432695,0.588111274673089,-0.7059428875686665,-0.6091303807770686,-1.7011468540974422,-0.03955796749968035
515,7.775617104263063,-0.8587201671624342,0.05255042976305714,-1.242698930789414,1.2199587908131715,-0.943614546521722,0.5291130462887331
516,-59.91546612373688,-0.20654044123786733,-0.42111337420173495,1.4048711441812072,0.3123491647302878,-1.6844689961645751,-0.9329491740150817
517,-13.27304451797316,1.6736284308633713,-0.4691277021196798,0.3124581311844349,0.09981164711237156,0.7014664007677038,0.15935246224871152
518,45.127172324479176,0.9626789736749503,1.045483623434861,-1.0104077329703347,1.5184624222212513,-0.6840540185050534,1.5262906298240528
519,-12.70286595553785,0.43630822792748564,0.45460680501853973,-0.047855154989129275,-1.1572468773034348,-1.5622783464670635,-1.3735508063465005
520,46.52695105382762,-1.6287189744024821,1.384287768698416,-0.8647101077854665,1.514954847629784,-0.7778182420742826,1.0832245337903288
521,17.58701776173962,1.1519800252678476,0.11817081301541237,-1.0008978282522485,-1.0098035972417563,0.5200166916780152,-0.9618569060346406
522,46.08895742452232,-0.02668689834993969,1.2757890171693664,-0.4717012593192815,0.8401065424530184,0.11926049245556744,0.18100120531432393
523,24.228821039073438,0.06956912664358883,0.6867749866118605,-1.5320151995616558,-0.7986042597119534,-1.2371278187471637,0.7541556985672071
524,-42.445323735172146,-0.33277596879730353,-0.4193798335189937,0.6222890149492011,0.7822582120318485,-1.239712665520926,-0.02728704834977302
525,-18.740326292187305,0.45012911950743817,-0.3675752098544425,0.74768143819625,1.6167240702882995,0.4093979408479016,0.6760210143516575
526,-45.300206235042445,-1.5675173677856353,-0.7470701277913022,0.19822344772980632,1.3403662248985815,-1.2570312022744003,-0.01293808359970909
527,24.622077947391833,-1.3189319122233552,1.6250649197845484,0.4372201509406222,0.19071197042611765,-1.045533177677777,-0.552406806124251
528,-47.543299136254845,0.28441493196924394,-0.6927917415546797,0.581906035439967,-0.1491403004097666,-1.0644829948200834,-0.958524678043537
529,29.845471531487707,0.8775546147602556,0.9334480116624074,-0.41556142793360923,-0.4587300969183174,-0.14692602742702768,-1.101006364847826
530,-29.985184913045604,1.62391218643617,-0.08351014901560266,0.33615819261461216,-1.4572406476274844,-1.1421441642697472,-0.12358694552797152
531,33.29186553210573,-0.38005194291137934,0.9924445681769833,-0.6373918913763985,-1.1918664153847793,0.0951909113364732,1.249853238090423
532,-8.225824202579888,1.1250555811171021,0.7793586058845988,1.365885421776031,-0.22358884962768277,-0.761044534897101,0.6739770176370833
533,-61.87548522245217,0.7072337423315075,-1.5360034752042862,0.10159107939986058,1.0448250224300775,-0.30030605227386464,-1.4822063180081844
534,2.0529130305066783,0.9805384935216009,0.21748507607690695,0.3251054701730173,1.6073643992801196,0.02488844786974717,-1.4456269978867151
535,-50.31510080838544,0.3222956162058633,-1.7502588400015537,0.3556753046568708,0.8985847685044341,1.3637380283420004,-0.8482949516668673
536,0.5536697263594136,0.4411634272706909,-0.8116719222011434,-1.4232047861622894,0.20499400212518112,0.946789114360012,-1.1559196243623524
537,-56.245380061063514,0.7178337856272874,-1.7642142489318446,-1.0193410426437246,0.32313603163993904,-0.7376679034463475,0.8712971329262132
538,-74.26759599650941,0.501024263350228,-1.4333942179208747,0.6356589828759661,0.46987683238307265,-1.0524148370552968,1.5022657008480462
539,49.28517710594201,-1.628557402119701,1.3661797447381765,-0.24619272226108455,-0.5895308650487495,0.7707779106506667,0.9847422450088081
540,43.977074782636606,-1.5655642791274613,1.0728332003760048,-1.3592101689190463,1.1772929907783323,-0.31772530587676934,-0.8908562926559044
541,-23.868627399891388,1.4875111599532442,-1.6536015047817152,-1.374869484426656,0.587507965048657,1.0226971712524247,-1.3442809404613127
542,31.08391823331769,-1.4874256135476376,0.4282228835182882,-1.565837510998449,-1.1206066941182133,0.5827485365217364,-0.9345024325099157
543,-6.13478931026594,-1.121209800734774,0.6318942166419449,0.5332293755566242,-1.2492462144312264,-0.3347369992804124,-1.6103538485544429
544,19.291516225483278,0.2662715954348893,0.7121627338189674,0.03451627128882126,1.3394888659028217,-0.45951373792402805,0.6326646524235185
545,-1.3308798186382915,1.490620801980257,0.7144096962518297,1.1827484567030901,-0.6882674436704376,0.0819328926461411,-1.4285333484376765
546,34.3360414263944,1.2506425673658834,1.6115064355904742,0.4418590418422841,0.3411011199438521,-0.8930710519244531,-0.5425865875245413
547,-59.79567895292369,-1.304204192764496,-1.5696074782625014,-1.0971132344535772,-0.4654710356333293,-1.1651979604148295,-1.622978465667787
548,-17.45513493198588,-0.839335593219234,0.15654494410004285,0.5290503928748141,0.06024362511826891,-0.6629054658993195,0.8030455141059416
549,14.994274606857493,1.5967479356815355,0.6684514886007864,-1.0123953134112258,-0.13664337347027383,-1.6792676482881381,-0.08520339371237055
550,-50.67891498924983,-1.0920457208407601,-0.11117263716050525,1.3610937329621273,0.29586120208738464,-1.4962031249257512,0.26033442709587507
551,-41.597854019559605,-1.114644571720276,-0.7212989415601456,1.250112639343183,-0.5233487835411198,0.8235742492181716,1.5869072831310906
552,36.19494199639915,1.182244201800426,1.3044952025910705,-0.02272017984203838,-0.3106166896762769,0.00847560026173612,-1.5450487015690029
553,-24.800798820570012,-1.5162096420628541,-0.7498735287730733,-1.461461673674772,-0.8071819857424571,-1.0663708980825344,1.6731643310724509
554,-2.7659736663009196,1.6363747312351227,-0.35484045439719036,0.004046620369862345,0.11573656226458341,1.127678310180392,-1.4531517150439606
555,-26.7998472126954,1.587484003884484,-0.38537120582126927,0.7884516956894754,-0.2095920744914691,0.08340833133527992,1.118520005327625
556,-12.122569041752948,0.644737212230544,-0.146307550631719,0.010299443653237565,-1.5687153673496708,0.28678434991267027,-0.01130792910942718
557,-8.323399974155665,-1.2400472110201515,-0.1617096915152797,-0.510952877894742,-1.7181274444098458,0.15945291751614837,1.6360536535504269
558,78.9969294969333,0.3143790206366681,1.667237832682467,-0.8120858982254445,-0.7226066393570229,1.6210624269178486,1.6024248094574893
559,-76.7331081642368,-0.4390313600316874,-1.3481545225302132,1.5312635736550364,0.14796566304912473,-0.1947441068690951,-0.04776672248019745
560,-13.539220126704475,-0.1826319847859985,0.1651878146529706,1.4175188238673881,0.7739842230530535,0.6051537667319218,0.21934262451789366
561,-41.873495516260974,-1.6201573950363983,-1.7514635511447003,-0.49450884848417753,0.5603803715085381,1.0512342599029991,0.9418199427697426
562,-8.167060929621536,1.312332094001534,-0.3560433885873385,-1.401904645579333,-1.777481993961036,-0.8168789071239889,0.038589074800243484
563,-69.90955449891639,0.44669124945829225,-0.7754153698151437,1.4172224074065192,0.024091694388599674,-1.3843885897942207,1.3536893604618303
564,-32.682527516160626,0.503079712793097,-0.8168912514338816,0.7385039165294429,-0.507664956537568,0.8235612177020115,0.7959730862573372
565,-106.71272947288146,0.6031878188724972,-1.6959009759665473,1.492382452753817,-0.8509165922443701,-1.3337344555486477,1.0644556545581745
566,-20.051668134328136,-0.18489796918465415,-0.30492354831578306,-1.0185877440722988,-0.8317990289440205,-1.3792833688158501,-0.3988491420623276
567,-38.643440386318765,0.2810823345553037,-1.766483191237312,-1.3944729420004747,-1.6199953094799922,0.774476209512379,-1.3821081078491844
568,25.811666787032657,1.3950811615909717,0.8782112475295013,0.4387730353399828,-0.0789463045033192,0.8871542974737097,-1.6049457469227448
569,-9.29797071113066,-0.5613044996722785,0.0582936318385692,-0.24392490518912896,-1.705322545066787,-0.1263054737837377,-0.5184471629065509
570,8.195383714389413,-0.9403292646648381,-0.8616641273699014,-1.4964536630551888,0.9044905741795073,1.634592010784357,-1.1139171302705657
571,-75.1994071350919,-1.6833859238118247,-1.702256300277738,-0.5589250144669439,-1.411788291373625,-1.3495040820512985,-0.21461062297535727
572,-27.39405143691055,1.2724794741087493,0.040172295768957034,0.834854488293803,1.3848186636412054,-1.4224236240461396,-0.15922755137535646
573,-34.52218750376568,0.7371010687155181,-0.253582811044478,1.3059083852124689,1.5783891010298272,-0.43327376873700874,-0.9605776885061689
574,-71.39271062839956,1.0879649631729347,-1.168181087583737,1.3402385118915154,1.0693562595413897,-1.2525110446719612,1.40056900641486
575,1.6513090686858833,-0.8081853980673785,-0.7135635724433832,-1.1394123103523395,-0.991092990496793,1.4364935643542827,1.7469970344064634
576,-7.063198607598214,1.3537175368860017,0.3310304406850281,1.7647618209149327,1.2414779611409574,0.9291837393250018,-1.5262499617720715
577,-36.64746445261605,-0.1813664514389293,-0.7658380010039545,1.4674825124399486,0.22916243196529076,1.542093433300682,0.18505424246286523
578,-11.874724586637155,-0.9099737817483222,-1.023685405756451,-1.0876220324921304,0.01689064114365842,1.2514889543573833,-1.2759163587760696
579,6.51367585849613,-0.46145064207824826,0.17228062505788297,-0.3105035078194022,-0.21834682337838726,0.5185324345538004,-1.5624788845949396
580,26.150311609925325,0.2872815696361658,1.6287930310640415,0.05777311753816328,-1.7620430451719897,-1.137008196167267,-0.6445407453550945
581,42.56590846462362,0.19292885888838576,1.226660547032506,-0.010912862818339978,0.3197909098605995,1.0822951900283895,-1.507452660388807
582,-18.190246623972826,0.3945125200389946,-0.4410674360469219,-0.26644985858745684,1.5238982051512713,-0.9032350226208512,0.7578739695829111
583,-0.5147935977477512,-1.052190754709311,0.7565079945202237,0.5142488178896343,-1.4912904165780319,-0.22314045472904978,-0.9556828897604626
584,-30.326800180622914,0.33889250316960545,-1.202243483315749,-0.7753429892328503,1.4890803993930175,-0.07384194229491071,-0.006926474283556254
585,22.199724018664803,0.2450692229500194,1.3964524555409976,0.3860325030604559,-0.3655872002123795,-1.1174852833455238,1.4374966286352813
586,-75.9052857290093,-1.0795615353429926,-1.5888453739977433,1.4706257002226344,-1.5339673674629206,0.9746506875852734,-1.6716380628406247
587,59.93388503667351,-0.07023393597718251,0.8896419618887733,-1.6600106297648776,-0.26363353127196193,1.4385003205611973,0.5266510744133959
588,54.20519830681761,-1.1529116105938366,0.6881745140552854,-1.2928054380901124,-0.2273033261360738,1.6378513147541713,-0.9961526351450445
589,61.79711713202465,1.4099246802822427,1.657191938519592,-0.5081118405056856,0.6298980734856239,0.7674879648800386,-0.07232376345105844
590,-22.58732340633164,1.501732954007012,-1.5662259275482944,-1.627664489198034,0.5443268037500105,0.43677876887279954,-1.3975347076273168
591,20.130589238513636,-0.6063046962582908,0.7951453681805968,0.2344772707382904,-0.5753347055925753,0.6496725140592847,1.7768037057598132
592,-25.1285441624925,-1.4645434765093353,-0.7270273668313563,-1.1046248028798957,0.49749126183579584,-1.0572930617973777,1.2431670824679848
593,-31.16329331014312,-0.8510608408045495,-0.8220019777516796,0.8172277865829202,-0.38340995991200577,1.4783453794978219,-0.14056186253310143
594,-33.74973118502938,-0.9190646566612855,-0.19926755250695127,0.04917062647595626,-1.086517563489137,-1.309950702731646,-1.3019445270590309
595,-46.08223330425794,-0.9833405066019306,-1.1777206397198448,0.8733563892513113,-1.1608143252968801,1.3206390458229398,-0.6482889768314415
596,37.07771144445999,0.3887350489773652,1.036479149773098,-0.7037504679729897,0.20871472241535646,-0.10643172482329998,-0.8250751230309997
597,-29.90404060484532,-0.18389263806151876,-0.6850167327702632,-0.6547522555535962,1.6059071433062875,-1.3021896478557153,0.39890505148134886
598,10.148533730654897,-0.2564099186089529,0.5558384822400676,0.28374658017941423,0.8511273299461815,0.027444756888902886,-1.0570055967930025
599,33.14349734363273,1.1564444440483514,0.471576821251475,-0.0700374232857688,0.27553927476159856,1.4619922079201997,0.48263066071789734
600,-44.656607937230504,-0.4722129384017159,-1.456318900995895,-0.1782711835167667,-0.28001878584414774,0.8050261470639417,0.1519872431218512
601,-16.916395188494505,0.5070640924086288,-0.9294983980136472,-1.4138418990801669,-1.6155311574109215,0.36507687530502503,-1.5297330460665701
602,-81.05417836545584,-0.6289639067202837,-1.3670590947640258,0.4198635593655054,-0.6129622803869615,-1.7210155177243263,-1.0379314659364247
603,-50.13363918276104,-1.0676681528278098,-1.5815683931041067,0.8803013227781777,0.6626943577429749,1.4919012662591977,1.6149937843823292
604,60.0254944814252,0.33176358749058976,1.4442867120857619,-0.5075712623625599,0.3779778678086497,0.6937761133355842,0.2752430667737502
605,-54.43241397693134,-0.7652986683047778,-0.29230791016726193,1.5375393240424318,0.29941742228256035,-1.3499700160652606,-0.7929892006342384
606,-21.26482478540505,0.11440125940074769,-0.15779766909132623,1.0509069248219383,-0.6526920081756703,0.6907864497875297,-0.4597410969668358
607,33.03257532210609,1.4548447065386958,0.48754413807813,-0.5535771290951226,0.31338057878456793,0.658682444963503,0.5266184402243153
608,38.32697177899504,-0.7298083330577559,0.953075786674202,-0.3779060061128871,-0.4787236835282868,0.9018073671996404,1.0956116582246564
609,-22.02506101044546,-0.14069227641049192,-1.0505966183425877,-0.883046043414645,0.9244488093700256,0.18054504331479782,-0.06110996074349467
610,-35.63852081816791,-0.4097294107775603,-1.345105716626897,-0.026502601295994004,1.0566964293072028,0.684705064317009,1.601901539189905
611,72.19101624141058,-1.6071709991230547,1.5385273009808051,-1.6846610681770202,0.5632699078132533,0.5684874500973683,0.1744157091518936
612,41.22634041830903,0.10287758688276324,1.1214562272872768,0.29188072321431574,0.5175696902644681,1.4535930739705578,-0.20465328389941892
613,-54.049419450537584,-1.2598614353047464,-0.3648581187636525,1.7583099721222146,-0.8217891040921327,-0.11137923463243474,1.4022020875406973
614,30.34253466663621,-1.1760479895371012,1.480662005107065,-0.7364943202640447,-0.03867562361784452,-1.7285521687025658,-0.9935130112372662
615,-17.877869857701224,0.34647632526263566,-1.1026627655820251,0.16045806373191776,1.6056910148705323,1.7110094387222334,1.011217507505337
616,-43.851732422229034,-1.6186014672653333,-0.14341478887498593,1.7427401901768353,-0.4157984251157188,-0.20774479631548295,-1.507953844854485
617,48.5166537332209,1.4242090736322617,1.2168801707895494,-1.0364663020921825,-0.6473037209193832,0.060617197289607544,1.6371967610868317
618,-42.60197789348674,0.1097479017627645,-1.3246645160146875,-0.18577390739490743,0.4970443723664725,0.31807587576605206,-1.676040109513984
619,13.44075552187793,1.4979242395317514,0.25794672228108506,-0.934517788238635,-1.1217483214781072,-0.30441249570319506,0.3267717251498603
620,-33.82959843669249,-0.007422774354636451,0.3646314350589196,1.6597446073293385,-1.5016873931343264,-0.6440712387734305,-0.45095026659791354
621,21.98859125412807,-1.5612144870604,0.6112785557487501,-1.3037986663585777,-0.8654805848484797,-0.3794642883876571,-1.4124795694229841
622,-45.81469323985577,0.7360173595607182,-1.0395844710855136,1.6641244786497806,0.5550127509990728,1.0356502565785042,0.7401047931943585
623,-22.90582652985452,-1.192075922849612,0.2541317461725838,1.6129917885061156,-1.6472835992341934,0.7983482059149718,-0.7068254889980299
624,-53.40203962803906,-1.2592180409352491,-0.5864913723015284,0.4962437983366124,-0.33542874453280846,-1.278688290457443,-0.46471151794092574
625,-0.726327149439685,1.2343105063703717,-1.1477646210605712,-1.618217066765446,0.43048601763299366,1.2072841289704377,-0.1986290163820445
626,-26.88334757892784,0.10047409023469149,-0.8524508157876152,-1.0650477020269997,-0.4369483292145921,-0.4826165915673657,-0.8804652566853701
627,-7.31269803445152,0.1030161583684816,-0.08693058460662835,-0.5052064141296341,-0.9213612687470926,-0.23753030577074785,-0.3196503761535741
628,22.85073506905371,-0.49121056272091906,0.6391414153027287,-0.38475061801889715,-0.1982173031279098,0.5540270796806112,-0.4729945663436687
629,27.096268569066467,-0.3884532255359612,1.4180746322703472,-0.6701207053659018,-0.30304172601566337,-1.729613596429821,-1.2870227908981717
630,-43.62592343599133,-0.6397178193154026,-1.3263395217168443,-0.6844875325031866,0.901889129322175,-0.9398079215971035,1.3669316526421138
631,-19.144760807331267,-0.9029716939716429,-0.4059278754805343,-0.8072973649486714,0.22694555181251097,-1.0396342291496854,0.2023203967800653
632,-30.16894408087534,-0.9479328136141614,-0.5120231653307266,0.026282259537998086,1.4949865925649248,-0.8865473919429191,-0.499382012352156
633,50.9974659044269,1.3436964981632744,1.6200138674094302,0.8702777670777135,-1.0590924976309273,1.6239599564638112,-0.06934376767306162
634,-23.72374961630867,-0.03908488365849232,-1.115732261725699,-0.32760393471356714,0.9528432523104369,0.9094328762664353,0.8326983279229256
635,-38.09939685676542,-1.5251603900819117,-0.7497953471687251,1.1449326800884334,0.7211730572044738,0.9924874866029952,0.8574138362261592
636,32.88699236706078,0.5783776481593852,0.8051650990908413,-0.5284831235909425,1.4405023499041738,-0.22488890713854837,-1.3025717599701554
637,-9.857871975430765,1.4373415658808013,-0.6016967430554606,0.3022824319240076,1.1162071738467008,1.3490082701803217,-1.3503460287316944
638,44.16169559813191,0.29619724116518087,0.7750568379028753,-0.0223307710580131,1.6554322518443887,1.5643105864176223,-1.0080681959981366
639,-23.697786787370244,1.2607583771257522,0.4595947044170447,1.1023163318026221,-0.44698647924131774,-1.5564822097599393,1.559724158005541
640,-52.14104971054903,1.357434252079272,-1.485939392443597,-0.9110101991282397,0.8748826452481284,-1.677151934513964,-0.8297441313526975
641,11.606088595298202,1.1722722189509478,1.2763455217197184,0.8091108461615529,0.3664024605106998,-1.222016469020029,-1.0332857407989156
642,-24.693614873345528,-0.7101144831042213,-0.6627195755079849,0.21912847643789393,-1.0612502839213929,1.3827434357108241,-0.8913643052044078
643,55.69719264816684,0.25623832145261055,1.1563038722621275,-0.6761079693385739,-0.29488565750883605,1.6066059388701106,-0.18653338727859467
644,-7.357062779265651,0.8926935978316207,1.206040117172214,1.4780598702898189,0.26623238396796184,-1.7308571351860944,-0.9506794821783877
645,-42.030946190965025,0.5171756347128244,-1.2275956450506695,-0.6144981063799412,-0.8755880415538964,-0.07975725591428104,-0.8986653522923203
646,35.372210133956,0.8356405296997853,1.0781232198406927,-0.2321482758644647,1.0311484398943995,-0.34121000189295975,0.659924044088896
647,-43.44875537030062,1.5277546722862838,-1.347148033571554,-1.2120220743498507,-1.7509581867024868,-0.6060859125763594,-1.2944537536848362
648,-28.28609486268225,-1.2383946884964707,-0.5258166327107874,-0.34034224125301904,0.06424749499687024,-0.842313511642686,1.129784499106031
649,16.70328559160221,0.06590946601876123,0.34927673955349336,-0.35315831347462173,0.808855162290043,0.0757229623764854,1.2776000699730328
650,2.0438296373796834,0.03013517336624177,1.332671271526541,0.9719378457915853,-0.7489613756615097,-1.6703709818056043,0.7796020472688414
651,35.7878414597701,-0.6246527641739522,0.869414423416143,-1.4795419958737448,-1.0771618794731284,-0.2796040272811229,0.31080652244495865
652,-60.24521677759081,1.3087381981239565,-1.5053992596275947,1.1223562407978334,-0.7512832550960472,1.1854443736023696,1.7056272215340365
653,-65.09000239648864,1.4412568824627818,-1.5571562354478725,0.8878949249952117,1.1749394903545005,-0.15674371207807655,1.6470159700938605
654,-41.50737249388609,-0.14843157812827779,-0.4176366631946674,1.4976897713442014,1.2504703124443854,-0.363999278063024,1.5662408497519307
655,-56.98581173937846,-0.9366740441863917,-1.6145030877443096,-0.027804428889382664,0.2376950626750215,0.20435373045246621,1.432741477190507
656,47.03264188026833,0.6024326845696651,0.7597519521443755,-0.8142960396270396,-0.8208738476829873,1.527703672761073,-0.10176344271974942
657,-28.64617305836599,0.20789461325783423,-0.6859673458857241,1.0310545318513256,0.07116090803900396,1.3050456834384163,-1.51029795946101
658,35.17785721838255,-1.4176968305224174,0.9079058283715837,-0.0010004628430140621,-0.3161991859680462,1.08973628463077,1.7562384522790726
659,-9.798144810927594,1.5297427402670787,1.029279882489961,1.684672521558839,-1.0862427693028955,-1.1077132637375817,1.0705438157053107
660,-3.656668852763738,0.4982135169746817,-0.490138349729269,-0.9540793945735682,-0.8590871464460766,0.315377616229915,1.7463954669885275
661,37.3345187314364,-1.3992648747051915,1.6242126612754464,0.7026824957310772,-0.6959999597788262,0.4138397288752304,-0.09971599018213834
662,-74.44661425375786,0.48847949773610183,-1.2773053370720138,0.6594347391277197,0.46393362287024564,-1.5342814604684307,0.21001661367724417
663,5.218394375742565,0.7947600056938745,-0.12904820369067266,-1.3514614677865722,1.5631090937500909,-1.1473757309747339,0.1659315489760157
664,23.235473623637795,0.2770349629591787,0.3573413531809558,-0.902541622879282,0.09009496203521651,0.13191606341920314,0.12969978776650135
665,-31.215721842041617,1.1529447056184137,-1.7715049531898872,-1.6041660029059348,1.3460945095303147,0.004531897391824567,-0.09091362250221713
666,16.030019983563125,0.2188217582224171,-0.1701732516300017,-0.6541352161926698,0.9665883501931135,1.3501080568752903,-0.23162433119504758
667,23.11249720177298,0.2331475143214601,0.07173119340170517,-0.6552333941198559,0.17699613866512268,1.3376201496500182,0.013779546174122123
668,32.70989505479405,0.09877267711334321,0.9766653411519691,-1.4220470598244948,-0.18687336920917902,-1.4896782840477771,0.49263345599751884
669,-31.33274359951041,1.0709318805908037,-0.9732157374564178,0.1693203772045641,0.00019132823685869774,0.5309342079424506,-1.3202601787254846
670,-34.63572225788912,0.6178940578002085,-0.5498322030191156,0.24635353693615153,-1.0877120950686519,-0.3552251629682955,-1.0008688125682736
671,4.720196087272981,-1.432401213877114,0.510858107240395,1.6588135794899455,0.8752671140792996,1.722693171850196,-0.04441616556691404
672,-21.120682409880143,0.606712718678589,-1.431549517498739,-0.9240351509341842,-0.8621314266160107,1.5485742400535107,1.5162702780550685
673,6.026048741423815,-0.594498456894066,-0.2661626966875585,-0.5645361359825737,0.4149924821747082,1.0768445594593608,-0.7094225547897445
674,-35.91759483616757,-0.4669944963782036,-0.5428247434904621,0.9288040976264634,-0.6573770128844209,0.4211516870829269,-0.3316313194550706
675,4.5598717645312625,-0.9003580718586741,-0.16978838909110128,-0.7224741093400319,-1.1812599576002887,1.1058500029617877,-1.3980384832337402
676,-69.8770348458618,-1.221427232320985,-1.7780670487601056,-0.05322351083123704,-1.1198995163081393,0.2594497356569841,-0.8969498669498336
677,48.855002177999935,1.2694475688224216,1.6664295601375978,-0.4785528800588617,0.7118931693139778,-1.2454903664375707,-0.7624250158841906
678,35.79193595296397,-0.5763743356550153,1.0300581933710644,-0.3535826227928936,0.4648895637413071,0.265137004324664,0.6506821982943854
679,-50.681609380019005,1.6905803181071761,-1.2557999775819442,-0.6967173840490808,-1.2378264447697618,-1.4335822635458382,-0.6153533597632882
680,-66.59759050190563,-0.16707387194843887,-1.735459117339182,-1.2480072279250152,-1.118312745774078,-1.4583068440854132,-0.05936124821799133
681,-7.900843116609032,0.37176695624568845,0.411093042465452,-0.10693464878153591,-0.6070734616238113,-1.637806498920805,1.7233107128637921
682,49.94306843846871,-0.05829423896852453,1.549058002405897,-1.2690806109322799,-0.07510645247827788,-1.2385065896996361,0.4586285961364345
683,20.168243843251275,-1.2453284373490257,0.47808867606570643,-1.529138863791482,0.049745978568972005,-1.092917527640037,0.9310673602867269
684,14.466694871304092,-0.40629331704183386,-0.04536627930798613,-0.8395726966257128,1.353651132293644,0.5141779954429332,-0.8469780849841018
685,76.34142125714513,1.3454733606456744,1.158549698056257,-1.7183467198029274,1.319810807319617,0.29065994256013195,1.362042779880673
686,1.6988970209515661,-1.1794751490489912,0.5562475275806172,0.7189009875830864,0.9728366241797606,-0.02808596761190072,-0.12796266504096246
687,23.45441271848919,-0.910087350153437,1.261087040187004,0.1315279382417109,-0.6220359356653747,-0.34361680262059147,-1.0803837601480115
688,44.673176682444776,-0.6281020236431988,0.9356909463674763,-0.7962485951323638,-0.7219625635928283,1.0893505841509092,-1.679175831666494
689,-28.702288681084944,-0.994955996530347,0.34248325030180576,1.3714800507262925,1.5719223822099626,-1.2798067626553793,-1.165373534689289
690,-52.359048364199936,1.7038924691848596,-0.8164194216268584,1.618112897779744,-0.9169316155272301,0.5132670588564014,-1.0484372209308392
691,-3.0081201423461192,-0.7527656505988678,1.0602139898658156,1.2273080750315482,-1.4041594060232583,-0.638445854860506,0.7167900661745756
692,-69.22696086079355,-1.0782614446578678,-1.4506304902060274,1.4472670267609486,-0.03581551199770402,0.7903861002556932,1.1724156107534607
693,-38.43526735092519,1.5560809674817593,-1.6422982925327576,-1.3347455616538675,1.1483889048140252,-0.600703119252116,1.6786050818287737
694,37.56552994032005,0.676510255912115,1.2442578347448376,-1.0774352845294326,-1.730051544162626,-0.8244636117771391,-0.850885587172837
695,-11.217464358677594,-0.9697268014553849,-1.3028253868874669,-1.3766958800118985,-0.560442315935243,1.6217765288035295,0.22815173820934614
696,2.580284126858962,-0.33470487243180475,1.5823029164091378,1.7264022195447435,-0.4430104743372732,-1.2367559647420074,0.0961110725583439
697,-21.16186564453032,1.2350217984671314,-1.0141246991058457,-1.1385970622554538,-0.8113598454300752,-0.2553037399094126,1.366846507089778
698,-7.399755941463209,-0.9349746074992364,-0.724255384938503,-0.6099964707613168,-0.195512954882733,1.3150362630780403,0.11911455958279778
699,12.73993979619228,-1.5750395041918983,1.0118524806696425,1.4097979821664648,-0.6842792858920239,1.0187304189007491,1.1448947311156452
700,12.278073716299808,1.6673250360651084,-0.6795346089464648,-1.0596029108012732,0.24328400742757453,1.646383093191549,-0.20841779717917952
701,17.341619247033957,-0.23602161595507384,0.3108077224512419,0.565736351794267,0.8350894744791136,1.56087163427204,1.6071726402796087
702,11.489192291971156,-0.492988672166415,0.14024959751635638,-1.0964164610501297,-1.3053608478545755,0.12563852355007182,1.1629535629863739
703,3.1404874721153324,0.9108825824341071,-0.5758310511310671,-0.9674074869954075,1.0502642534709992,0.7154111873729146,-0.7791426881840754
704,-26.97785729322937,0.7671157963301213,-0.1523832739921025,0.8446547700252277,1.128894055618202,-0.9006912930517008,-0.24835868673274772
705,45.76061139780822,1.3179191975611486,0.8001220338123688,-1.4803608794735732,0.23353278446581074,0.016943866650306526,-0.3137971654391935
706,-32.29900372347253,-0.47584252801867977,-0.006347314744702773,1.6426954206591622,-1.7611199701006888,0.28165686200265927,1.1837242061155357
707,-1.9515854950268454,1.1063858848787955,0.019737679176050796,0.05946193098799113,-0.7017012923977852,0.32782120346532295,0.6191161957477559
708,-47.05229370344455,0.3920983494190015,-0.8722936827332677,0.19651872908327817,-1.1500862008195802,-0.9631154447689589,1.2709637697245066
709,-2.7812088934840786,-0.3681792308420567,0.2855150950632825,0.7367384841033479,-0.020145418834123095,0.4993941132798206,0.28199955082762856
710,-0.07828683298975699,-1.5340069240296346,0.03718090904603269,-1.5787184608685483,-1.4971540404396093,-1.1833964664054732,1.6883775151907414
711,-21.34406009087566,-0.7468983855653363,-1.5001013990242416,-1.550870464733775,-0.04873916141661224,0.6753450445276099,1.6825159072646323
712,-25.560723716060373,0.9094285879795087,-1.1298106638783525,-0.25750485624868236,-0.8401831135366102,1.214764448544047,1.0860106208681408
713,5.540661120318671,0.3774148667865984,1.3127998554080436,0.9353796455368101,-1.3738620412151639,-1.0521191756911807,-0.6260683231876333
714,-17.90421475314319,-0.5224215893115848,0.35177480560979374,0.5034810676118595,0.5910803198015698,-1.5553370053352433,0.3840864585670241
715,53.9860344698095,0.9561546639797498,1.4660295277338733,-0.522754158250546,0.5416173319907202,-0.14693424499417268,1.2822598665943408
716,-74.76826855495624,1.2312405156180957,-1.407794719667896,1.1911872273369668,-0.6818930422622311,-0.5680096722212754,-1.0373226950043153
717,32.28042372655229,-1.6194825121115812,1.4082857666386508,-0.7042651800344113,0.20298696051757015,-1.2000911282236935,-0.9827234814669826
718,-2.9139141988134156,-1.275399839966559,0.3771911504729666,-0.34722650678048766,0.2814264095134224,-1.3103527222397844,1.5166865562395577
719,-44.68167565441642,1.1547487129858256,-0.3800492398397745,1.6630186189759493,-1.3144461945702641,0.31702012236999827,-1.6900631028038788
720,-17.513069578489805,1.3005380431045925,0.4645342426907147,1.5530661136213888,1.5107733221086947,-0.9676044849971044,1.1933398708334118
721,-7.627992966359952,-0.3285037286374833,-0.30144864074067285,-0.8503507813717999,1.5320695187964806,-1.0255485250395122,1.1656509823938546
722,11.265040478507833,1.2293447194831564,0.3538162695762426,-0.24552444102634585,-1.5254422418861824,0.3159455925206689,0.577809762289107
723,0.437331819026733,-1.6769862967527935,0.6115969281306334,0.9887014265236909,0.4975793691775574,0.12348345158850939,1.6200712895632452
724,-66.53891145956248,0.3843256856111118,-1.4021633681407422,1.3259090755950316,-0.6347927597932626,0.9056671168621009,0.1036444725004851
725,-32.55518249723418,0.38004859782960326,-0.42084066145888444,0.045908930422406354,-1.2636549175702139,-0.7931508421408205,0.4186215462400849
726,19.90994252260208,-1.1574667730110888,0.5643153303774585,0.6798561449002225,1.5734495539766948,1.408111503804166,-0.20228849202066196
727,-16.123864569140597,1.7062274641465383,0.38620631568015895,1.6196603373471985,1.5509555761440221,-0.4972206346115085,-0.46058348969210683
728,59.771223466747564,-0.2836111443213317,1.3144706503019232,-1.283299465369358,1.3024184468839806,0.32260461452931133,0.9490788430500476
729,6.4331055037319596,0.14298399671267534,-0.02976992515504108,-0.2956552420983115,-1.1350858936015915,1.123479549296634,0.1379115496285086
730,-62.70179458497785,-0.3433907360823044,-1.3574888678688402,-0.41607637807338155,0.013581340409906347,-1.7088076549995252,-0.5075203921558722
731,-21.669456316849228,0.7989589243966201,-0.45072863003210956,1.6344197991535685,1.2975403987898388,1.4410766214562298,1.2122935910549204
732,-45.10950823396727,0.09748452870132716,-0.3937781999229819,1.1455657214765513,-0.9723219982965954,-0.2676617057692955,-0.7215266318664347
733,49.26644354819559,0.7736086326537192,1.2941490353889282,-0.2328039706258237,-1.3279282086670807,1.0135883771379244,1.4560024140004018
734,30.94176277501647,-1.0546998830419085,1.5667111238173612,0.1084643140735997,1.0386364793294547,-1.3141624465006707,0.4198587074484455
735,-26.616769720610545,-0.7131939128753133,-0.26993718234862935,0.10346197119260087,1.4228979912272413,-1.1440776190323052,-0.07947393984308937
736,23.305523505270514,0.3588995321622614,1.2320351678393417,1.6716884346855834,-0.819437420903741,1.4348965349457405,-0.02085006899713575
737,-76.90358482533965,0.6941007913812549,-0.9651507182898403,1.5349055742656887,0.26966213182764726,-1.4552715675451613,0.2501728959338462
738,32.372158132405865,-0.43573174790186897,0.8654041341855575,-1.5284269853696455,0.07032990648670866,-1.2104335733884501,0.009113446773112323
739,-49.69004757440021,-1.1881486948557451,-0.40045574594891986,1.2083117326014963,-0.5493831194523789,-0.6302582291585668,-0.7449133890746422
740,74.8058408771011,0.7725713391861095,1.4700354081899871,-0.9605550810272185,0.15683035254249486,1.3026418054888869,-1.2678155823476513
741,6.891634758376512,-1.6931362213388546,0.8112247895477323,0.1315807182743441,-1.0525069651775283,-0.44925557882883294,0.9850309089113229
742,50.0162461298831,0.11406324939484623,1.6754108165374748,0.33568695158076517,0.4516959048912641,0.7877721602904488,-0.8149085164718729
743,45.4601101289634,0.9689751160420467,0.997033929628976,-0.48708044070479806,-1.7445197084539583,1.6518585433954405,-1.352825028452313
744,-21.472879076365288,-1.6741127824222402,-0.36670217060602917,-0.450571854986187,-0.7526818388364108,-0.275480275852444,-0.024893632451605467
745,-43.74054653749099,0.075289756307799,-1.0505829104331357,0.005028506937409956,0.9320872276236746,-0.7095765262044421,-0.0011212517763475457
746,48.31045826288944,-1.2362611027933648,0.828258181763543,-1.2240792884538783,-0.7468730882013593,0.9870651755760589,0.0718132635418056
747,-43.342716187314174,-1.2872618731017145,-0.14810500107496388,0.9203056367374117,-0.001262098652126623,-1.4062092167868443,-0.9115818153228868
748,-71.60764894304063,0.02704951930910015,-1.6040846984460408,1.5179185609762371,1.5942110579393962,0.28653920740175964,0.028212257762983285
749,44.10660427903618,-0.881502933884672,0.9044511569568866,-0.9581049423586194,-0.9185398030016896,0.961747296494389,-0.24692719679759767
750,41.19641005314087,-1.562510699897822,1.5869253891873543,-1.2971717922338406,-1.6448706373061757,-1.5071489379665086,-1.6583366437996458
751,-31.96251444881049,-0.06098272641276772,-0.5907567172303891,0.4368673014383396,-0.915634255415884,0.3190997094942045,1.359292385190207
752,3.0250882985649286,-1.648597081832846,0.21431473232561607,-0.3425946746128573,-1.3350895414359785,0.3289431290441705,0.8621340706243619
753,-47.432422909168515,0.12740139854169144,-1.687036691811168,-0.10494512226628186,-0.5023771160321189,0.8981730476499408,0.9313240076078
754,-51.31673233735676,-1.367221683150056,-0.9454945617094571,-0.1186231619700847,1.3477858838686463,-1.6044277684522406,-0.07098110315226622
755,-42.83120573070416,-0.807017402215711,-0.8703957237952126,-0.5962963412804541,0.2807466504277532,-1.1316183080196462,1.0171227010771644
756,-29.279262482777998,-1.1166277298129543,-0.6114211713208219,0.15401982905075676,-0.317074166619576,0.1981277620061254,0.2767217717248325
757,-29.997190210503977,0.7515044487921,-1.4203504850786413,-0.512224875489802,1.0043039291667673,0.9203597581425845,-0.2224808621119849
758,48.00462396562594,-0.9099128432594258,1.6138421135754442,1.3429620100426432,1.6120567810066797,1.6621350612298869,1.6625041541629149
759,35.70868813037564,-0.579781882511893,1.587831508834491,-0.4510392259637807,0.580894714302303,-1.664357288507086,-0.07126202416942942
760,-10.439980314017982,0.3828352436100599,-0.7145348646020525,0.47328964789456607,1.3897923249783959,1.707275756614134,1.2327330426105805
761,-28.96451408010334,0.22427925801801607,0.2967913954524012,1.6261445444768248,1.3254607111054122,-1.2955315525957474,-1.1685118017298535
762,-56.7708739164615,-1.047159540858231,-1.3747276254564884,0.9938690004251778,0.6067427987223929,1.2605260588259355,-0.08651933392439981
763,-6.01451635619595,1.216940120265307,0.7109134109547989,0.9279234885032578,0.03478706968747452,-1.1854341674068207,1.3008406958694725
764,-72.11628757351964,-1.6849864765116827,-1.682872785759107,-0.694874111567083,-0.7939283017333004,-1.605608828412851,-0.09739795823139433
765,-24.249125152265446,0.1537673543776417,0.5593255928601938,1.3743660394836872,-1.2395607179589034,-1.0052013632562107,-0.16096675366092908
766,4.379671227676734,1.2502335267732678,0.6990090219355249,1.37479852609528,0.16342523093445957,0.3981017118180117,0.9605329233164046
767,15.4546265384586,1.3284465973789048,0.8183440523380494,0.013422341479543888,1.029663512489992,-1.3219604144679826,1.7799421370192265
768,33.70422215053121,-0.5505572247072429,1.1645140484814118,-0.2558569167746988,0.6124234119668513,-0.07844128238937746,-0.9047437149336749
769,66.80262702233607,-0.504339468334596,1.244179446635649,-0.8522169416395158,1.5327607977993223,1.2362130103404,1.0455444373723657
770,8.799120768811953,1.4693443535547221,0.6010565291982756,0.1924765855508766,1.4008470373868755,-0.8479881443671576,0.2161857747793033
771,-26.426952167276816,-1.5763051305324345,-0.13220809165833794,1.5759004406661046,0.7028719203841064,0.983379643570863,0.2830053338251099
772,-56.78249692468047,0.5437512463443773,-1.6875957458030288,-1.5288533432977132,-1.4438589678675906,-1.2976845099448842,0.1715908681825676
773,-5.035223835021061,1.245250756628381,-0.07810693312676836,0.6473968245201375,0.032832201637793275,1.021135154987238,-0.5818188585984972
774,5.697104053792937,1.4113552521157209,-0.5344520889085942,-0.2216220418616883,1.0663223103240456,1.5536865959825734,0.907423014911229
775,6.393572455775409,1.1471095643811902,0.79240363280051,-0.07557712209118873,-1.6799839852344989,-1.0752465466435928,1.1253735617912044
776,-37.82535317441566,1.221618034260959,-1.3083288777142277,-0.7367347628346985,0.6645824107614037,-0.38465397020197284,-1.327131842470274
777,64.10464724632928,-0.6186729969795993,1.3506599851002423,-0.3083479918720922,0.7592466894188992,1.7155317203029639,1.11534252547998
778,-47.37035819051042,-1.6411728609732628,-0.930399370819506,0.947024495354636,1.463091167662224,-0.21869426437914344,1.384782071142174
779,47.40810531747199,-1.0608793870010385,0.9623369841078285,-1.189132996879696,1.3566719627966617,-0.2050118801333048,0.5330686052267399
780,-84.36052692144935,1.3406400887359475,-1.686807665669466,1.1287877609058714,-0.1673093265041523,-0.21637046975917856,1.0202159704476612
781,30.786535991072643,1.5691524627365938,1.2423665736932266,-0.364159921653726,-1.1900662833218696,-0.48493373337119705,0.6112327115290586
782,-17.41409957412091,0.9768515115485092,0.7738389053048529,1.6554371522346685,-0.520023402087103,-0.9554134421187329,-0.33478265994951184
783,9.56225392039442,0.08196366924486778,-0.7743960314071574,-1.5511472355030536,0.10984896602534452,1.3888990788791877,0.13337374122543297
784,-26.5817355402057,-1.044057224969429,0.11625582535324488,1.0799050886193828,0.05298347563285456,-0.285411120580998,-1.2889552881440527
785,1.486245090473816,1.0075079085875949,-0.5725497612104231,-0.20108686102769086,1.3079951329678123,1.4797642008017777,-0.45629761385601453
786,-15.307679427529754,1.4809209295097119,0.5693333354244325,1.0461021020097183,-0.8121012558366728,-1.0282572609046907,-1.366120107718577
787,-16.93869844230553,1.0961788124690355,-0.4568812901876721,1.0939049539469738,1.3299750272630093,1.1789474511422524,0.00706302653308429
788,-26.714423223823367,-0.27976914189406327,-0.4872668196914647,0.2178685369072344,-1.1701174066260371,-0.13221655741570731,1.7707013009328372
789,-42.36093499087263,-0.17366489989517184,-0.9473887516377031,-0.6863010863586307,-1.6966005541827853,-1.095747900880932,1.7134681532769722
790,1.0857955723163868,-1.3503949754682745,0.1150075866469484,-0.7242551472101525,0.22129043216256394,-0.5322186691188402,0.052908957182265244
791,19.167189565035603,-0.4975467496085481,0.2050465572442024,-0.38734594347644064,-1.1174562322839636,1.6392434834416063,0.6075635103840525
792,53.70150172989037,-0.3016513159255997,1.070128290683532,-1.3937090711100004,0.6800115361535188,-0.10054787614001652,0.885515003647779
793,14.200006225782266,-1.1161506449087386,0.5948929717537785,0.2762727435788285,1.4172501221228053,0.3895281664703805,-1.5867231138864133
794,27.814790854609743,0.2860113379663379,0.3609917998946043,-0.47015783719937804,-0.5765164136207455,1.441896112551011,-0.819616779252558
795,38.32883533144355,-0.19814973315848058,1.530727617897226,-0.7906648225458129,0.1640482533911256,-1.6300604500988416,0.5763970021227507
796,33.13474505442177,0.8712698825102965,0.3532310798875477,-0.18346835936693898,0.4571075903534901,1.6803095304608513,-1.5671652277108055
797,-44.23117278546131,0.9980199639265737,-0.0913930588608334,1.0555628705157813,-0.8039041179786045,-1.4368802851605695,-0.6401152673390107
798,30.749722337403572,0.8550428749686448,0.10888954981138516,-0.6572420113812145,0.7337308291637107,1.436186534428439,0.38225268611615154
799,37.54910244942429,-0.5586492376261044,1.2445294677465026,-0.9527055230405623,0.3407959096003214,-1.1328336847675868,1.3066988575236558
800,-34.022310606449494,-1.0558868146502087,-0.39808225708400913,-0.3370818934869673,-0.6210067134728758,-1.1214114601744665,-1.4547755007076635
801,-68.29536333069963,0.8699799507024274,-1.520431985767538,-0.25939985323241765,-0.25932644469978394,-1.4624274738713852,-1.183974845223325
802,-11.069722074863407,0.8576442852270557,0.732475491050813,1.7381784190601102,-0.8541909648992714,-0.08043667214609966,-0.1974682786908219
803,4.2057101969823085,-1.0635314717295554,0.32049206916500633,-0.18602598622037506,-0.8351237868288754,0.2311996019087068,-0.534489345361557
804,3.9975145453374727,0.7273082164378255,0.3925257024827861,-0.34177685058243035,1.0466341573895226,-1.0774037982269586,-1.1866979022282598
805,70.61562442333785,0.9942846483171395,1.5654170137063472,-1.5250661309846536,-0.4544961196132194,0.06940644016405091,1.2969280314400093
806,6.605503264184233,-0.5600235180634425,-0.029130383602601617,-0.13628344762576092,0.7146362433758451,0.933839473283627,-0.38955715837053717
807,6.1961581487793485,-1.2764502298853269,0.5052114135684896,-0.0788621782428231,-0.674361807934725,0.04911131339366596,-0.9956241595067906
808,-32.27760594080117,-0.16959368924544668,-0.7604880364313947,0.5570335411404911,-0.7328743678104962,0.9307673558133571,-0.0981075268162007
809,-14.30926383867641,-1.1412862916814588,0.9719683675125683,0.8559041807634034,-1.207976815046945,-1.6795494798925599,-0.6186131185086544
810,-42.45926437891549,0.7357425833670059,-1.5427913310772912,0.5981897936951557,1.3171289991157895,1.4941090581637122,-0.7771357106864157
811,6.356148499598658,-0.15801524021675672,-0.141499428645681,-1.3189763533984271,1.313560131911763,-0.5167280494360659,-1.63263650969281
812,16.00472303947396,-0.8484512699328023,-0.024374813053377235,-1.2379629319622012,-1.3345388782881455,1.0534616410487152,-1.0409061281328444
813,14.290521817214431,1.4495832791215528,-0.44561589182670097,-1.2217730131940638,0.5685302501252406,0.8972577126473031,-0.19621427768913344
814,-75.34848582211521,-1.5430280437284118,-0.793661524877573,1.5590776754226723,1.427143934823882,-1.2399421108761461,0.0738385240347365
815,16.226003742982822,-0.8812510883226913,0.046596710798799484,-1.644737296583966,0.7316114138767146,-0.3691049313579899,-0.8941383557595237
816,-65.9115581896787,0.7384610436667619,-1.4720846956622224,0.2906989790975872,-0.636443735977729,-0.6348790786493983,-1.3226644767609308
817,-40.01153456241499,1.3961974695425388,-1.5933337542329855,-1.197140961196842,-1.0737761028007748,-0.24584700006074553,1.452307542483615
818,55.65065692586839,1.567927564841434,1.2363384028398592,-1.009197120341072,-0.4490869805753713,0.3666359747693692,0.45293003561000666
819,40.91076494990961,1.0296433789743262,0.6679940174669217,-1.4425012207108403,-0.9989763435552502,0.33930986976292427,0.395916861882116
820,32.174983811103615,1.2811640082080387,1.1863126667027415,-0.9181855394150387,-1.34221348752724,-1.1605572932113808,0.5998014630234673
821,56.876626559179854,-1.5082885202586978,1.6113548682138128,-0.728787522548974,1.3128907521509927,-0.05484779043083076,-1.5295798840536723
822,3.7143916194176514,-0.000829489717358131,-0.28059141490019684,0.17511257323384483,1.634875422285373,1.5345490472136263,-1.4403450029271923
823,35.51870485079398,1.073366220244121,0.32168682528961084,-1.3558133728298616,-1.4997079481043072,1.1912425690876827,-1.4222953550803545
824,3.716434812973175,1.5354389496923966,0.4542277940084319,0.9841888321235472,0.10009999634110756,0.6599397747118758,-0.3992523718739837
825,55.80681715452668,1.1700674601446248,1.5540564196706521,-0.10954560034752509,-1.1417378376602065,0.8918107400140758,1.0478255079943448
826,5.746687915648732,0.7114613563475656,0.18188957795644808,0.38900426655164105,1.5538679146367858,0.4516302685224669,-0.47411946725308796
827,-54.97641146686718,1.5182305595293528,-0.48855434487176336,1.4419256544423784,0.6066904546771283,-1.7327811609397503,1.0315628498744758
828,-53.669332379212385,-0.7219768437379417,-1.5855411773169925,-1.5623375402909871,-1.6412017427963441,-1.4158791807531574,1.6414842496391429
829,-20.08767619513007,-0.4515901521237094,0.5913072340700269,1.6896410786658203,-1.4516136486418596,-0.27042254648994557,0.7842336269701393
830,-2.536573225078052,-0.17520957452696762,0.3804222222771002,0.1810311401709523,-0.6304714717685608,-0.281298675065949,-0.30831592444475786
831,63.29429216029634,1.0647170361906428,0.9864007727012615,-0.8991904274143875,1.4438995828765993,1.6631567933985265,0.055315621713897034
832,-54.389139156477505,1.0201352366390408,-0.14804938402120435,1.1747049564600458,-0.8427824405051866,-1.4906830051350388,0.7925514058243421
833,42.4967168175375,1.1825229983547787,1.3025479863389837,-1.4445979965989915,-0.6246179450990851,-1.448188272651059,-1.184140746661141
834,29.73496975220997,1.6426327559305873,0.2783034514428861,-0.8675461707124438,0.7793334305529097,0.7924406826663876,-0.7245711595017533
835,39.074503833176735,-0.7029923632143745,1.6120092711722773,0.4558946989404032,-1.490752771806396,0.43724319540737183,1.3259551966883638
836,11.159852204014822,-1.4966054247581253,0.7740863421429975,-0.24834045160587118,0.014324102739839285,-0.6462891967382782,-1.3720145932526604
837,-54.10677393468078,0.9720119492630442,-0.8474973231178704,1.5861325987820536,-1.014330428950485,0.16134023921982818,-0.5280396395150478
838,44.9617104104911,0.36275684068153385,1.542864191316582,0.6413649251498995,1.313736776011594,0.6751669610616059,0.02047529758825832
839,-22.46987506560902,0.48481084969196436,-0.6828087429074486,-1.0845168501367817,-0.46902363243906914,-1.094219703268093,0.4990412438714181
840,-37.810323946824425,-0.9058298157259216,-1.2174911424045216,-1.2359613923833095,-1.2216093831943744,-0.14502878152182147,0.1464220734503023
841,73.90964867945658,-1.3252160501235364,1.3060014597656915,-1.33114716875081,0.807243073499772,1.327044187638625,-0.3120311937609111
842,44.55459745153523,1.5687403120586574,1.020332365036069,-1.701089906049574,-1.1630074129263002,-1.1280156430551314,0.5716702089179628
843,21.939792060638016,1.335276524486762,0.5167908464806978,-1.5472460767683254,-1.636659954388235,-0.7323423595631637,-0.6640754665017717
844,40.57836624207952,-0.2865902411619185,0.6534956044998594,-0.4758519452294587,0.2265424208767167,1.5856179133051258,0.4559876253746198
845,-29.28564241800889,-0.10365381942735027,-0.31829394475151007,1.6227305827216276,0.8933959948395034,0.754580302666612,1.0285895213072926
846,19.301552971772974,1.4809044224432912,1.2193831398048767,0.031061552339033783,-1.6808904983890225,-0.9457937341552881,-0.10595715298166615
847,16.113669681727764,-1.0568735858508747,0.7861407657107381,-0.06495492781201503,1.2052165225780094,-0.6920462312636745,0.7688427522464634
848,31.640139389924254,0.5008640197528791,0.16001042343663843,-0.8374000310734149,0.6533690802741308,1.3436373548858371,0.18487806655632535
849,21.644844225793243,-1.4344127352676026,0.16225945516748785,-0.5166762274342425,0.37045871087627247,1.348885106332483,-0.4846220740988023
850,4.4229425927407515,0.35118224315197283,0.6769241131673764,1.4041315576373328,1.3415333695182192,0.19225045938251079,1.6824327575371423
851,45.118412138101995,-0.23247871596264286,0.21112486738458464,-1.615681455451684,1.2192696966545893,1.1571089646704298,1.5674770371188176
852,-58.74319471469692,0.48376569692304094,-1.1581397514311031,-0.17741622442941393,-1.6861417725795151,-0.6504389025426573,-1.0809532140990377
853,-22.45887212436235,0.793612535330005,-0.037359299839961904,0.3009247015450048,0.33913863890221646,-1.2992964214138936,0.5581833564816845
854,-18.709646117574216,0.46534974617988634,-0.24944726948091908,-0.399630253554051,-0.6575915411465977,-0.8977886898938575,0.19768665633327248
855,55.35044364300772,-0.14738731805740152,0.8932816075113214,-1.1651292168932916,1.0732918515047105,0.7528141728902296,-0.5462342062614889
856,-34.32953250991499,0.47519914600586516,-0.8286289681937795,0.006873789240133726,-0.26684508919228045,-0.10938557249416264,0.3129353176332026
857,-43.37278273745247,1.3640861145446936,-1.6693290128535292,-1.42439533591175,-0.4165193677803668,-0.5475999217331408,0.6418226807652038
858,-33.80941772092032,0.5453920357822543,-1.26513678045695,-0.7808326447310746,1.6020128302895886,-0.6018936181323874,-1.2309227208962465
859,13.51665085707762,-0.3771805060427076,1.140082836048712,0.780136530397599,-1.4776857606634173,0.10123284450775842,-0.7446301819371701
860,-20.335653129298457,-0.1157694108916782,0.2825499649951601,1.283111977853681,-0.34599009260871955,-0.1256387176622889,-0.26959696845887166
861,-13.492717139916875,-0.09692402281342662,0.16226727412448821,0.2651610885532902,-1.378958771314173,-0.6141709426763673,1.6010469959281424
862,53.94234154011399,-0.6833564017393204,1.3505018768939028,-0.1525721092505585,0.3711625173050474,1.5322902185731344,-1.4058275716660482
863,-40.66556348914693,0.5159575749259417,-1.2048531839733152,0.23974423810112622,0.05423412448436715,0.357900648455244,1.0763045460338991
864,-59.54333678121844,-1.019327933899959,-0.6836342610682007,0.7162126469347937,-1.6229616511995035,-0.8781017352157092,-0.18084572080483902
865,-12.55537470905252,1.514140060100781,-0.3494744674256711,0.3386470278144872,-0.9083730611053858,0.8766053223462683,-0.3662274802440776
866,-47.99555302547075,1.3899311236687104,0.17991822488975429,1.5794704660161327,-1.4540896576364242,-1.5093230400834279,-0.902253777347488
867,28.268965925046295,0.10123288831323435,0.6480588236005368,-0.4615015118817454,0.3820567879186378,0.43835896876201585,0.4258179552666178
868,-70.49518231611114,1.0279266249640047,-1.7498514415952617,1.4475937849192362,-1.7561964106560823,1.302283478972833,0.5007704422153807
869,7.862190856152149,1.2900713914436892,0.23195383752446092,-0.7749417634683345,0.17130170384517515,-0.9077771072933213,1.3626868427978738
870,16.821854069498514,-0.8529559998574568,0.0738440848670345,-1.0867268568752442,0.22442861748757773,0.6378178873956737,-1.3362775131438362
871,-46.62528867516102,0.19144068007660137,-0.5129006854745334,0.5378745683086364,-0.6086304828441026,-1.3712853087148398,0.37109154560436686
872,8.821217376725297,0.42362381850778014,1.6278410462654975,1.7313297126130578,-0.253337602247556,-0.9954582298951032,0.017024458322668745
873,-8.01004962508296,1.1468938307329803,-0.9409580120246056,-1.1688226994748852,-0.6163873119755048,0.9873420851923537,-0.8199672283668215
874,-11.489971827080657,1.6375947729070357,-0.6699424249565393,-0.6889575383971992,-0.42749398928634397,0.38941615944305263,-1.1940892280835185
875,15.33524478116201,-0.7831705659447542,1.1479011512211876,0.16799051204968174,-0.6236875676843106,-0.9161701068262128,-0.6169610017487711
876,-66.72130403488751,0.38932104599198614,-0.9634951293906575,1.7297622698207533,-1.6604375786483718,0.27945586044303083,1.5979116185734228
877,18.105554113432472,1.3249879412524557,0.6467811133897041,0.8353945380346239,0.3694593238406093,0.9453591236750541,0.28052182402201226
878,19.166286035739205,-1.0573517472479028,-0.26140023852883626,-1.5068471312755705,0.6798963790208066,0.9108906283924105,-0.822383165080522
879,35.90813732616463,1.2566388809829945,0.17661207563386028,-1.5797665524185707,0.8815189391163647,0.5176278012353502,-0.8219852240584757
880,10.14445036027684,-1.5184692925712673,1.3747111580701648,1.1032828916876685,1.61222907751109,-1.2994185912327147,-0.11383490147753111
881,-38.39007252248719,1.0569627680141944,-1.5611646494911366,-1.2373401401806534,1.0363357458655076,-0.42981742888326085,-0.7206396645216394
882,-88.87255193460632,-1.6931350571156398,-1.7653793438492889,1.708184938217205,0.829779200176427,0.1756606017458002,0.224693679754193
883,31.303757712161563,1.2138671681981752,0.9922571830510207,-0.18228932622682542,1.122336945121385,-0.208059906708183,-0.7189987587667495
884,-41.44638125433236,-1.6332322050144392,-0.4376167631373841,1.5846508818603235,0.5618217838701991,-0.15176347950823008,1.069252174010129
885,-33.0422907779071,-0.09759750658882428,-1.1803871718487278,-0.468707448200678,0.28298256809783595,0.5194853892309336,-1.08500852698528
886,23.011345704231022,-0.43420916307052376,0.9774933601643876,0.0029584159298335793,-0.3261074586401959,-0.25632989500807773,1.217444741269961
887,-14.255956180163906,0.19923406930215115,0.48621852023307455,1.5597821796717468,-0.7390955964063156,0.3525630216514216,-0.9910283905378815
888,-31.499168819981442,-0.9582479005906592,-0.8275583320519938,-0.1935972885237215,0.37891952605451135,0.18050735494842116,-1.5382813848026065
889,15.966865177572728,-1.4911055012840282,1.1691746759946102,0.7491591440749604,-0.3951298192401667,0.15099861032540499,-1.1302857675337115
890,-81.61476862300367,-0.265721856913371,-1.510243308077515,0.9290578797224789,-0.8660756074162597,-0.7923494632609439,-1.3668523146926674
891,-60.00791514939499,-0.4153249614879545,-0.9512852224239838,1.4300377144617136,-0.43224123064990777,0.2713290018058505,-1.5346871464720762
892,33.91084072069116,1.6319554206741007,1.0120294354214305,0.1714487605710305,-0.11144502483123184,0.5841936053393717,0.5401482336460998
893,2.13555276644216,-1.6768492286115135,0.03099228135268583,-0.8598124293873616,0.5986145890312218,-0.3914317265522823,-0.4166343250984295
894,-25.051212334649968,1.6120256904887376,-0.2726837289637361,0.9032442323542733,-1.4313083213868933,0.7480723837787494,-0.6884395371326681
895,46.172524075638215,-0.681213040093768,1.0523091421449373,-0.012182489819097066,-0.013446985517730659,1.5488217217438296,-0.02858682616111288
896,-17.210967461146506,0.9074211635131394,-0.4077171037567341,0.6053477398124798,-0.3914030446607048,0.850074369810348,-0.201637345686427
897,-11.568279035148487,1.0214700013068165,-0.06597169346558013,0.4904556613091166,-1.6191752723913206,0.5220806769263362,1.4676918801981902
898,-11.132291110315265,0.3078914479212219,-0.019398448778951492,0.222806364536252,-0.13149428044025666,-0.12038544121201328,0.11528462235416996
899,-66.4759356662432,0.7093058075324089,-1.6678356861706185,0.4319763643287019,-0.07952622435399595,0.07914054408059518,-0.014480900707557696
900,18.876672881626373,-1.5382564140271122,-0.10605662470719986,-0.7354008580067718,1.2182580393982823,1.131852379077865,1.5004833119439456
901,4.478960331538232,1.5235256079885615,0.29092451630982435,0.12005968159272018,-1.3421728156743258,0.6201533959297365,-1.3459215303582759
902,-34.02115521324935,-1.5474370639710269,0.12579144787218638,1.3385466022057448,-1.1972106140834051,-0.5577475632794555,0.5349141889355926
903,13.353135257021076,-0.8651075016587892,0.6581130563713431,-0.909853884787592,0.3215873074643745,-1.4159472277496432,0.33605366133530723
904,46.22540444441163,0.17770126902855576,1.4747521824489884,0.2817231934588964,-1.0886804981327292,0.9719223296937177,1.2129153407854134
905,-39.065560014288394,0.7301317833472474,-1.6191801610754177,-1.3159788204354181,1.6574117735077343,-0.633857968910031,-0.592161105869371
906,-27.279373445595592,1.2382706117537023,-0.2003924803405074,1.4488149869188407,1.169011162380689,0.039335187556623394,0.6386342903469647
907,-44.842905888117514,1.3931081291932144,-1.744308656285954,-0.8192870447031928,-0.17041108284128292,-0.04316604092704051,1.4605584116994204
908,-54.204543329045606,-0.6827980841497273,-0.4578492236380344,1.3368832359321907,-1.0684040057679398,-0.8080812738005249,-0.6486939290044872
909,0.17974954889868497,-1.4266146499778483,-0.560502703282075,-1.5656432548126387,1.1756685923498447,-0.2777290042947246,1.5814356463827675
910,1.3635771491751831,0.369710011906453,0.20030629915788373,-1.1466616019429534,0.1718646277287812,-1.6305534811622675,0.04971811485627223
911,63.19029806168737,1.0979555499108782,1.6210209409318612,-0.8211524323066056,-1.3374160029681519,0.503796876313424,1.3985435963784179
912,-39.31704361760382,1.0092927835875123,-0.9244728299821264,1.1908756041998398,1.355037428864416,0.5817054138396933,-0.2945642743185963
913,74.12619979052691,0.5261762854454257,1.6745419236625363,-0.09106365258289063,1.268737740980137,1.5126056665469494,-0.5986473320280936
914,30.70803311688407,-0.9160820854114444,1.1588039853410357,0.14347003385922721,1.2872930075246116,-0.3716135192363147,0.10303539470963696
915,-57.45117600837708,-1.5734472653024711,-1.6344505900774855,-1.349010568616649,0.054340696915993844,-1.5177821771911104,0.9828353576520003
916,58.40503942933371,0.5918375024190575,1.3144997353010026,-1.1853830038927917,0.3308224448223874,-0.22566376357535914,0.16632250672507243
917,-89.55479841858023,-0.8375947765715147,-1.4228888518429537,0.6030697276216065,-1.2688484015481871,-1.6239816776757,0.9849211698790699
918,-20.90981548364926,1.0293985558894558,-1.0496520645448002,-1.2843569905979129,-0.7249702419233668,0.11604698566015588,-0.7191833197747565
919,23.773008480073425,0.16075171379922595,0.739472039987968,-0.5468108502833479,0.7146661991245585,-0.571070078866971,0.9115057634642061
920,58.150459428432995,0.14823543762445496,1.178723110112282,-1.0515295222244296,-1.2831058973467384,0.968024501420373,1.0345387563573056
921,-40.50292906773347,-1.5857077020398023,-0.9833331967145179,1.1164130061344983,1.1892025965498936,1.2689042373312556,-0.9850314050971357
922,40.173349347816426,-0.6956421248711327,0.6324991568012189,-1.5372362914547588,1.1485142145731466,-0.08896436835078225,1.0417718711405157
923,-23.073737434810692,-0.60790238042747,-0.6516710028724337,1.100859596066595,1.21045525030011,1.5776048316903586,-0.43184976155615734
924,-60.130012445194225,1.2501298569405568,-1.6983806329899278,-0.7938474322465394,-1.0489205147154552,-0.8376974431536585,-0.3856414353719505
925,43.73326249634639,1.6017479382218798,0.7687200455895089,-1.083535500694604,0.5199838284573526,-0.0978395046848431,1.3210992775684458
926,65.82673241045363,0.8659458070876481,1.3812679231775395,-0.8133843668316285,1.3701840696582812,-0.10678150764109891,1.3683260348283135
927,-34.90015337340962,-1.5263889610210934,-0.9084214471784238,-1.4008066977790983,0.8780776286451457,-1.6720810721299575,-1.6090927614461155
928,47.906721559312274,0.3846833481749837,1.4405563722044843,-1.6229752141040759,-0.007771286431408089,-1.7387835029140248,-0.19053255939742986
929,21.89701447415153,0.2954248500578182,0.808777248884324,-1.068485201671324,0.2691006170026241,-1.625170780839901,1.4763383473920162
930,34.20708423764498,0.7051287404318867,0.3162713234137757,-0.9842375326812203,0.05749579930466741,1.3374243207294023,-1.4903769022513436
931,-46.28282757810099,0.10425116295353878,-1.2298738253938786,-0.26964181747225435,0.6780902778891534,-0.3804377773726292,-0.625759000937333
932,-18.878091670324455,-1.1122440161956515,-0.0360253237633061,0.5709658699099214,1.604312070321065,-0.4061934580472345,-0.32441735720442827
933,-55.82493068966452,1.3676402980844682,-1.5742082258170298,-1.3734115654114265,-1.5489563912031086,-1.4688811485022872,-1.5962698904404027
934,54.556227392581604,0.6594642098891622,1.1267104634333092,-0.6734980407886053,-1.5654902132149415,1.3282330814594505,1.15620805386959
935,-17.664834547969658,-1.372533394245466,-0.2059615462696435,-0.046147608105419013,-0.5507303652324561,-0.06808076731963218,-1.291160864864215
936,-14.432232219341769,-0.3579207024132717,-0.2725581504898777,-0.3475511895291499,1.3910220903724821,-0.9708444106720239,1.5534995024580338
937,-76.60004759517983,-0.6196866947540896,-1.5860150983329562,1.2983453891957515,1.0848552107396428,0.3704705564512124,-1.4304290441952225
938,-49.61972822884962,0.2829743643789843,-0.3748851318617048,1.628213624995483,1.362340517096294,-0.9690375476047097,0.652680580827085
939,70.91450134715916,-1.2382098948955698,1.4130017131626786,-1.441959185339175,1.6588544874540994,-0.1689249989126811,0.1474669760714836
940,15.05704359908978,0.979997248708772,0.4497867482212793,-0.13668670153816675,0.8388547282331663,0.1021075911871996,-1.0918958000896086
941,-50.25067213756249,-1.4194318749999337,-1.5319163533285816,-1.2461329666390961,0.38618660203968797,-1.1011118456757156,1.1686768477422838
942,31.889543962187226,0.2995217597523735,0.9873189040289295,-0.5229511763280671,-1.2034153520495499,0.15465308754807017,-1.453183767083295
943,-68.40895982089324,-0.8766170019188997,-0.6787896526605963,1.769784784800446,-0.7614343150458377,-0.44307362989871746,-0.8912232998501559
944,-52.46907396039767,-1.5680948893673792,-1.4475769835626449,0.5542134852264065,0.0769696717065872,0.9788810326288868,-0.5565359633719225
945,-26.237592493118488,-1.5105860727362048,-0.9585897888250051,-1.6337072032586653,0.7436121993107355,-1.290874437123142,0.18379629039375184
946,-17.475559184220298,-0.5751073503581006,-0.6180334366302302,-1.2778992758615764,-1.7260466515418273,-0.2559674618432539,-0.5198985858141127
947,-61.573395493940055,0.6619689955415702,-1.4034398260972751,-0.12134391780008996,-0.668184587912836,-1.0136113638631807,1.7104316340670267
948,-6.943119148235676,0.033906045583987764,-0.27290985398275003,0.38758728796342146,-0.19279708110972746,1.2523908356463598,0.4242849989009077
949,60.24013923432634,-0.1509420953400872,1.1781388727328397,-1.0502988760606626,1.0653370614629685,0.6741480876988739,0.6598975837266994
950,-35.3734741875828,0.30544168143962536,-0.4383507031308563,1.2967380960824515,-1.7308170841993402,1.1068740550991096,0.30987355510583753
951,-38.773505970927516,-0.012424172146976012,-0.5896831806715969,0.013427760513715593,-1.1351571234554427,-0.7469942019368605,0.4003769775950689
952,-25.131792327289986,0.9444616054623658,-1.2041707923436218,-1.515392398836092,-0.4511002010709983,-0.22144684890797287,0.08741998124675923
953,-54.47377259739713,0.25233636344571087,-0.9163077008418813,0.7444475851855993,0.08585277761704187,-0.8999356228105521,1.694748312222562
954,-49.33868858355633,1.510608715524785,-0.5545507942391117,0.9466472555212792,-0.1098702088780441,-1.3031685533873005,-1.5048976895718533
955,-29.529161829796013,-0.15097128713196936,0.12081578764146737,1.3148507204555033,-0.5088950848592287,-0.14933114800991135,-1.3799450146520449
956,-25.64305511915966,-1.1439551667257195,-0.5132763971395702,0.788837860274645,0.9705721639334384,0.567780583422666,1.613074648372321
957,2.9299562059942894,-0.8120982976629438,0.40510408311584784,1.4867455864022134,1.4660373768910453,1.1668319619664345,1.5216263169947657
958,-45.043707224232854,-0.6529330542898336,-1.3430328282026571,-0.9190577224081733,1.2125602983997612,-1.20444406249647,-0.8686369904297492
959,-29.516264033321683,0.9791133060983198,-1.0255187634363918,0.048978137001644044,-0.3895615404594418,0.7508082089135973,0.366093779345466
960,30.384231895240827,0.5607738668147427,0.6740039105696222,-0.9439882638322973,-0.5648606347375388,-0.027366529878561596,-0.304364616668981
961,55.70235864164989,-0.22014157238120993,1.4725164758163913,0.032606505539334425,1.089564321304266,0.8048128981701597,1.4332674338110512
962,-44.18570201156421,1.5453455623664054,-0.8053960776475715,0.9109371567916114,0.7361406632269479,-0.3213808162115586,-1.4117430292774467
963,-35.206183874177555,1.7016696442172032,-0.6494844976995041,1.76856557053208,1.5105784251205328,1.0711811096958783,-1.227631254186975
964,17.043483051148485,-1.0680668834632367,1.133016280396602,1.14692591052629,0.6299482653279191,0.33075329691845445,1.008278122966857
965,7.102970662640223,1.6471378730435426,0.39763033116930463,1.1109600114301315,0.061726055542222824,1.163979088324484,0.36308753414137723
966,-83.94983749192525,-1.1736996331013705,-0.8736120702282316,1.694758359957562,0.26158571112446,-1.5250704882133685,-1.1060275767225642
967,-40.81127045442535,-1.173638600821509,-1.393719535651666,-0.16172695550596458,0.7958582061174643,0.2448486346408862,1.2981655309168085
968,-56.4147241208771,0.766998614716872,-1.7210579240423793,-0.7265010021723249,1.493000399203686,-1.0249414713655418,0.8767154865100169
969,-71.48040627375275,1.1143904361859895,-1.4106758815507632,0.805005201727876,0.8674673649540713,-1.288498693384932,1.4746725743635014
970,0.5802684594248878,-0.1640370111554346,0.1283353633296841,0.9022448114719469,1.207523992546434,1.07823104548726,0.09174808579575826
971,6.028438468980965,0.9685574771159485,0.5311545540043447,1.3979029998532555,1.3372111239363216,0.9075032745487688,-0.9802010602248473
972,-43.359374486992635,0.7187184639826343,-0.8126382829713401,0.7496147675539349,-0.5842420367748256,0.5008715528695761,-1.604751138162474
973,52.339211983728454,0.3311955948894237,1.4103566231151765,-1.408944830314138,0.9240000536498731,-0.7221422796670239,0.7991767622995669
974,-1.14139183396744,-1.445109268053778,0.10086883241073419,-0.4279717097188296,0.5511920671992445,-0.47641074187084714,0.985128185707933
975,39.80404292117734,0.1334136624056159,1.1899834469820714,0.4559333950305786,1.4402474535985472,0.8567025053760831,0.7339543641306753
976,-23.850461015041724,-1.6782490157352667,-1.2410646496497593,-1.1056005364105757,-0.05225201182774399,0.6702588338751139,0.22124912187417856
977,-27.0436392840242,0.42663103519021645,-0.9830106094825004,-1.4788031805318325,0.467645986908132,-1.0520909420823235,-1.6216962797047396
978,8.163512450009932,-0.8233059492693803,0.35282861994474296,-1.1564004818850344,-0.04184607064030882,-1.0437322328301446,-1.6134417036586801
979,17.319901332744124,1.159084575550671,0.9057824683370992,1.570731598278857,-0.27097178238283604,1.5689470775214556,-1.1881916798066752
980,23.105132049881362,-0.053025260685415423,-0.1380075526805177,-1.2095912537690465,1.1170890567440772,1.1671392378163308,-0.7329547934948908
981,15.203812580361022,-1.438442398079574,0.6372875224276623,1.0407627439479568,0.33065200605296907,1.538428523594083,1.422700691540067
982,-6.226327678953839,1.708801370927748,0.3225818003672503,-0.6912252843681057,-1.175329760079716,-1.7410647242725512,-0.9073936070664764
983,15.722272044565345,-0.28833193616526875,-0.07076722260587176,-1.64607963415729,1.3884944931321197,-0.6700836919086992,0.9316825753941699
984,16.66536830734213,0.9135080956563758,0.7016922663884066,0.05014348757209717,-0.17379787249639,-0.011796524982960284,-1.0191989652573246
985,-27.807785087413993,1.3002619330908531,-0.6241229078306008,-0.5372390662567792,-1.731461891330737,-0.5070094137044486,0.5872757876934719
986,-5.226786759325412,-0.25098711726095024,-0.08622651751082482,0.21844412400042656,-0.36976851541759415,0.6150423068406562,1.6159312656254807
987,-17.161058369308584,1.182664922673878,-0.9084113164368304,-0.5642326765055208,-0.049107419404919486,0.612108213927936,-0.6239702888931369
988,3.2190358977946882,0.8069988916520773,0.09820290355006034,-0.21196258285967656,0.8214988096655625,-0.049772555132730316,-0.8257533992047641
989,79.90887839121466,0.7509662216820537,1.3706954080009803,-1.6155609500145056,1.3142411945906463,0.3962891975125646,-1.3856935932874674
990,-46.82633676606706,-0.46206663529647346,-0.9260462381641912,1.482051959233,-0.8301391116172082,1.4094363142835367,-1.361836844396605
991,8.417923311562738,-0.5220867358799507,0.1936649562771417,0.33808044123316155,1.5849066314344287,0.8736429001428248,-0.5567241287029469
992,16.036413868771046,-1.023463050680974,0.8960638212082366,0.33623936258590326,-0.33383941045110793,0.04108752040391681,0.5830797913238241
993,-47.55015154555098,0.7540620579646524,-1.4467037414189097,0.15152807842093916,0.45599690109329866,0.32325363578373445,0.08325218662938229
994,-6.076796184291312,0.007957647850804514,-0.18255961474630023,-0.7285366080043872,1.044895633676715,-0.7611412360181231,-0.7834695604338141
995,21.07051183140731,-0.6085798427400383,1.0829133175211947,0.7895894713676844,-1.5235446948560198,1.1086986913485881,-0.19561767633685925
996,-69.09158817183355,0.24780703821154104,-0.98263231507402,1.4801086086626802,-1.2409805050034715,0.05251952956015131,-0.30552881633102386
997,7.169812986910884,1.313374881702441,1.2691582846868983,1.1768930806595839,1.5869259217768357,-1.6230685468898083,-0.44816344599785396
998,-51.335413897588566,0.6219372201258188,-1.0344303034439302,1.1008436882120016,-1.5938186196434698,0.764926050246572,-0.8004372933009062
999,-0.2696945412344136,1.5218097702939601,-0.572628349784789,-0.41986135463826707,-0.0660602516878083,1.1538083772533851,1.509616348981186
